year,city_id,crop_id,altitude,planted_area,harvested_area,production
2024,KHH,K3,Low,1275.34,1272.79,3983.466
2024,YUN,K3,Low,36.77,36.61,231.283
2024,KIN,K3,Low,0.42,0.42,1.478
2024,LIE,K3,Low,,,
2024,MLI,K3,Low,61.33,61.33,309.352
2024,HUA,K3,Low,7.11,6.65,23.943
2024,TTT,K3,Low,22.21,20.56,140.58
2024,TNN,K3,Low,3655.46,3648.97,13956.194
2024,TPE,K3,Low,1.49,1.49,7.859
2024,TXG,K3,Low,2125.79,2124.61,17655.8
2024,PEN,K3,Low,,,
2024,TYN,K3,Low,0.7,0.23,1.134
2024,HSQ,K3,Low,10.05,10.04,63.481
2024,HSC,K3,Low,,,
2024,NTP,K3,Low,0.46,0.31,2.467
2024,CHA,K3,Low,641.26,637.36,3679.195
2024,PIF,K3,Low,17.63,16.19,90.83
2024,ILA,K3,Low,7.48,5.31,36.233
2024,KEE,K3,Low,,,
2024,CYQ,K3,Low,1078.15,1071.27,6310.363
2024,CYI,K3,Low,39.1,39.1,144.769
2024,NTO,K3,Low,1315.38,1293.78,2707.769
2024,KHH,B2,Low,1450.57,970.87,51800.894
2024,YUN,B2,Low,870.62,550.45,30777.939
2024,KIN,B2,Low,,,
2024,LIE,B2,Low,,,
2024,MLI,B2,Low,1.45,1.45,50.848
2024,HUA,B2,Low,92.6,46.74,1966.694
2024,TTT,B2,Low,381.56,296.96,10286.137
2024,TNN,B2,Low,1537.15,956.14,48780.53
2024,TPE,B2,Low,,,
2024,TXG,B2,Low,167.34,158.43,7150.54
2024,PEN,B2,Low,,,
2024,TYN,B2,Low,1.14,0.36,12.713
2024,HSQ,B2,Low,0.38,0.38,7.356
2024,HSC,B2,Low,,,
2024,NTP,B2,Low,4.47,2.9,71.562
2024,CHA,B2,Low,229.28,185.83,9072.454
2024,PIF,B2,Low,3476.35,2051.92,105221.622
2024,ILA,B2,Low,32.07,20.39,562.585
2024,KEE,B2,Low,0.18,0.18,4.217
2024,CYQ,B2,Low,1455.26,920.46,47226.842
2024,CYI,B2,Low,79.17,54.65,2103.425
2024,NTO,B2,Low,965.59,769.73,43451.961
2024,KHH,A1,Low,2218.36,2198.49,46343.863
2024,YUN,A1,Low,727.7,695.47,16263.346
2024,KIN,A1,Low,0.8,0.8,11.35
2024,LIE,A1,Low,,,
2024,MLI,A1,Low,130.81,130.71,2884.106
2024,HUA,A1,Low,219.48,89.74,1155.755
2024,TTT,A1,Low,446.4,421.48,6488.195
2024,TNN,A1,Low,938.08,927.72,17059.806
2024,TPE,A1,Low,7.89,7.89,77.407
2024,TXG,A1,Low,609.76,600.67,9072.712
2024,PEN,A1,Low,2.25,2.15,33.259
2024,TYN,A1,Low,59.52,54.5,714.839
2024,HSQ,A1,Low,111.49,108.76,1852.133
2024,HSC,A1,Low,7.31,7.31,113.337
2024,NTP,A1,Low,80.38,71.67,1199.14
2024,CHA,A1,Low,128.29,126.49,2919.511
2024,PIF,A1,Low,4082.39,3948.98,100336.379
2024,ILA,A1,Low,71.33,64.96,965.534
2024,KEE,A1,Low,3.78,3.78,39.155
2024,CYQ,A1,Low,2274.66,2200.08,30514.401
2024,CYI,A1,Low,27.61,26.49,278.145
2024,NTO,A1,Low,2654.63,2644.82,41026.064
2024,KHH,V1,Low,734.09,734.09,8079.175
2024,YUN,V1,Low,282.15,282.15,4420.358
2024,KIN,V1,Low,0.74,0.74,8.888
2024,LIE,V1,Low,,,
2024,MLI,V1,Low,18.22,18.22,137.752
2024,HUA,V1,Low,16.27,16.27,120.565
2024,TTT,V1,Low,1.1,1.1,2.68
2024,TNN,V1,Low,176.15,175.45,1893.611
2024,TPE,V1,Low,0.15,0.15,1.205
2024,TXG,V1,Low,54.13,54.13,601.973
2024,PEN,V1,Low,,,
2024,TYN,V1,Low,24.87,24.87,232.542
2024,HSQ,V1,Low,11.5,11.5,112.63
2024,HSC,V1,Low,,,
2024,NTP,V1,Low,5.79,5.79,36.835
2024,CHA,V1,Low,226.4,226.4,2868.367
2024,PIF,V1,Low,393.25,393.25,4742.667
2024,ILA,V1,Low,56.53,56.53,945.552
2024,KEE,V1,Low,,,
2024,CYQ,V1,Low,346.71,346.71,3839.248
2024,CYI,V1,Low,1.59,1.59,15.988
2024,NTO,V1,Low,4.08,4.08,50.885
2024,KHH,T1,Low,347.08,347.08,4569.266
2024,YUN,T1,Low,728.82,728.82,12174.213
2024,KIN,T1,Low,2.67,2.67,40.082
2024,LIE,T1,Low,,,
2024,MLI,T1,Low,162.48,162.48,2586.629
2024,HUA,T1,Low,1542.23,1541.73,35414.078
2024,TTT,T1,Low,4.72,4.42,67.785
2024,TNN,T1,Low,1228.85,1227.91,15149.786
2024,TPE,T1,Low,,,
2024,TXG,T1,Low,233.13,233.13,4460.469
2024,PEN,T1,Low,36.67,36.65,186.607
2024,TYN,T1,Low,172.7,172.7,3149.357
2024,HSQ,T1,Low,37.7,37.7,586.483
2024,HSC,T1,Low,1.02,1.02,10.15
2024,NTP,T1,Low,56.16,56.16,766.26
2024,CHA,T1,Low,424.17,423.07,7844.089
2024,PIF,T1,Low,571.33,571.33,8943.599
2024,ILA,T1,Low,709.58,709.58,18719.551
2024,KEE,T1,Low,0.03,0.03,0.19
2024,CYQ,T1,Low,462.61,462.61,7794.659
2024,CYI,T1,Low,0.35,0.35,2.73
2024,NTO,T1,Low,55.65,55.65,680.345
2024,KHH,X69,High,0.02,0.02,0.098
2024,YUN,X69,High,,,
2024,KIN,X69,High,0.02,0.02,0.056
2024,LIE,X69,High,,,
2024,MLI,X69,High,,,
2024,HUA,X69,High,1.35,1.35,7.243
2024,TTT,X69,High,0.05,,
2024,TNN,X69,High,0.5,0.5,2.713
2024,TPE,X69,High,,,
2024,TXG,X69,High,155.2,155.2,814.8
2024,PEN,X69,High,,,
2024,TYN,X69,High,1.52,1,9.8
2024,HSQ,X69,High,0.2,0.2,1.44
2024,HSC,X69,High,,,
2024,NTP,X69,High,,,
2024,CHA,X69,High,,,
2024,PIF,X69,High,,,
2024,ILA,X69,High,,,
2024,KEE,X69,High,,,
2024,CYQ,X69,High,0.09,0.09,0.692
2024,CYI,X69,High,,,
2024,NTO,X69,High,22,22,264.176
2024,KHH,Q1,Low,404.48,404.28,5298.351
2024,YUN,Q1,Low,24,22.1,161.217
2024,KIN,Q1,Low,,,
2024,LIE,Q1,Low,,,
2024,MLI,Q1,Low,1.87,1.84,11.79
2024,HUA,Q1,Low,24.87,12.15,43.098
2024,TTT,Q1,Low,17.02,10.92,72.25
2024,TNN,Q1,Low,30.74,28.97,269.853
2024,TPE,Q1,Low,3.06,3.06,17.505
2024,TXG,Q1,Low,12.3,11.53,140.315
2024,PEN,Q1,Low,,,
2024,TYN,Q1,Low,0.22,0.06,0.387
2024,HSQ,Q1,Low,1.91,1.91,16.984
2024,HSC,Q1,Low,,,
2024,NTP,Q1,Low,0.92,,
2024,CHA,Q1,Low,5.43,5.43,34.709
2024,PIF,Q1,Low,1850.94,1837.64,27354.535
2024,ILA,Q1,Low,81.03,78.68,1172.273
2024,KEE,Q1,Low,0.45,0.45,3.31
2024,CYQ,Q1,Low,210.6,209.2,3942.243
2024,CYI,Q1,Low,,,
2024,NTO,Q1,Low,73.29,71.59,608.966
2024,KHH,H4,Low,1.6,1.3,11.538
2024,YUN,H4,Low,85.93,85.58,1296.22
2024,KIN,H4,Low,,,
2024,LIE,H4,Low,,,
2024,MLI,H4,Low,8.49,8.49,106.072
2024,HUA,H4,Low,11.81,8.81,91.983
2024,TTT,H4,Low,9.77,9.77,100.085
2024,TNN,H4,Low,20.06,20.06,315.125
2024,TPE,H4,Low,1.4,1.4,12.044
2024,TXG,H4,Low,2.52,2.22,27.28
2024,PEN,H4,Low,,,
2024,TYN,H4,Low,,,
2024,HSQ,H4,Low,5.54,5.54,68.502
2024,HSC,H4,Low,2.8,2.8,49.644
2024,NTP,H4,Low,6.14,6.14,69.657
2024,CHA,H4,Low,2.49,2.49,27.277
2024,PIF,H4,Low,8.11,8.11,71.928
2024,ILA,H4,Low,6.05,2.05,26.962
2024,KEE,H4,Low,,,
2024,CYQ,H4,Low,231,229.6,3196.192
2024,CYI,H4,Low,22.2,22.2,353.933
2024,NTO,H4,Low,2.32,1.7,20.04
2024,KHH,S1,Low,2.28,2.28,55.948
2024,YUN,S1,Low,1.29,0.5,13.86
2024,KIN,S1,Low,,,
2024,LIE,S1,Low,,,
2024,MLI,S1,Low,442.17,442.17,12177.479
2024,HUA,S1,Low,,,
2024,TTT,S1,Low,0.84,0.76,22.514
2024,TNN,S1,Low,4.02,3.19,85.753
2024,TPE,S1,Low,,,
2024,TXG,S1,Low,418.85,418.28,11155.839
2024,PEN,S1,Low,,,
2024,TYN,S1,Low,4.81,4.81,77.486
2024,HSQ,S1,Low,1.12,1.12,22.65
2024,HSC,S1,Low,0.19,0.19,5.777
2024,NTP,S1,Low,0.07,0.06,1.242
2024,CHA,S1,Low,1129.11,1128.61,29693.421
2024,PIF,S1,Low,1.2,1.1,57.129
2024,ILA,S1,Low,0.52,0.52,7.346
2024,KEE,S1,Low,0.02,,
2024,CYQ,S1,Low,5.1,5,93.119
2024,CYI,S1,Low,,,
2024,NTO,S1,Low,266,265.68,7301.839
2024,KHH,J1,Low,3037.14,3036.84,10431.365
2024,YUN,J1,Low,78.72,77.77,507.66
2024,KIN,J1,Low,0.01,0.01,0.049
2024,LIE,J1,Low,,,
2024,MLI,J1,Low,27.54,27.54,166.939
2024,HUA,J1,Low,4.01,3.16,13.056
2024,TTT,J1,Low,102.32,102.32,608.128
2024,TNN,J1,Low,815.04,812.93,4927.052
2024,TPE,J1,Low,,,
2024,TXG,J1,Low,1785.18,1777.26,11027.892
2024,PEN,J1,Low,,,
2024,TYN,J1,Low,0.46,,
2024,HSQ,J1,Low,3.52,3.52,22.175
2024,HSC,J1,Low,36.38,36.38,104.65
2024,NTP,J1,Low,,,
2024,CHA,J1,Low,876.2,859.07,4796.133
2024,PIF,J1,Low,469.98,463.18,2193.004
2024,ILA,J1,Low,1.71,0.14,0.744
2024,KEE,J1,Low,,,
2024,CYQ,J1,Low,925.86,925.86,7199.202
2024,CYI,J1,Low,47.06,47.06,72.199
2024,NTO,J1,Low,1322.37,1308.23,3066.717
2024,KHH,45,Low,2.03,2.03,21.771
2024,YUN,45,Low,3.15,3.15,19.19
2024,KIN,45,Low,,,
2024,LIE,45,Low,,,
2024,MLI,45,Low,536.96,536.96,6829.501
2024,HUA,45,Low,2.08,2.08,15.16
2024,TTT,45,Low,0.47,0.47,5.123
2024,TNN,45,Low,3.25,3.25,36.44
2024,TPE,45,Low,2.95,2.95,28.173
2024,TXG,45,Low,15.31,15.31,152.117
2024,PEN,45,Low,,,
2024,TYN,45,Low,5.72,5.72,65.667
2024,HSQ,45,Low,7.37,7.37,67.395
2024,HSC,45,Low,0.4,0.4,2.6
2024,NTP,45,Low,0.66,0.66,6.562
2024,CHA,45,Low,2.59,2.59,25.5
2024,PIF,45,Low,0.4,0.4,3.36
2024,ILA,45,Low,0.4,0.4,3.96
2024,KEE,45,Low,,,
2024,CYQ,45,Low,3.34,3.34,40.685
2024,CYI,45,Low,,,
2024,NTO,45,Low,10.46,10.46,83.466
2024,KHH,R1,Low,1898.71,1888.87,8199.331
2024,YUN,R1,Low,161.47,159.77,1735.558
2024,KIN,R1,Low,,,
2024,LIE,R1,Low,,,
2024,MLI,R1,Low,17.55,17.45,181.481
2024,HUA,R1,Low,116.62,84.12,610.457
2024,TTT,R1,Low,390.95,367.64,3119.83
2024,TNN,R1,Low,7203.55,7179.03,61914.224
2024,TPE,R1,Low,,,
2024,TXG,R1,Low,118.25,116.23,1148.107
2024,PEN,R1,Low,,,
2024,TYN,R1,Low,5.24,2.26,19.281
2024,HSQ,R1,Low,4.22,4.21,28.382
2024,HSC,R1,Low,1.4,1,11.4
2024,NTP,R1,Low,3.46,2.34,15.154
2024,CHA,R1,Low,164.32,153.06,1362.69
2024,PIF,R1,Low,5784.91,5640.72,49626.726
2024,ILA,R1,Low,9.28,5.94,57.62
2024,KEE,R1,Low,0.1,0.1,0.474
2024,CYQ,R1,Low,294.29,288.65,2765.993
2024,CYI,R1,Low,21.16,21.16,184.725
2024,NTO,R1,Low,126.7,114.36,1205.879
2024,KHH,51,Low,44.02,42.16,600.095
2024,YUN,51,Low,9.79,9.39,150.745
2024,KIN,51,Low,0.26,0.26,2.1
2024,LIE,51,Low,,,
2024,MLI,51,Low,17.93,17.93,352.11
2024,HUA,51,Low,8.09,8.09,92.905
2024,TTT,51,Low,25.38,24.17,313.296
2024,TNN,51,Low,38.59,35.71,591.438
2024,TPE,51,Low,1.62,1.62,20.422
2024,TXG,51,Low,69.48,69.48,1331.288
2024,PEN,51,Low,,,
2024,TYN,51,Low,2.68,2.47,30.64
2024,HSQ,51,Low,3.41,3.41,51.551
2024,HSC,51,Low,,,
2024,NTP,51,Low,5.74,5.55,60.512
2024,CHA,51,Low,22.09,21.28,239.521
2024,PIF,51,Low,47.42,46.98,481.692
2024,ILA,51,Low,5.06,3.48,35.39
2024,KEE,51,Low,0.42,0.41,1.561
2024,CYQ,51,Low,27.96,27.86,283.232
2024,CYI,51,Low,1.21,1.21,11.328
2024,NTO,51,Low,669.29,656.05,15651.23
2024,KHH,H2,Low,5.24,5.07,48.875
2024,YUN,H2,Low,40.42,40.42,586.989
2024,KIN,H2,Low,0.04,0.04,0.32
2024,LIE,H2,Low,,,
2024,MLI,H2,Low,48.35,48.35,724.523
2024,HUA,H2,Low,15.87,14.87,140.152
2024,TTT,H2,Low,53.37,53.37,658.772
2024,TNN,H2,Low,268.76,267.98,5218.096
2024,TPE,H2,Low,4.44,4.44,43.698
2024,TXG,H2,Low,6.62,5.42,56.431
2024,PEN,H2,Low,0.02,,
2024,TYN,H2,Low,0.31,0.28,3.194
2024,HSQ,H2,Low,0.5,0.5,8.25
2024,HSC,H2,Low,3.56,3.56,39.27
2024,NTP,H2,Low,4.85,4.51,66.826
2024,CHA,H2,Low,76.7,76.7,858.184
2024,PIF,H2,Low,0.3,,
2024,ILA,H2,Low,2.9,2.9,46.867
2024,KEE,H2,Low,,,
2024,CYQ,H2,Low,62.21,62.21,674.253
2024,CYI,H2,Low,12.4,12.4,172.848
2024,NTO,H2,Low,22.52,22.22,260.91
2024,KHH,31,Low,11.64,11.54,96.78
2024,YUN,31,Low,7.64,7.54,98.796
2024,KIN,31,Low,,,
2024,LIE,31,Low,,,
2024,MLI,31,Low,0.68,0.68,6.381
2024,HUA,31,Low,16.72,13.52,152.676
2024,TTT,31,Low,4953.35,4806.39,16135.371
2024,TNN,31,Low,74.41,74.41,1101.209
2024,TPE,31,Low,,,
2024,TXG,31,Low,33.27,32.79,412.02
2024,PEN,31,Low,0.27,0.27,0.762
2024,TYN,31,Low,0.1,0.1,0.36
2024,HSQ,31,Low,0.5,0.5,3
2024,HSC,31,Low,,,
2024,NTP,31,Low,0.21,0.15,0.606
2024,CHA,31,Low,20.6,20.2,175.973
2024,PIF,31,Low,19.51,13.06,122.912
2024,ILA,31,Low,0.52,0.22,2.328
2024,KEE,31,Low,,,
2024,CYQ,31,Low,3.22,3.22,27.184
2024,CYI,31,Low,,,
2024,NTO,31,Low,4.55,4.35,65.799
2024,KHH,72,Low,464.76,464.76,11365.46
2024,YUN,72,Low,473.22,473.22,12244.254
2024,KIN,72,Low,0.79,0.79,15.36
2024,LIE,72,Low,,,
2024,MLI,72,Low,195.39,195.39,4161.784
2024,HUA,72,Low,39.28,39.28,539.483
2024,TTT,72,Low,47.19,47.19,1074.168
2024,TNN,72,Low,418.72,418.72,10075.781
2024,TPE,72,Low,16.42,16.42,236.403
2024,TXG,72,Low,128.17,128.17,2910.786
2024,PEN,72,Low,7.72,7.72,77.577
2024,TYN,72,Low,10.2,10.18,158.858
2024,HSQ,72,Low,48.7,48.7,952.429
2024,HSC,72,Low,0.45,0.45,7.35
2024,NTP,72,Low,2.77,2.77,31.166
2024,CHA,72,Low,292.01,292.01,7470.119
2024,PIF,72,Low,58.79,58.61,1450.745
2024,ILA,72,Low,54.63,54.03,1370.98
2024,KEE,72,Low,0.04,0.04,0.38
2024,CYQ,72,Low,831.34,831.34,17197.022
2024,CYI,72,Low,4.97,4.97,93.372
2024,NTO,72,Low,541.48,541.48,11967.307
2024,KHH,P1,Low,2754.14,2719.09,55421.19
2024,YUN,P1,Low,362.46,356.19,7899.715
2024,KIN,P1,Low,1.17,1.17,13.335
2024,LIE,P1,Low,,,
2024,MLI,P1,Low,56.75,55.07,957.448
2024,HUA,P1,Low,78.62,67.78,877.884
2024,TTT,P1,Low,117.49,111.14,1692.121
2024,TNN,P1,Low,1637.19,1603.47,29364.945
2024,TPE,P1,Low,3.15,3.15,28.953
2024,TXG,P1,Low,145.02,140.78,2658.195
2024,PEN,P1,Low,5.31,5.28,23.639
2024,TYN,P1,Low,33.14,26.06,290.045
2024,HSQ,P1,Low,24.89,23.64,409.883
2024,HSC,P1,Low,10.32,10.32,183.851
2024,NTP,P1,Low,51.44,44.78,495.477
2024,CHA,P1,Low,1374.27,1350.53,39008.254
2024,PIF,P1,Low,612.79,562.07,12331.965
2024,ILA,P1,Low,193.7,185.62,3299.511
2024,KEE,P1,Low,0.19,0.19,1.317
2024,CYQ,P1,Low,378.07,366.22,7091.299
2024,CYI,P1,Low,11.34,11.34,199.347
2024,NTO,P1,Low,177.2,166.64,3235.562
2024,KHH,C5,Low,,,
2024,YUN,C5,Low,0.9,0.9,18
2024,KIN,C5,Low,,,
2024,LIE,C5,Low,,,
2024,MLI,C5,Low,2.65,2.65,23.475
2024,HUA,C5,Low,,,
2024,TTT,C5,Low,0.93,0.93,7.084
2024,TNN,C5,Low,1.56,1.56,29.074
2024,TPE,C5,Low,,,
2024,TXG,C5,Low,0.68,0.68,8.116
2024,PEN,C5,Low,,,
2024,TYN,C5,Low,0.3,,
2024,HSQ,C5,Low,,,
2024,HSC,C5,Low,,,
2024,NTP,C5,Low,,,
2024,CHA,C5,Low,,,
2024,PIF,C5,Low,,,
2024,ILA,C5,Low,1.02,1.02,13.541
2024,KEE,C5,Low,,,
2024,CYQ,C5,Low,0.69,0.69,7.608
2024,CYI,C5,Low,,,
2024,NTO,C5,Low,,,
2024,KHH,W1,Low,119.71,119.71,1400.809
2024,YUN,W1,Low,243.88,243.88,4460.875
2024,KIN,W1,Low,,,
2024,LIE,W1,Low,,,
2024,MLI,W1,Low,0.9,0.9,8.3
2024,HUA,W1,Low,1.5,1.5,17
2024,TTT,W1,Low,23.34,23.34,137.08
2024,TNN,W1,Low,881.76,881.76,9887.539
2024,TPE,W1,Low,0.08,0.08,0.493
2024,TXG,W1,Low,10.31,10.31,138.064
2024,PEN,W1,Low,33.68,33.68,200.339
2024,TYN,W1,Low,27.11,27.11,328.456
2024,HSQ,W1,Low,29.02,29.02,264.706
2024,HSC,W1,Low,,,
2024,NTP,W1,Low,0.04,0.04,0.44
2024,CHA,W1,Low,96.44,96.44,1694.848
2024,PIF,W1,Low,78.59,78.59,697.51
2024,ILA,W1,Low,36.95,36.95,704.04
2024,KEE,W1,Low,,,
2024,CYQ,W1,Low,311.96,311.96,4101.969
2024,CYI,W1,Low,0.15,0.15,1.875
2024,NTO,W1,Low,3.81,3.81,52.815
2024,KHH,F1,Low,181.11,180.71,2106.778
2024,YUN,F1,Low,30.15,29.53,344.484
2024,KIN,F1,Low,0.17,0.17,1.685
2024,LIE,F1,Low,,,
2024,MLI,F1,Low,3.94,3.94,38.249
2024,HUA,F1,Low,47.29,33.94,275.248
2024,TTT,F1,Low,88.06,86.56,832.859
2024,TNN,F1,Low,61.16,53.39,640.451
2024,TPE,F1,Low,0.65,0.65,3.9
2024,TXG,F1,Low,51.68,50.84,680.5
2024,PEN,F1,Low,0.05,0.05,0.78
2024,TYN,F1,Low,7.9,4.03,34.874
2024,HSQ,F1,Low,5.13,5.08,63.204
2024,HSC,F1,Low,,,
2024,NTP,F1,Low,2.43,1.1,9.671
2024,CHA,F1,Low,53.1,52.52,608.268
2024,PIF,F1,Low,1700.82,1636.22,22139.742
2024,ILA,F1,Low,8.77,7.32,88.32
2024,KEE,F1,Low,,,
2024,CYQ,F1,Low,82.79,73.39,890.35
2024,CYI,F1,Low,1.9,1.9,21.168
2024,NTO,F1,Low,79.87,65.12,912.222
2024,KHH,G7,Low,5.26,4.95,45.1
2024,YUN,G7,Low,0.23,0.12,0.78
2024,KIN,G7,Low,,,
2024,LIE,G7,Low,,,
2024,MLI,G7,Low,18.87,18.87,141.553
2024,HUA,G7,Low,3.13,3.13,27.375
2024,TTT,G7,Low,35.89,32.19,181.446
2024,TNN,G7,Low,19.98,19.98,118.965
2024,TPE,G7,Low,,,
2024,TXG,G7,Low,16.02,15.71,122.195
2024,PEN,G7,Low,,,
2024,TYN,G7,Low,2.02,,
2024,HSQ,G7,Low,43.27,43.27,352.049
2024,HSC,G7,Low,,,
2024,NTP,G7,Low,,,
2024,CHA,G7,Low,2.53,0.9,6.175
2024,PIF,G7,Low,0.23,0.05,0.403
2024,ILA,G7,Low,0.07,0.07,0.441
2024,KEE,G7,Low,,,
2024,CYQ,G7,Low,6.28,6.28,55.882
2024,CYI,G7,Low,2.2,2.2,13.592
2024,NTO,G7,Low,32.66,32.66,255.14
2024,KHH,M3,Low,5.89,5.89,57.878
2024,YUN,M3,Low,10.38,10.38,121.296
2024,KIN,M3,Low,0.05,0.05,0.42
2024,LIE,M3,Low,,,
2024,MLI,M3,Low,35.21,35.21,470.845
2024,HUA,M3,Low,0.09,0.09,0.648
2024,TTT,M3,Low,3.85,2.45,21.112
2024,TNN,M3,Low,167.76,164.96,1855.907
2024,TPE,M3,Low,1.66,1.66,10.885
2024,TXG,M3,Low,33.15,32.21,549.756
2024,PEN,M3,Low,,,
2024,TYN,M3,Low,0.05,0.05,0.135
2024,HSQ,M3,Low,4.6,4.6,45.398
2024,HSC,M3,Low,,,
2024,NTP,M3,Low,,,
2024,CHA,M3,Low,61.5,59.78,350.914
2024,PIF,M3,Low,10.18,9.83,101.32
2024,ILA,M3,Low,5.52,5.51,45.066
2024,KEE,M3,Low,0.02,0.02,0.136
2024,CYQ,M3,Low,4.59,4.59,47.934
2024,CYI,M3,Low,0.1,0.1,0.6
2024,NTO,M3,Low,22.4,22,216
2024,KHH,C1,Low,1.02,1.02,9.52
2024,YUN,C1,Low,422.48,421.6,7423.254
2024,KIN,C1,Low,,,
2024,LIE,C1,Low,,,
2024,MLI,C1,Low,381.67,381.67,6068.431
2024,HUA,C1,Low,8.95,8.95,91.552
2024,TTT,C1,Low,18.89,18.59,175.013
2024,TNN,C1,Low,893.12,892.77,24918.64
2024,TPE,C1,Low,6.64,6.64,46.763
2024,TXG,C1,Low,1387.28,1363.59,24992.403
2024,PEN,C1,Low,,,
2024,TYN,C1,Low,1.38,1.03,16.561
2024,HSQ,C1,Low,212.91,212.91,3366.915
2024,HSC,C1,Low,,,
2024,NTP,C1,Low,1.3,1.1,7.538
2024,CHA,C1,Low,5.35,5.35,91.978
2024,PIF,C1,Low,,,
2024,ILA,C1,Low,5.25,4.55,66.553
2024,KEE,C1,Low,,,
2024,CYQ,C1,Low,1490.36,1484.51,24596.533
2024,CYI,C1,Low,0.7,0.7,14.79
2024,NTO,C1,Low,36.8,36.3,494.525
2024,KHH,22,Low,718.08,715.8,12978.585
2024,YUN,22,Low,17.43,17.43,227.281
2024,KIN,22,Low,0.02,0.02,0.15
2024,LIE,22,Low,,,
2024,MLI,22,Low,97.82,97.82,754.979
2024,HUA,22,Low,,,
2024,TTT,22,Low,2.51,2.51,24.535
2024,TNN,22,Low,268.95,268.6,4403.459
2024,TPE,22,Low,,,
2024,TXG,22,Low,10.42,10.42,136.47
2024,PEN,22,Low,,,
2024,TYN,22,Low,0.61,0.23,0.866
2024,HSQ,22,Low,0.47,0.47,2.35
2024,HSC,22,Low,,,
2024,NTP,22,Low,0.03,,
2024,CHA,22,Low,5.9,5.2,54.733
2024,PIF,22,Low,528.15,515.6,9373.39
2024,ILA,22,Low,0.05,,
2024,KEE,22,Low,,,
2024,CYQ,22,Low,63.32,63.32,591.495
2024,CYI,22,Low,0.2,0.2,2.32
2024,NTO,22,Low,28.91,25.5,298.388
2024,KHH,O10,High,16.54,15.54,123.064
2024,YUN,O10,High,1.19,1.09,13.329
2024,KIN,O10,High,,,
2024,LIE,O10,High,,,
2024,MLI,O10,High,1194.82,1194.82,26636.968
2024,HUA,O10,High,10.69,10.69,73.94
2024,TTT,O10,High,10.29,10.21,68.066
2024,TNN,O10,High,2.78,2.77,26.918
2024,TPE,O10,High,0.25,0.25,1.62
2024,TXG,O10,High,3304.33,3303.34,52922.932
2024,PEN,O10,High,,,
2024,TYN,O10,High,10.43,8.93,55.271
2024,HSQ,O10,High,119.53,119.53,1796.317
2024,HSC,O10,High,,,
2024,NTP,O10,High,12.12,9.83,72.277
2024,CHA,O10,High,28.5,28.5,255.835
2024,PIF,O10,High,2.49,2.49,23.738
2024,ILA,O10,High,54.12,51.28,736.797
2024,KEE,O10,High,,,
2024,CYQ,O10,High,78.08,77.28,1575.313
2024,CYI,O10,High,,,
2024,NTO,O10,High,10,9.9,98.91
2024,KHH,41,High,1390.02,1390.02,5838.984
2024,YUN,41,High,22,22,97.24
2024,KIN,41,High,,,
2024,LIE,41,High,,,
2024,MLI,41,High,26.63,26.63,187.34
2024,HUA,41,High,57.79,57.39,148.316
2024,TTT,41,High,420.99,416.54,1018.899
2024,TNN,41,High,313.75,313.65,1419.81
2024,TPE,41,High,0.3,0.3,0.938
2024,TXG,41,High,103.16,102.66,603.722
2024,PEN,41,High,,,
2024,TYN,41,High,1.29,1.16,5.046
2024,HSQ,41,High,1.85,1.85,9.375
2024,HSC,41,High,,,
2024,NTP,41,High,0.42,0.39,1.261
2024,CHA,41,High,1.03,1.03,4.752
2024,PIF,41,High,1,1,6.22
2024,ILA,41,High,0.2,,
2024,KEE,41,High,,,
2024,CYQ,41,High,57.17,57.17,348.705
2024,CYI,41,High,,,
2024,NTO,41,High,851.66,827.06,3670.66
2024,KHH,D1,Low,0.41,0.41,3.423
2024,YUN,D1,Low,0.48,0.48,7.67
2024,KIN,D1,Low,,,
2024,LIE,D1,Low,,,
2024,MLI,D1,Low,727.06,722.36,11800.719
2024,HUA,D1,Low,17.15,17.15,159.382
2024,TTT,D1,Low,159.14,159.14,2125.918
2024,TNN,D1,Low,4.07,4.07,58.299
2024,TPE,D1,Low,27.36,27.36,227.514
2024,TXG,D1,Low,528.36,514.59,10517.006
2024,PEN,D1,Low,,,
2024,TYN,D1,Low,48.64,47,806.91
2024,HSQ,D1,Low,1250.39,1250.39,19334.371
2024,HSC,D1,Low,2.21,2.21,37.899
2024,NTP,D1,Low,63.26,60.55,680.646
2024,CHA,D1,Low,1.49,1.49,17.049
2024,PIF,D1,Low,,,
2024,ILA,D1,Low,90,86.22,1103.859
2024,KEE,D1,Low,,,
2024,CYQ,D1,Low,5.45,5.45,83.988
2024,CYI,D1,Low,,,
2024,NTO,D1,Low,7.35,7.35,86.094
2024,KHH,Y1,High,63.59,63,283.333
2024,YUN,Y1,High,6.89,6.68,40.703
2024,KIN,Y1,High,,,
2024,LIE,Y1,High,,,
2024,MLI,Y1,High,99.71,99.71,793.467
2024,HUA,Y1,High,13.01,12.81,80.069
2024,TTT,Y1,High,29.16,28.72,130.156
2024,TNN,Y1,High,4.24,3.02,27.179
2024,TPE,Y1,High,,,
2024,TXG,Y1,High,1215.21,1197.77,10684.874
2024,PEN,Y1,High,,,
2024,TYN,Y1,High,228.47,227.41,1746.124
2024,HSQ,Y1,High,117.94,117.94,937.628
2024,HSC,Y1,High,,,
2024,NTP,Y1,High,3.82,2.29,16.976
2024,CHA,Y1,High,6.21,4.26,30.766
2024,PIF,Y1,High,5.65,5.5,38.427
2024,ILA,Y1,High,10.97,10.89,104.182
2024,KEE,Y1,High,0.03,0.03,0.21
2024,CYQ,Y1,High,34.05,33.35,364.125
2024,CYI,Y1,High,,,
2024,NTO,Y1,High,124.02,118.47,839.243
2024,KHH,Z4,High,15.14,14.84,71.423
2024,YUN,Z4,High,9.98,9.98,79.89
2024,KIN,Z4,High,,,
2024,LIE,Z4,High,,,
2024,MLI,Z4,High,377.82,377.82,2855.049
2024,HUA,Z4,High,21.28,20.98,107.385
2024,TTT,Z4,High,79,72.75,415.093
2024,TNN,Z4,High,2.93,2.93,22.384
2024,TPE,Z4,High,2.66,2.66,16.782
2024,TXG,Z4,High,3342.77,3341.97,37616.718
2024,PEN,Z4,High,,,
2024,TYN,Z4,High,63.82,63.8,689.04
2024,HSQ,Z4,High,217.22,217.22,1797.254
2024,HSC,Z4,High,,,
2024,NTP,Z4,High,12.15,9.76,51.437
2024,CHA,Z4,High,0.23,0.23,1.832
2024,PIF,Z4,High,0.15,0.1,0.652
2024,ILA,Z4,High,15.34,14.98,175.804
2024,KEE,Z4,High,,,
2024,CYQ,Z4,High,323.17,321.67,3481.249
2024,CYI,Z4,High,,,
2024,NTO,Z4,High,165.63,165.63,1084.729
2024,KHH,E1,Low,12.01,12.01,143.105
2024,YUN,E1,Low,1289.41,1281.74,31560.645
2024,KIN,E1,Low,0.04,0.04,0.37
2024,LIE,E1,Low,,,
2024,MLI,E1,Low,12.32,12.12,189.707
2024,HUA,E1,Low,25.62,24.45,208.876
2024,TTT,E1,Low,23.59,23.59,250.058
2024,TNN,E1,Low,1711.41,1704.57,38431.684
2024,TPE,E1,Low,3.3,3.3,20.196
2024,TXG,E1,Low,29.09,20.77,400.436
2024,PEN,E1,Low,,,
2024,TYN,E1,Low,2.51,2.32,23.358
2024,HSQ,E1,Low,71.8,71.8,1426.625
2024,HSC,E1,Low,,,
2024,NTP,E1,Low,3.76,3.62,35.314
2024,CHA,E1,Low,20.66,20.61,387.521
2024,PIF,E1,Low,5.18,5,49.348
2024,ILA,E1,Low,45.97,44.44,593.783
2024,KEE,E1,Low,,,
2024,CYQ,E1,Low,929.32,905.33,15456.321
2024,CYI,E1,Low,45.5,45.5,690.69
2024,NTO,E1,Low,420.43,413.43,8378.152
2024,KHH,L1,Low,0.51,0.51,3.437
2024,YUN,L1,Low,0.2,0.2,0.931
2024,KIN,L1,Low,,,
2024,LIE,L1,Low,,,
2024,MLI,L1,Low,34.35,34.35,235.476
2024,HUA,L1,Low,3.52,3.5,21.249
2024,TTT,L1,Low,130.49,119.19,613.537
2024,TNN,L1,Low,0.03,0.03,0.196
2024,TPE,L1,Low,0.01,0.01,0.057
2024,TXG,L1,Low,620.85,619.85,4048.204
2024,PEN,L1,Low,,,
2024,TYN,L1,Low,6.92,6.9,51.75
2024,HSQ,L1,Low,0.67,0.67,3.47
2024,HSC,L1,Low,,,
2024,NTP,L1,Low,0.06,0.02,0.041
2024,CHA,L1,Low,0.09,,
2024,PIF,L1,Low,,,
2024,ILA,L1,Low,1.94,1.42,9.696
2024,KEE,L1,Low,,,
2024,CYQ,L1,Low,0.11,0.11,0.7
2024,CYI,L1,Low,,,
2024,NTO,L1,Low,84.06,83.74,566.222
2024,KHH,N3,High,146.99,146.99,608.313
2024,YUN,N3,High,1.3,1.3,4.16
2024,KIN,N3,High,,,
2024,LIE,N3,High,,,
2024,MLI,N3,High,493.11,492.51,3738.18
2024,HUA,N3,High,2.41,2.16,11.416
2024,TTT,N3,High,114.82,114.37,726.334
2024,TNN,N3,High,1.06,1.06,9.873
2024,TPE,N3,High,,,
2024,TXG,N3,High,235.39,235.39,2049.324
2024,PEN,N3,High,,,
2024,TYN,N3,High,2.67,2.55,7.038
2024,HSQ,N3,High,27.6,27.6,257.995
2024,HSC,N3,High,,,
2024,NTP,N3,High,2.41,2.34,10.19
2024,CHA,N3,High,1.2,1.2,10.8
2024,PIF,N3,High,7.33,7.33,48.424
2024,ILA,N3,High,12.72,12.72,187.927
2024,KEE,N3,High,,,
2024,CYQ,N3,High,14.51,14.51,83.91
2024,CYI,N3,High,,,
2024,NTO,N3,High,186.87,184.92,1788.783
2024,KHH,I1,Low,273.79,273.73,12115.28
2024,YUN,I1,Low,165.24,161.98,6521.053
2024,KIN,I1,Low,0.27,0.27,5.57
2024,LIE,I1,Low,,,
2024,MLI,I1,Low,31.08,31.08,972.685
2024,HUA,I1,Low,11.45,9.9,177.926
2024,TTT,I1,Low,62.24,56.94,1540.736
2024,TNN,I1,Low,648.81,607.53,26577.896
2024,TPE,I1,Low,3.02,3.02,49.185
2024,TXG,I1,Low,21.44,20.82,799.179
2024,PEN,I1,Low,1.11,1,4.887
2024,TYN,I1,Low,5.94,4.54,88.574
2024,HSQ,I1,Low,6.1,6.1,236.217
2024,HSC,I1,Low,0.22,0.22,10.574
2024,NTP,I1,Low,3.22,3.02,57.651
2024,CHA,I1,Low,38.58,35.93,1319.459
2024,PIF,I1,Low,692.37,669.77,30265.927
2024,ILA,I1,Low,3.33,2.33,54.908
2024,KEE,I1,Low,0.06,0.06,0.626
2024,CYQ,I1,Low,259.26,246.56,9764.028
2024,CYI,I1,Low,8.55,8.55,343.845
2024,NTO,I1,Low,426.92,361.79,14704.837
2024,KHH,H1,Low,15.82,15.82,147.734
2024,YUN,H1,Low,234.48,228.53,4822.874
2024,KIN,H1,Low,0.11,0.11,0.672
2024,LIE,H1,Low,,,
2024,MLI,H1,Low,455.22,453.67,6061.266
2024,HUA,H1,Low,849.19,797.37,13795.655
2024,TTT,H1,Low,85.39,83.59,1216.829
2024,TNN,H1,Low,1075.57,1060.28,24670.323
2024,TPE,H1,Low,14.42,14.42,109.979
2024,TXG,H1,Low,85.87,85.4,1197.528
2024,PEN,H1,Low,,,
2024,TYN,H1,Low,25.92,23.54,222.976
2024,HSQ,H1,Low,67.77,67.77,743.69
2024,HSC,H1,Low,8.65,8.65,103.043
2024,NTP,H1,Low,431.08,409.16,5249.148
2024,CHA,H1,Low,24.04,24.04,364.067
2024,PIF,H1,Low,1.09,0.56,6.473
2024,ILA,H1,Low,208.72,177.37,2542.318
2024,KEE,H1,Low,17.07,17.07,162.728
2024,CYQ,H1,Low,159.55,159.55,2139.236
2024,CYI,H1,Low,3.4,3.4,34.85
2024,NTO,H1,Low,79.67,79.57,1191.237
2024,KHH,11,Low,410.14,409.94,3636.651
2024,YUN,11,Low,2.53,2.38,20.99
2024,KIN,11,Low,,,
2024,LIE,11,Low,,,
2024,MLI,11,Low,0.01,0.01,0.052
2024,HUA,11,Low,29.09,21.6,95.127
2024,TTT,11,Low,582.16,551.67,3997.236
2024,TNN,11,Low,131.67,130.31,1617.6
2024,TPE,11,Low,,,
2024,TXG,11,Low,0.54,0.13,1.047
2024,PEN,11,Low,0.03,,
2024,TYN,11,Low,,,
2024,HSQ,11,Low,,,
2024,HSC,11,Low,,,
2024,NTP,11,Low,,,
2024,CHA,11,Low,0.1,0.1,0.7
2024,PIF,11,Low,692.85,653.21,5412.593
2024,ILA,11,Low,0.45,,
2024,KEE,11,Low,,,
2024,CYQ,11,Low,12.79,9.59,96.518
2024,CYI,11,Low,0.78,0.58,5.024
2024,NTO,11,Low,1.1,1.05,9.079
2023,KHH,K3,Low,1363.58,1360.33,7652.175
2023,YUN,K3,Low,33.98,33.82,208.267
2023,KIN,K3,Low,0.42,0.42,1.624
2023,LIE,K3,Low,,,
2023,MLI,K3,Low,62.53,62.53,395.105
2023,HUA,K3,Low,7.4,3.3,12.524
2023,TTT,K3,Low,21.37,20.47,142.914
2023,TNN,K3,Low,3691.1,3690.4,20884.938
2023,TPE,K3,Low,1.53,1.53,8.577
2023,TXG,K3,Low,2164.74,2163.76,20253.332
2023,PEN,K3,Low,,,
2023,TYN,K3,Low,0.44,0.2,0.97
2023,HSQ,K3,Low,9.76,9.76,63.322
2023,HSC,K3,Low,,,
2023,NTP,K3,Low,0.45,0.3,2.437
2023,CHA,K3,Low,648.94,646.44,5276.329
2023,PIF,K3,Low,18.25,12.11,81.471
2023,ILA,K3,Low,7.31,5.85,42.743
2023,KEE,K3,Low,,,
2023,CYQ,K3,Low,1056.18,1049.2,7344.868
2023,CYI,K3,Low,39.1,39.1,302.784
2023,NTO,K3,Low,1309.98,1295.43,7710.493
2023,KHH,B2,Low,1510.99,975.62,50071.612
2023,YUN,B2,Low,881.57,553.84,31128.815
2023,KIN,B2,Low,,,
2023,LIE,B2,Low,,,
2023,MLI,B2,Low,2.5,2.5,82.45
2023,HUA,B2,Low,99.31,46.85,1795.213
2023,TTT,B2,Low,343.32,266.16,9441.311
2023,TNN,B2,Low,1574.76,1008.11,54819.342
2023,TPE,B2,Low,,,
2023,TXG,B2,Low,167.66,155.04,7202.842
2023,PEN,B2,Low,0.1,0.1,2.7
2023,TYN,B2,Low,1.06,0.43,17.86
2023,HSQ,B2,Low,0.39,0.39,7.02
2023,HSC,B2,Low,,,
2023,NTP,B2,Low,4.19,2.65,67.051
2023,CHA,B2,Low,216.89,185.5,9645.87
2023,PIF,B2,Low,3482.96,2144.27,116268.921
2023,ILA,B2,Low,33.42,24.14,637.948
2023,KEE,B2,Low,0.17,0.17,4.28
2023,CYQ,B2,Low,1473.98,955.3,52380.703
2023,CYI,B2,Low,78.01,52.88,2256.295
2023,NTO,B2,Low,997.28,756.09,42790.054
2023,KHH,A1,Low,2219.27,2168.54,50659.086
2023,YUN,A1,Low,700.29,685.19,24944.519
2023,KIN,A1,Low,0.8,0.8,12.2
2023,LIE,A1,Low,,,
2023,MLI,A1,Low,128.06,126.96,2975.845
2023,HUA,A1,Low,221.19,177.33,3831.197
2023,TTT,A1,Low,466.67,443.3,6848.248
2023,TNN,A1,Low,955.11,952.04,19376.703
2023,TPE,A1,Low,7.78,7.78,126.578
2023,TXG,A1,Low,611.12,597.26,9823.837
2023,PEN,A1,Low,2.15,2.07,33.279
2023,TYN,A1,Low,63.39,58.94,772.673
2023,HSQ,A1,Low,107.23,107.23,2036.092
2023,HSC,A1,Low,7.31,7.31,131.094
2023,NTP,A1,Low,79.75,71.93,1284.953
2023,CHA,A1,Low,113.48,112.18,2663.522
2023,PIF,A1,Low,4013.37,3883.22,105763.356
2023,ILA,A1,Low,69.28,63.48,1447.243
2023,KEE,A1,Low,4.44,4.44,50.194
2023,CYQ,A1,Low,2344.95,2280.82,50570.994
2023,CYI,A1,Low,28.5,28.2,503.73
2023,NTO,A1,Low,2722,2712.49,49506.244
2023,KHH,V1,Low,772.7,772.7,8954.681
2023,YUN,V1,Low,208.19,208.19,3250.483
2023,KIN,V1,Low,1.13,1.13,12.314
2023,LIE,V1,Low,,,
2023,MLI,V1,Low,15.32,15.32,111.96
2023,HUA,V1,Low,14.12,14.12,120.306
2023,TTT,V1,Low,,,
2023,TNN,V1,Low,109.69,109.69,1283.59
2023,TPE,V1,Low,0.15,0.15,1.25
2023,TXG,V1,Low,15.88,15.88,169.807
2023,PEN,V1,Low,,,
2023,TYN,V1,Low,15.6,15.6,178.745
2023,HSQ,V1,Low,11.44,11.44,114.468
2023,HSC,V1,Low,,,
2023,NTP,V1,Low,6.08,6.08,42.449
2023,CHA,V1,Low,136.66,136.66,1809.386
2023,PIF,V1,Low,447.16,447.16,5552.841
2023,ILA,V1,Low,53.62,53.62,914.398
2023,KEE,V1,Low,,,
2023,CYQ,V1,Low,299.48,299.48,3289.674
2023,CYI,V1,Low,1.42,1.42,16.249
2023,NTO,V1,Low,2.4,2.4,29.982
2023,KHH,T1,Low,423.48,423.48,5982.014
2023,YUN,T1,Low,713.47,713.47,12860.526
2023,KIN,T1,Low,1.71,1.71,25.94
2023,LIE,T1,Low,,,
2023,MLI,T1,Low,146.46,146.46,2417.46
2023,HUA,T1,Low,1619.58,1608.38,37441.523
2023,TTT,T1,Low,64.1,64.1,1144.625
2023,TNN,T1,Low,1342.32,1342.32,16515.713
2023,TPE,T1,Low,,,
2023,TXG,T1,Low,202.17,202.17,3934.025
2023,PEN,T1,Low,40.26,40.26,268.775
2023,TYN,T1,Low,202.31,202.31,4451.731
2023,HSQ,T1,Low,48.28,48.28,793.769
2023,HSC,T1,Low,1.25,1.25,13.75
2023,NTP,T1,Low,58.84,58.84,1012.746
2023,CHA,T1,Low,380.51,380.51,7805.095
2023,PIF,T1,Low,447.16,447.16,7620.517
2023,ILA,T1,Low,733.27,733.27,21614.698
2023,KEE,T1,Low,0.04,0.04,0.2
2023,CYQ,T1,Low,382.26,382.26,5723.64
2023,CYI,T1,Low,0.7,0.7,9.45
2023,NTO,T1,Low,1.4,1.4,21.35
2023,KHH,X69,High,0.02,0.02,0.105
2023,YUN,X69,High,,,
2023,KIN,X69,High,0.02,0.02,0.064
2023,LIE,X69,High,,,
2023,MLI,X69,High,,,
2023,HUA,X69,High,0.75,0.75,4.491
2023,TTT,X69,High,,,
2023,TNN,X69,High,0.5,0.5,2.625
2023,TPE,X69,High,,,
2023,TXG,X69,High,155.2,155.2,869.12
2023,PEN,X69,High,,,
2023,TYN,X69,High,1.52,1,10
2023,HSQ,X69,High,0.2,0.2,1.5
2023,HSC,X69,High,,,
2023,NTP,X69,High,,,
2023,CHA,X69,High,,,
2023,PIF,X69,High,,,
2023,ILA,X69,High,,,
2023,KEE,X69,High,,,
2023,CYQ,X69,High,0.06,0.06,0.504
2023,CYI,X69,High,,,
2023,NTO,X69,High,22,22,300.96
2023,KHH,Q1,Low,405.58,405.23,4599.456
2023,YUN,Q1,Low,21.68,21.48,179.559
2023,KIN,Q1,Low,,,
2023,LIE,Q1,Low,,,
2023,MLI,Q1,Low,2.04,2.04,13.023
2023,HUA,Q1,Low,39,13.33,52.256
2023,TTT,Q1,Low,10.28,10.18,79.974
2023,TNN,Q1,Low,32.69,32.69,317.917
2023,TPE,Q1,Low,3.06,3.06,18.24
2023,TXG,Q1,Low,11.04,11.03,137.155
2023,PEN,Q1,Low,,,
2023,TYN,Q1,Low,0.22,0.06,0.378
2023,HSQ,Q1,Low,1.91,1.91,16.739
2023,HSC,Q1,Low,,,
2023,NTP,Q1,Low,0.92,,
2023,CHA,Q1,Low,5.08,5.08,36.14
2023,PIF,Q1,Low,1919.15,1907.6,28926.804
2023,ILA,Q1,Low,87.72,86.17,1299.253
2023,KEE,Q1,Low,0.45,0.45,3.163
2023,CYQ,Q1,Low,211.04,210.44,4405.7
2023,CYI,Q1,Low,,,
2023,NTO,Q1,Low,74.22,73.52,647.857
2023,KHH,H4,Low,2.24,2.24,20.226
2023,YUN,H4,Low,87.88,87.88,1632.92
2023,KIN,H4,Low,,,
2023,LIE,H4,Low,,,
2023,MLI,H4,Low,11.54,11.54,146.296
2023,HUA,H4,Low,12.74,7.94,87.491
2023,TTT,H4,Low,9.87,9.87,102.996
2023,TNN,H4,Low,18.66,18.66,293.133
2023,TPE,H4,Low,1.4,1.4,12.941
2023,TXG,H4,Low,2.52,2.22,27.72
2023,PEN,H4,Low,,,
2023,TYN,H4,Low,,,
2023,HSQ,H4,Low,5.54,5.54,69.775
2023,HSC,H4,Low,2.8,2.8,47.28
2023,NTP,H4,Low,6.14,6.14,72.618
2023,CHA,H4,Low,2.29,2.29,25.923
2023,PIF,H4,Low,8.11,8.11,81.436
2023,ILA,H4,Low,2.05,2.05,30.233
2023,KEE,H4,Low,,,
2023,CYQ,H4,Low,243.1,241.6,3595.485
2023,CYI,H4,Low,22.2,22.2,366.054
2023,NTO,H4,Low,1.9,1.7,25.488
2023,KHH,S1,Low,2.58,2.58,62.566
2023,YUN,S1,Low,0.76,0.53,11.8
2023,KIN,S1,Low,,,
2023,LIE,S1,Low,,,
2023,MLI,S1,Low,442.91,442.91,13636.388
2023,HUA,S1,Low,,,
2023,TTT,S1,Low,0.8,0.8,29.132
2023,TNN,S1,Low,4.04,3.6,122.026
2023,TPE,S1,Low,,,
2023,TXG,S1,Low,422.58,422.16,11910.924
2023,PEN,S1,Low,,,
2023,TYN,S1,Low,4.91,4.56,74.619
2023,HSQ,S1,Low,0.94,0.94,19.166
2023,HSC,S1,Low,0.19,0.19,2.968
2023,NTP,S1,Low,0.07,0.06,1.76
2023,CHA,S1,Low,1137.8,1137.8,29879.528
2023,PIF,S1,Low,1.1,0.5,21.599
2023,ILA,S1,Low,0.55,0.55,10.425
2023,KEE,S1,Low,,,
2023,CYQ,S1,Low,8.7,8.7,237.603
2023,CYI,S1,Low,,,
2023,NTO,S1,Low,281.83,281.83,8478.127
2023,KHH,J1,Low,3057.17,3044.52,18487.799
2023,YUN,J1,Low,74.41,73.66,502.842
2023,KIN,J1,Low,0.01,0.01,0.042
2023,LIE,J1,Low,,,
2023,MLI,J1,Low,28.54,28.54,136.619
2023,HUA,J1,Low,2.17,1.58,6.029
2023,TTT,J1,Low,110.03,110.03,682.77
2023,TNN,J1,Low,816.2,816.1,5698.855
2023,TPE,J1,Low,,,
2023,TXG,J1,Low,1805.68,1800.2,12753.928
2023,PEN,J1,Low,,,
2023,TYN,J1,Low,0.56,,
2023,HSQ,J1,Low,3.53,3.53,24.106
2023,HSC,J1,Low,35.5,35.5,203.078
2023,NTP,J1,Low,,,
2023,CHA,J1,Low,862.71,858.31,6727.677
2023,PIF,J1,Low,485.98,480.83,3628.569
2023,ILA,J1,Low,1.91,1.14,7.504
2023,KEE,J1,Low,,,
2023,CYQ,J1,Low,926.05,926.05,9380.371
2023,CYI,J1,Low,47.06,47.06,390.742
2023,NTO,J1,Low,1318.44,1318.44,9400.351
2023,KHH,45,Low,2.1,2.1,22.614
2023,YUN,45,Low,3.58,3.58,20.349
2023,KIN,45,Low,,,
2023,LIE,45,Low,,,
2023,MLI,45,Low,521.55,521.55,6462.366
2023,HUA,45,Low,1.36,1.36,10.2
2023,TTT,45,Low,0.42,0.42,4.2
2023,TNN,45,Low,3.46,3.46,39.858
2023,TPE,45,Low,2.95,2.95,27.435
2023,TXG,45,Low,12.15,12.15,116.651
2023,PEN,45,Low,,,
2023,TYN,45,Low,5.25,5.25,60.382
2023,HSQ,45,Low,14,14,127.182
2023,HSC,45,Low,0.3,0.3,1.8
2023,NTP,45,Low,0.68,0.68,7.93
2023,CHA,45,Low,2.8,2.8,27.23
2023,PIF,45,Low,0.3,0.3,2.658
2023,ILA,45,Low,0.25,0.25,2.5
2023,KEE,45,Low,,,
2023,CYQ,45,Low,3.03,3.03,36.76
2023,CYI,45,Low,0.3,0.3,3.6
2023,NTO,45,Low,11.27,11.27,86.716
2023,KHH,R1,Low,1893.45,1889.22,14944.251
2023,YUN,R1,Low,153.29,151.86,1725.461
2023,KIN,R1,Low,,,
2023,LIE,R1,Low,,,
2023,MLI,R1,Low,15.65,15.65,172.688
2023,HUA,R1,Low,119.77,56.71,479.277
2023,TTT,R1,Low,379.25,360.14,3106.02
2023,TNN,R1,Low,7267.34,7254.49,87926.997
2023,TPE,R1,Low,,,
2023,TXG,R1,Low,120.48,117.66,1180.737
2023,PEN,R1,Low,,,
2023,TYN,R1,Low,5.63,2.38,17.089
2023,HSQ,R1,Low,4.19,4.18,29.082
2023,HSC,R1,Low,1.5,1.1,13.983
2023,NTP,R1,Low,3.1,2.34,15.612
2023,CHA,R1,Low,150.68,149.1,1441.329
2023,PIF,R1,Low,5780.22,5621.08,67230.411
2023,ILA,R1,Low,8.75,6.9,75.867
2023,KEE,R1,Low,0.1,0.1,0.48
2023,CYQ,R1,Low,292.78,287.51,3823.632
2023,CYI,R1,Low,23.75,23.75,260.404
2023,NTO,R1,Low,124.06,120.16,1155.468
2023,KHH,51,Low,46.4,41.2,586.874
2023,YUN,51,Low,11.37,10.5,172.966
2023,KIN,51,Low,0.26,0.26,2.14
2023,LIE,51,Low,,,
2023,MLI,51,Low,18.3,18.3,353.175
2023,HUA,51,Low,8.65,7.05,88.174
2023,TTT,51,Low,18.56,17.66,244.5
2023,TNN,51,Low,35.9,35.6,575.748
2023,TPE,51,Low,1.62,1.62,19.479
2023,TXG,51,Low,67.78,67.78,1327.881
2023,PEN,51,Low,,,
2023,TYN,51,Low,2.7,2.47,31.96
2023,HSQ,51,Low,3.51,3.51,53.431
2023,HSC,51,Low,,,
2023,NTP,51,Low,5.13,4.76,52.549
2023,CHA,51,Low,20.17,20.17,243.643
2023,PIF,51,Low,42.26,41.09,454.685
2023,ILA,51,Low,5.51,4.52,49.264
2023,KEE,51,Low,0.37,0.37,1.254
2023,CYQ,51,Low,25.29,24.94,287.118
2023,CYI,51,Low,0.45,0.45,12.96
2023,NTO,51,Low,640.34,630.2,16195.712
2023,KHH,H2,Low,5.16,5.16,52.858
2023,YUN,H2,Low,43.01,42.81,666.735
2023,KIN,H2,Low,0.04,0.04,0.352
2023,LIE,H2,Low,,,
2023,MLI,H2,Low,48.65,48.65,731.817
2023,HUA,H2,Low,5.7,5.7,59.528
2023,TTT,H2,Low,52.22,52.22,623.397
2023,TNN,H2,Low,270.97,270.89,5387.965
2023,TPE,H2,Low,4.51,4.51,47.015
2023,TXG,H2,Low,6.52,5.12,52.455
2023,PEN,H2,Low,0.02,,
2023,TYN,H2,Low,0.13,0.1,1.26
2023,HSQ,H2,Low,0.5,0.5,8.1
2023,HSC,H2,Low,0.55,0.55,5.625
2023,NTP,H2,Low,4.64,4.3,67.485
2023,CHA,H2,Low,73.87,73.87,863.423
2023,PIF,H2,Low,0.97,0.43,5.534
2023,ILA,H2,Low,3,3,51.245
2023,KEE,H2,Low,,,
2023,CYQ,H2,Low,63.91,63.91,764.034
2023,CYI,H2,Low,12.4,12.4,173.661
2023,NTO,H2,Low,22.68,22.68,277.93
2023,KHH,31,Low,11.85,11.85,100.329
2023,YUN,31,Low,8.8,8.15,121.196
2023,KIN,31,Low,,,
2023,LIE,31,Low,,,
2023,MLI,31,Low,0.63,0.63,6.293
2023,HUA,31,Low,16.72,14.16,147.728
2023,TTT,31,Low,4999.23,4845.63,17243.28
2023,TNN,31,Low,75.56,75.41,932.518
2023,TPE,31,Low,,,
2023,TXG,31,Low,33.07,32.59,412.097
2023,PEN,31,Low,0.29,0.27,0.842
2023,TYN,31,Low,0.3,0.3,1.013
2023,HSQ,31,Low,0.7,0.5,2.8
2023,HSC,31,Low,,,
2023,NTP,31,Low,0.21,0.15,0.6
2023,CHA,31,Low,21.28,21.28,173.305
2023,PIF,31,Low,28.57,21.54,186.398
2023,ILA,31,Low,1.15,0.85,10.108
2023,KEE,31,Low,,,
2023,CYQ,31,Low,3.11,3.11,28.024
2023,CYI,31,Low,,,
2023,NTO,31,Low,4.9,4.9,75.001
2023,KHH,72,Low,539.81,539.81,13383.71
2023,YUN,72,Low,432.88,432.88,11200.242
2023,KIN,72,Low,0.8,0.8,15.884
2023,LIE,72,Low,,,
2023,MLI,72,Low,167.25,167.25,3428.407
2023,HUA,72,Low,28.84,28.34,393.193
2023,TTT,72,Low,49.54,49.54,1117.482
2023,TNN,72,Low,434.53,434.53,11424.362
2023,TPE,72,Low,16.75,16.75,245.464
2023,TXG,72,Low,118.15,118.15,2733.496
2023,PEN,72,Low,7.84,7.84,79.507
2023,TYN,72,Low,9.88,9.88,156.698
2023,HSQ,72,Low,50.23,50.23,1014.391
2023,HSC,72,Low,0.77,0.77,10.08
2023,NTP,72,Low,2.4,2.4,26.489
2023,CHA,72,Low,299.96,299.96,7718.847
2023,PIF,72,Low,51.37,51.37,1334.506
2023,ILA,72,Low,53.58,53.58,1306.134
2023,KEE,72,Low,0.03,0.03,0.288
2023,CYQ,72,Low,836.91,836.91,17409.592
2023,CYI,72,Low,5.36,5.36,111.201
2023,NTO,72,Low,471.79,471.79,10550.224
2023,KHH,P1,Low,2771.8,2747.28,62331.457
2023,YUN,P1,Low,349.14,347.4,8906.792
2023,KIN,P1,Low,1.17,1.17,14.55
2023,LIE,P1,Low,,,
2023,MLI,P1,Low,52.77,52.37,905.616
2023,HUA,P1,Low,81.47,73.16,986.497
2023,TTT,P1,Low,120.77,117.77,1881.287
2023,TNN,P1,Low,1626.68,1614.64,36092.913
2023,TPE,P1,Low,3.16,3.16,30.874
2023,TXG,P1,Low,140.24,135.35,2546.691
2023,PEN,P1,Low,5.36,5.35,25.205
2023,TYN,P1,Low,35.2,28.08,309.725
2023,HSQ,P1,Low,24.64,24.64,448.128
2023,HSC,P1,Low,10.13,10.13,179.949
2023,NTP,P1,Low,51.53,43.85,499.661
2023,CHA,P1,Low,1354.78,1353.61,41305.446
2023,PIF,P1,Low,603.17,557.08,14191.888
2023,ILA,P1,Low,203.55,196.7,4308.682
2023,KEE,P1,Low,0.18,0.18,1.302
2023,CYQ,P1,Low,373.68,365.6,8536.669
2023,CYI,P1,Low,11.63,11.63,245.456
2023,NTO,P1,Low,184.94,181.72,3662.931
2023,KHH,C5,Low,,,
2023,YUN,C5,Low,,,
2023,KIN,C5,Low,,,
2023,LIE,C5,Low,,,
2023,MLI,C5,Low,1.1,1.1,10.48
2023,HUA,C5,Low,,,
2023,TTT,C5,Low,1.71,1.71,14.878
2023,TNN,C5,Low,1.5,1.5,27.429
2023,TPE,C5,Low,,,
2023,TXG,C5,Low,0.73,0.73,9.037
2023,PEN,C5,Low,,,
2023,TYN,C5,Low,,,
2023,HSQ,C5,Low,,,
2023,HSC,C5,Low,,,
2023,NTP,C5,Low,,,
2023,CHA,C5,Low,,,
2023,PIF,C5,Low,,,
2023,ILA,C5,Low,1.27,1.27,17.645
2023,KEE,C5,Low,,,
2023,CYQ,C5,Low,0.69,0.69,7.925
2023,CYI,C5,Low,,,
2023,NTO,C5,Low,,,
2023,KHH,W1,Low,169.12,169.12,2082.695
2023,YUN,W1,Low,247.66,247.66,4592.109
2023,KIN,W1,Low,,,
2023,LIE,W1,Low,,,
2023,MLI,W1,Low,0.52,0.52,5.758
2023,HUA,W1,Low,1.1,1.1,13.07
2023,TTT,W1,Low,7.72,7.72,52.48
2023,TNN,W1,Low,806.17,806.17,9614.267
2023,TPE,W1,Low,0.09,0.09,0.56
2023,TXG,W1,Low,4.04,4.04,53.45
2023,PEN,W1,Low,35,35,266.207
2023,TYN,W1,Low,25.54,25.54,437.019
2023,HSQ,W1,Low,18.37,18.37,177.71
2023,HSC,W1,Low,,,
2023,NTP,W1,Low,0.03,0.03,0.45
2023,CHA,W1,Low,75.17,75.17,1385.398
2023,PIF,W1,Low,151.45,151.45,1906.414
2023,ILA,W1,Low,28.06,28.06,523.79
2023,KEE,W1,Low,,,
2023,CYQ,W1,Low,232.26,232.26,3062.846
2023,CYI,W1,Low,,,
2023,NTO,W1,Low,3.55,3.55,47.852
2023,KHH,F1,Low,187.48,183.55,2727.22
2023,YUN,F1,Low,28.45,28.45,354.637
2023,KIN,F1,Low,0.17,0.17,1.77
2023,LIE,F1,Low,,,
2023,MLI,F1,Low,4.5,3.7,38.315
2023,HUA,F1,Low,51.73,37.96,319.914
2023,TTT,F1,Low,91.17,91.07,969.318
2023,TNN,F1,Low,50.99,50.74,643.174
2023,TPE,F1,Low,0.65,0.65,4.29
2023,TXG,F1,Low,49.31,47.76,661.383
2023,PEN,F1,Low,0.05,0.05,0.8
2023,TYN,F1,Low,5.33,4.04,30.888
2023,HSQ,F1,Low,5.11,5.06,65.964
2023,HSC,F1,Low,,,
2023,NTP,F1,Low,2.29,0.98,9.139
2023,CHA,F1,Low,54.87,54.72,665.615
2023,PIF,F1,Low,1731.8,1669.69,25161.703
2023,ILA,F1,Low,7.85,6.69,95.024
2023,KEE,F1,Low,,,
2023,CYQ,F1,Low,85.25,75.05,1062.175
2023,CYI,F1,Low,1.6,1.6,20.076
2023,NTO,F1,Low,81.06,72.29,997.211
2023,KHH,G7,Low,4.95,4.95,45.396
2023,YUN,G7,Low,,,
2023,KIN,G7,Low,,,
2023,LIE,G7,Low,,,
2023,MLI,G7,Low,26.17,26.17,199.162
2023,HUA,G7,Low,3.1,3.1,28.02
2023,TTT,G7,Low,31.54,31.54,196.959
2023,TNN,G7,Low,12.98,12.98,87.935
2023,TPE,G7,Low,,,
2023,TXG,G7,Low,15.71,15.71,120.783
2023,PEN,G7,Low,,,
2023,TYN,G7,Low,2.02,1,3.2
2023,HSQ,G7,Low,5.07,5.07,38.395
2023,HSC,G7,Low,,,
2023,NTP,G7,Low,,,
2023,CHA,G7,Low,1.1,1.1,7.918
2023,PIF,G7,Low,0.18,,
2023,ILA,G7,Low,,,
2023,KEE,G7,Low,,,
2023,CYQ,G7,Low,6.23,6.23,57.94
2023,CYI,G7,Low,2.2,2.2,13.87
2023,NTO,G7,Low,39.07,39.07,277.908
2023,KHH,M3,Low,5.89,5.89,60.16
2023,YUN,M3,Low,10.67,10.67,145.988
2023,KIN,M3,Low,0.05,0.05,0.455
2023,LIE,M3,Low,,,
2023,MLI,M3,Low,45.21,45.21,622.988
2023,HUA,M3,Low,,,
2023,TTT,M3,Low,5.23,5.23,66.275
2023,TNN,M3,Low,165.88,165.88,2176.691
2023,TPE,M3,Low,1.68,1.68,11.621
2023,TXG,M3,Low,32.58,32.36,532.26
2023,PEN,M3,Low,,,
2023,TYN,M3,Low,0.25,0.25,0.65
2023,HSQ,M3,Low,4.64,4.64,44.421
2023,HSC,M3,Low,,,
2023,NTP,M3,Low,,,
2023,CHA,M3,Low,62.88,62.88,392.609
2023,PIF,M3,Low,10.17,10.17,110.047
2023,ILA,M3,Low,5.88,5.87,59.87
2023,KEE,M3,Low,0.02,0.02,0.144
2023,CYQ,M3,Low,4.82,4.82,57.472
2023,CYI,M3,Low,0.1,,
2023,NTO,M3,Low,22.4,22,223.876
2023,KHH,C1,Low,0.97,0.97,9.234
2023,YUN,C1,Low,424.87,423.94,10322.02
2023,KIN,C1,Low,,,
2023,LIE,C1,Low,,,
2023,MLI,C1,Low,380.99,380.99,6158.552
2023,HUA,C1,Low,8.55,8.55,81.272
2023,TTT,C1,Low,18.4,18.4,191.598
2023,TNN,C1,Low,901.49,901.49,26888.316
2023,TPE,C1,Low,6.64,6.64,47.166
2023,TXG,C1,Low,1388.07,1363.07,25045.226
2023,PEN,C1,Low,,,
2023,TYN,C1,Low,1.05,1.02,18.055
2023,HSQ,C1,Low,224.06,224.06,3290.1
2023,HSC,C1,Low,,,
2023,NTP,C1,Low,1.13,0.94,7.776
2023,CHA,C1,Low,4.3,4.3,80.13
2023,PIF,C1,Low,,,
2023,ILA,C1,Low,5.45,5.45,85.435
2023,KEE,C1,Low,,,
2023,CYQ,C1,Low,1514.9,1509.05,28877.282
2023,CYI,C1,Low,1.3,0.7,15.045
2023,NTO,C1,Low,37,36.8,519.079
2023,KHH,22,Low,737.18,736.13,13350.816
2023,YUN,22,Low,18.63,18.63,273.864
2023,KIN,22,Low,0.02,0.02,0.16
2023,LIE,22,Low,,,
2023,MLI,22,Low,98.11,98.11,1231.8
2023,HUA,22,Low,,,
2023,TTT,22,Low,2.77,2.77,30.442
2023,TNN,22,Low,262.5,262.5,4341.21
2023,TPE,22,Low,,,
2023,TXG,22,Low,9.17,8.93,117.279
2023,PEN,22,Low,,,
2023,TYN,22,Low,0.45,0.23,1.536
2023,HSQ,22,Low,0.47,0.47,2.115
2023,HSC,22,Low,,,
2023,NTP,22,Low,0.03,,
2023,CHA,22,Low,4.96,4.96,55.046
2023,PIF,22,Low,519.1,511.26,10514.69
2023,ILA,22,Low,,,
2023,KEE,22,Low,,,
2023,CYQ,22,Low,66.93,66.93,670.256
2023,CYI,22,Low,0.2,0.2,2.376
2023,NTO,22,Low,26.25,26.25,303.375
2023,KHH,O10,High,16.99,15.99,132.062
2023,YUN,O10,High,1.09,0.99,12.8
2023,KIN,O10,High,,,
2023,LIE,O10,High,,,
2023,MLI,O10,High,1194.13,1194.13,26864.869
2023,HUA,O10,High,10.84,10.84,79.473
2023,TTT,O10,High,12.36,12.26,94.914
2023,TNN,O10,High,2.73,2.73,26.913
2023,TPE,O10,High,0.25,0.25,1.68
2023,TXG,O10,High,3305.68,3303.39,56501.613
2023,PEN,O10,High,,,
2023,TYN,O10,High,10.38,9.66,55.591
2023,HSQ,O10,High,122.85,122.85,1797.417
2023,HSC,O10,High,,,
2023,NTP,O10,High,12.01,9.74,72.86
2023,CHA,O10,High,27.62,27.62,250.322
2023,PIF,O10,High,2.69,2.69,25.04
2023,ILA,O10,High,55.2,51.08,711.051
2023,KEE,O10,High,,,
2023,CYQ,O10,High,78.54,78.54,1619.507
2023,CYI,O10,High,,,
2023,NTO,O10,High,11.87,11.77,162.539
2023,KHH,41,High,1395.78,1395.78,5970.399
2023,YUN,41,High,22,22,102.96
2023,KIN,41,High,,,
2023,LIE,41,High,,,
2023,MLI,41,High,25.93,25.93,143.699
2023,HUA,41,High,62.84,62.64,209.031
2023,TTT,41,High,441.42,436.97,1337.715
2023,TNN,41,High,312.33,312.33,1773.562
2023,TPE,41,High,0.34,0.34,1.164
2023,TXG,41,High,103.66,103.16,653.031
2023,PEN,41,High,,,
2023,TYN,41,High,1.31,0.98,4.004
2023,HSQ,41,High,1.85,1.85,9.768
2023,HSC,41,High,,,
2023,NTP,41,High,0.42,0.39,1.287
2023,CHA,41,High,0.4,0.4,2.79
2023,PIF,41,High,1,1,6
2023,ILA,41,High,0.2,,
2023,KEE,41,High,,,
2023,CYQ,41,High,59.01,59.01,348.578
2023,CYI,41,High,,,
2023,NTO,41,High,871.81,856.01,3631.751
2023,KHH,D1,Low,0.41,0.41,3.7
2023,YUN,D1,Low,0.48,0.48,9.445
2023,KIN,D1,Low,,,
2023,LIE,D1,Low,,,
2023,MLI,D1,Low,724.42,719.72,12322.376
2023,HUA,D1,Low,17.5,17.5,185.725
2023,TTT,D1,Low,164.14,164.14,2082.228
2023,TNN,D1,Low,1.2,1.2,10.368
2023,TPE,D1,Low,27.66,27.66,296.893
2023,TXG,D1,Low,528.19,512.63,11123.476
2023,PEN,D1,Low,,,
2023,TYN,D1,Low,48.34,47.07,811.704
2023,HSQ,D1,Low,1265.89,1265.89,21599.262
2023,HSC,D1,Low,2.22,2.22,35.742
2023,NTP,D1,Low,62.6,60.8,714.145
2023,CHA,D1,Low,0.56,0.56,5.795
2023,PIF,D1,Low,,,
2023,ILA,D1,Low,94.84,92.09,1511.677
2023,KEE,D1,Low,,,
2023,CYQ,D1,Low,5.4,5.4,93.7
2023,CYI,D1,Low,,,
2023,NTO,D1,Low,7.35,7.35,84.128
2023,KHH,Y1,High,64,63.87,275.355
2023,YUN,Y1,High,6.34,6.13,40.886
2023,KIN,Y1,High,,,
2023,LIE,Y1,High,,,
2023,MLI,Y1,High,93.52,93.52,738.633
2023,HUA,Y1,High,12.95,11.73,78.941
2023,TTT,Y1,High,28.26,27.86,136.509
2023,TNN,Y1,High,2.4,2.4,25.277
2023,TPE,Y1,High,,,
2023,TXG,Y1,High,1206.87,1192.43,11935.915
2023,PEN,Y1,High,,,
2023,TYN,Y1,High,228.38,227.31,1756.893
2023,HSQ,Y1,High,120.33,120.33,897.146
2023,HSC,Y1,High,0.01,0.01,0.087
2023,NTP,Y1,High,3.94,2.22,16.857
2023,CHA,Y1,High,5.06,5.06,38.418
2023,PIF,Y1,High,5.8,5.8,41.989
2023,ILA,Y1,High,10.71,10.63,93.077
2023,KEE,Y1,High,0.01,0.01,0.065
2023,CYQ,Y1,High,29.9,29.5,329.107
2023,CYI,Y1,High,,,
2023,NTO,Y1,High,121.01,115.56,897.316
2023,KHH,Z4,High,15.25,15.25,78.652
2023,YUN,Z4,High,10.4,10.4,99.84
2023,KIN,Z4,High,,,
2023,LIE,Z4,High,,,
2023,MLI,Z4,High,405.56,405.56,3548.943
2023,HUA,Z4,High,21.19,19.29,105.24
2023,TTT,Z4,High,73.01,73.01,401.851
2023,TNN,Z4,High,2.93,2.93,23.035
2023,TPE,Z4,High,2.83,2.83,18.105
2023,TXG,Z4,High,3345.74,3344.94,45583.686
2023,PEN,Z4,High,,,
2023,TYN,Z4,High,63.8,63.75,707.625
2023,HSQ,Z4,High,224.4,224.39,1901.583
2023,HSC,Z4,High,,,
2023,NTP,Z4,High,11.91,9.76,54.042
2023,CHA,Z4,High,0.73,0.73,6.126
2023,PIF,Z4,High,0.1,0.1,0.702
2023,ILA,Z4,High,14.04,13.68,184.406
2023,KEE,Z4,High,,,
2023,CYQ,Z4,High,339.67,338.17,4914.222
2023,CYI,Z4,High,,,
2023,NTO,Z4,High,177.05,177.05,1384.166
2023,KHH,E1,Low,11.35,11.35,136.301
2023,YUN,E1,Low,1411.87,1406.22,43465.678
2023,KIN,E1,Low,0.04,0.04,0.4
2023,LIE,E1,Low,,,
2023,MLI,E1,Low,11.84,11.84,192.735
2023,HUA,E1,Low,28.48,26.66,244.465
2023,TTT,E1,Low,22.29,22.29,234.945
2023,TNN,E1,Low,1720.59,1719.68,47635.286
2023,TPE,E1,Low,3.3,3.3,22.572
2023,TXG,E1,Low,28.29,20.97,407.395
2023,PEN,E1,Low,,,
2023,TYN,E1,Low,2.53,2.03,20.008
2023,HSQ,E1,Low,72.52,72.52,1444.715
2023,HSC,E1,Low,0.03,0.03,0.72
2023,NTP,E1,Low,3.89,3.86,36.277
2023,CHA,E1,Low,20.54,20.54,423.197
2023,PIF,E1,Low,4.78,4.78,53.254
2023,ILA,E1,Low,47.97,46.66,790.94
2023,KEE,E1,Low,,,
2023,CYQ,E1,Low,930.09,903.8,17537.286
2023,CYI,E1,Low,45.5,45.5,724.178
2023,NTO,E1,Low,417.08,411.28,8792.55
2023,KHH,L1,Low,0.51,0.51,3.946
2023,YUN,L1,Low,0.1,0.1,0.529
2023,KIN,L1,Low,,,
2023,LIE,L1,Low,,,
2023,MLI,L1,Low,34.27,34.27,229.875
2023,HUA,L1,Low,2.58,2.56,16.092
2023,TTT,L1,Low,124.64,123.74,656.722
2023,TNN,L1,Low,0.03,0.03,0.182
2023,TPE,L1,Low,0.01,0.01,0.054
2023,TXG,L1,Low,651.06,651.06,4350.752
2023,PEN,L1,Low,,,
2023,TYN,L1,Low,6.93,6.93,54.054
2023,HSQ,L1,Low,0.59,0.59,3.437
2023,HSC,L1,Low,,,
2023,NTP,L1,Low,0.06,0.02,0.041
2023,CHA,L1,Low,,,
2023,PIF,L1,Low,,,
2023,ILA,L1,Low,1.93,1.42,11.6
2023,KEE,L1,Low,,,
2023,CYQ,L1,Low,0.1,0.1,0.68
2023,CYI,L1,Low,,,
2023,NTO,L1,Low,98.6,98.28,700.584
2023,KHH,N3,High,151.99,151.99,652.669
2023,YUN,N3,High,1.3,1.3,5.2
2023,KIN,N3,High,,,
2023,LIE,N3,High,,,
2023,MLI,N3,High,507.36,507.36,3385.572
2023,HUA,N3,High,9.41,9.36,62.458
2023,TTT,N3,High,116.74,116.74,919.237
2023,TNN,N3,High,0.9,0.9,8.1
2023,TPE,N3,High,,,
2023,TXG,N3,High,235.72,235.72,2138.947
2023,PEN,N3,High,,,
2023,TYN,N3,High,4.7,4.57,12.357
2023,HSQ,N3,High,27.81,27.81,283.577
2023,HSC,N3,High,,,
2023,NTP,N3,High,2.4,2.34,10.552
2023,CHA,N3,High,1.2,1.2,12
2023,PIF,N3,High,7.33,7.33,51.327
2023,ILA,N3,High,12.87,12.87,178.932
2023,KEE,N3,High,,,
2023,CYQ,N3,High,14.43,14.43,90.877
2023,CYI,N3,High,,,
2023,NTO,N3,High,197.62,197.62,1539.272
2023,KHH,I1,Low,277.5,274.16,13402.102
2023,YUN,I1,Low,185.41,183.08,9611.825
2023,KIN,I1,Low,0.27,0.27,5.86
2023,LIE,I1,Low,,,
2023,MLI,I1,Low,25.08,25.08,864.461
2023,HUA,I1,Low,14.46,11.84,278.511
2023,TTT,I1,Low,92.88,89.38,2325.693
2023,TNN,I1,Low,633.85,618.61,31476.882
2023,TPE,I1,Low,3.03,3.03,55.264
2023,TXG,I1,Low,19.4,18.44,731.929
2023,PEN,I1,Low,1,1,4.98
2023,TYN,I1,Low,5.31,5.03,91.409
2023,HSQ,I1,Low,6.15,6.15,226.799
2023,HSC,I1,Low,0.21,0.21,9.806
2023,NTP,I1,Low,3.31,3.17,63.103
2023,CHA,I1,Low,36.45,35.3,1182.09
2023,PIF,I1,Low,688.97,672.45,32973.372
2023,ILA,I1,Low,4.05,4.05,93.272
2023,KEE,I1,Low,0.04,0.04,0.432
2023,CYQ,I1,Low,262.85,251.35,12512.525
2023,CYI,I1,Low,10.15,9.7,516.444
2023,NTO,I1,Low,438.99,374.36,16263.446
2023,KHH,H1,Low,15.56,15.56,150.881
2023,YUN,H1,Low,241.98,238.88,5749.673
2023,KIN,H1,Low,0.11,0.11,0.72
2023,LIE,H1,Low,,,
2023,MLI,H1,Low,430.51,428.74,5017.219
2023,HUA,H1,Low,891.39,830.75,15917.097
2023,TTT,H1,Low,88.92,88.92,1270.571
2023,TNN,H1,Low,1104.12,1090.65,27895.877
2023,TPE,H1,Low,14.52,14.52,113.184
2023,TXG,H1,Low,87.33,85.46,1239.142
2023,PEN,H1,Low,,,
2023,TYN,H1,Low,25.72,23.73,220.79
2023,HSQ,H1,Low,68.61,68.61,752.254
2023,HSC,H1,Low,6.43,6.43,89.779
2023,NTP,H1,Low,433.53,420.73,7057.862
2023,CHA,H1,Low,27.6,27.6,485.501
2023,PIF,H1,Low,0.63,0.4,5.906
2023,ILA,H1,Low,207.47,183.11,3538.156
2023,KEE,H1,Low,17.01,17.01,166.86
2023,CYQ,H1,Low,161.35,161.25,2317.815
2023,CYI,H1,Low,3.4,3.4,35.53
2023,NTO,H1,Low,84.57,84.57,1248.495
2023,KHH,11,Low,412.03,411.38,3740.957
2023,YUN,11,Low,2.4,2.4,22.443
2023,KIN,11,Low,,,
2023,LIE,11,Low,,,
2023,MLI,11,Low,0.01,0.01,0.061
2023,HUA,11,Low,29.3,21.62,100.871
2023,TTT,11,Low,561.33,560.93,4510.975
2023,TNN,11,Low,142.16,141.56,1826.828
2023,TPE,11,Low,,,
2023,TXG,11,Low,0.54,0.13,1.046
2023,PEN,11,Low,0.01,,
2023,TYN,11,Low,,,
2023,HSQ,11,Low,,,
2023,HSC,11,Low,,,
2023,NTP,11,Low,,,
2023,CHA,11,Low,0.1,0.1,0.725
2023,PIF,11,Low,695.03,656.96,6204.569
2023,ILA,11,Low,0.05,0.05,0.594
2023,KEE,11,Low,,,
2023,CYQ,11,Low,12.39,9.19,92.283
2023,CYI,11,Low,0.58,0.58,5.966
2023,NTO,11,Low,1.05,1.05,9.275
2022,KHH,K3,Low,1385.4,1382.85,2784.761
2022,YUN,K3,Low,38.35,38.19,234.078
2022,KIN,K3,Low,0.42,0.42,1.534
2022,LIE,K3,Low,,,
2022,MLI,K3,Low,63.1,63.1,308.56
2022,HUA,K3,Low,7.88,3.58,14.094
2022,TTT,K3,Low,20.04,19.14,136.644
2022,TNN,K3,Low,3677.8,3677.8,12044.014
2022,TPE,K3,Low,1.72,1.72,8.492
2022,TXG,K3,Low,2184.5,2183.73,12989.102
2022,PEN,K3,Low,,,
2022,TYN,K3,Low,0.54,0.15,0.756
2022,HSQ,K3,Low,9.76,9.76,62.386
2022,HSC,K3,Low,,,
2022,NTP,K3,Low,0.56,0.41,3.36
2022,CHA,K3,Low,658.07,657.67,2522.037
2022,PIF,K3,Low,19.68,10.66,52.582
2022,ILA,K3,Low,7.36,6.7,49.047
2022,KEE,K3,Low,,,
2022,CYQ,K3,Low,1062.55,1056.55,3097.388
2022,CYI,K3,Low,39.6,39.6,95.83
2022,NTO,K3,Low,1305.03,1301.83,3175.701
2022,KHH,B2,Low,1547.31,1001.9,52678.803
2022,YUN,B2,Low,900.8,491.88,25821.826
2022,KIN,B2,Low,,,
2022,LIE,B2,Low,,,
2022,MLI,B2,Low,2.8,2.8,95.179
2022,HUA,B2,Low,119.88,77.48,2977.688
2022,TTT,B2,Low,356.01,267.47,10503.742
2022,TNN,B2,Low,1634.83,1080.92,56991.131
2022,TPE,B2,Low,,,
2022,TXG,B2,Low,161.51,145.86,6461.981
2022,PEN,B2,Low,0.1,0.1,2.7
2022,TYN,B2,Low,1.41,0.58,22.924
2022,HSQ,B2,Low,0.38,0.38,7.6
2022,HSC,B2,Low,,,
2022,NTP,B2,Low,3.76,2.33,60.199
2022,CHA,B2,Low,249.63,209.92,10547.687
2022,PIF,B2,Low,3553.66,2258.78,113440.276
2022,ILA,B2,Low,39.34,28.34,923.803
2022,KEE,B2,Low,0.16,0.16,4.1
2022,CYQ,B2,Low,1447.41,957.13,51871.282
2022,CYI,B2,Low,80.86,56.46,2395.275
2022,NTO,B2,Low,1132.07,832.99,47527.018
2022,KHH,A1,Low,2215.59,2166.19,57720.733
2022,YUN,A1,Low,710.49,671.03,24560.891
2022,KIN,A1,Low,0.8,0.8,11.96
2022,LIE,A1,Low,,,
2022,MLI,A1,Low,131.86,131.36,3160.601
2022,HUA,A1,Low,332.64,246.7,5268.646
2022,TTT,A1,Low,471.67,448.16,11502.031
2022,TNN,A1,Low,963.05,959.97,20671.506
2022,TPE,A1,Low,7.99,7.99,112.685
2022,TXG,A1,Low,623.07,612.15,9623.961
2022,PEN,A1,Low,2.15,2.15,35.539
2022,TYN,A1,Low,61.97,58.61,749.235
2022,HSQ,A1,Low,113.68,113.68,2077.033
2022,HSC,A1,Low,6.99,6.99,117.346
2022,NTP,A1,Low,79.1,72.14,1279.341
2022,CHA,A1,Low,128.47,127.65,3041.871
2022,PIF,A1,Low,4084.25,3728.18,107593.143
2022,ILA,A1,Low,91.16,86.65,1874.438
2022,KEE,A1,Low,4.44,4.44,49.897
2022,CYQ,A1,Low,2424.46,2325.51,49958.325
2022,CYI,A1,Low,23,23,483
2022,NTO,A1,Low,2829.67,2822.76,51587.795
2022,KHH,V1,Low,719.66,719.66,8913.013
2022,YUN,V1,Low,232.51,232.51,3462.957
2022,KIN,V1,Low,,,
2022,LIE,V1,Low,,,
2022,MLI,V1,Low,32.91,32.91,173.99
2022,HUA,V1,Low,2.05,2.05,15.648
2022,TTT,V1,Low,,,
2022,TNN,V1,Low,39.1,39.1,452.901
2022,TPE,V1,Low,0.21,0.21,1.682
2022,TXG,V1,Low,26.44,26.44,293.223
2022,PEN,V1,Low,,,
2022,TYN,V1,Low,20.53,19.45,184.779
2022,HSQ,V1,Low,13,13,171.4
2022,HSC,V1,Low,0.3,0.3,4.2
2022,NTP,V1,Low,5.87,5.87,35.262
2022,CHA,V1,Low,164.23,164.23,2377.264
2022,PIF,V1,Low,390.06,390.06,4991.759
2022,ILA,V1,Low,46.38,46.38,455.973
2022,KEE,V1,Low,,,
2022,CYQ,V1,Low,269.06,269.06,2912.535
2022,CYI,V1,Low,1.2,1.2,13.875
2022,NTO,V1,Low,3.34,3.34,39.795
2022,KHH,T1,Low,421.24,421.24,5987.366
2022,YUN,T1,Low,951.84,951.84,17234.182
2022,KIN,T1,Low,,,
2022,LIE,T1,Low,,,
2022,MLI,T1,Low,165.38,165.38,1923.509
2022,HUA,T1,Low,1561.3,1561.3,42454.91
2022,TTT,T1,Low,24,24,504
2022,TNN,T1,Low,1499.66,1499.66,16893.809
2022,TPE,T1,Low,,,
2022,TXG,T1,Low,323.96,323.96,5614.939
2022,PEN,T1,Low,40,40,279.081
2022,TYN,T1,Low,167.38,161.93,2467.66
2022,HSQ,T1,Low,42.58,42.58,676.1
2022,HSC,T1,Low,1.2,1.2,14.4
2022,NTP,T1,Low,58.05,58.05,597.061
2022,CHA,T1,Low,368.17,368.17,6886.64
2022,PIF,T1,Low,498.41,498.41,8521.482
2022,ILA,T1,Low,683.1,683.1,18923.228
2022,KEE,T1,Low,,,
2022,CYQ,T1,Low,481.33,481.33,7108.716
2022,CYI,T1,Low,0.67,0.67,10.335
2022,NTO,T1,Low,34,34,534.755
2022,KHH,X69,High,0.02,0.02,0.161
2022,YUN,X69,High,,,
2022,KIN,X69,High,0.02,0.02,0.064
2022,LIE,X69,High,,,
2022,MLI,X69,High,,,
2022,HUA,X69,High,1.25,1.25,6.254
2022,TTT,X69,High,,,
2022,TNN,X69,High,0.62,0.62,3.472
2022,TPE,X69,High,,,
2022,TXG,X69,High,155.2,155.2,1059.24
2022,PEN,X69,High,,,
2022,TYN,X69,High,1.5,1,9
2022,HSQ,X69,High,0.2,0.2,1.2
2022,HSC,X69,High,,,
2022,NTP,X69,High,,,
2022,CHA,X69,High,,,
2022,PIF,X69,High,,,
2022,ILA,X69,High,,,
2022,KEE,X69,High,,,
2022,CYQ,X69,High,0.06,0.06,0.525
2022,CYI,X69,High,,,
2022,NTO,X69,High,22,22,326.04
2022,KHH,Q1,Low,409.51,409.47,5186.806
2022,YUN,Q1,Low,21.82,21.52,166.357
2022,KIN,Q1,Low,,,
2022,LIE,Q1,Low,,,
2022,MLI,Q1,Low,2.21,2.21,15.108
2022,HUA,Q1,Low,43.18,16.19,64.452
2022,TTT,Q1,Low,5.12,5.12,36.346
2022,TNN,Q1,Low,32.49,32.49,313.523
2022,TPE,Q1,Low,3.08,3.08,17.669
2022,TXG,Q1,Low,11.03,11.03,134.622
2022,PEN,Q1,Low,,,
2022,TYN,Q1,Low,0.22,0.06,0.369
2022,HSQ,Q1,Low,1.91,1.91,17.249
2022,HSC,Q1,Low,,,
2022,NTP,Q1,Low,1.07,,
2022,CHA,Q1,Low,4.88,4.88,31.559
2022,PIF,Q1,Low,2009.54,2000.5,34716.549
2022,ILA,Q1,Low,96.13,93.7,1144.327
2022,KEE,Q1,Low,0.45,0.45,3.167
2022,CYQ,Q1,Low,207.99,207.49,4349.34
2022,CYI,Q1,Low,1.9,1.9,11.4
2022,NTO,Q1,Low,79.34,78.64,687.528
2022,KHH,H4,Low,2.29,2.29,23.015
2022,YUN,H4,Low,91.06,90.96,1680.935
2022,KIN,H4,Low,,,
2022,LIE,H4,Low,,,
2022,MLI,H4,Low,2.59,2.59,31.172
2022,HUA,H4,Low,16.45,9.65,103.091
2022,TTT,H4,Low,10.87,10.87,120.406
2022,TNN,H4,Low,18.76,18.76,292.165
2022,TPE,H4,Low,1.5,1.5,11.074
2022,TXG,H4,Low,2.59,2.29,27.645
2022,PEN,H4,Low,,,
2022,TYN,H4,Low,,,
2022,HSQ,H4,Low,5.69,5.69,69.515
2022,HSC,H4,Low,2.8,2.8,41.37
2022,NTP,H4,Low,6.14,6.14,71.653
2022,CHA,H4,Low,2.9,2.9,33.372
2022,PIF,H4,Low,8.11,8.11,89.196
2022,ILA,H4,Low,2.84,2.84,46.98
2022,KEE,H4,Low,,,
2022,CYQ,H4,Low,250.23,250.13,3329.214
2022,CYI,H4,Low,22.2,22.2,363.63
2022,NTO,H4,Low,2.47,2.27,29.2
2022,KHH,S1,Low,2.72,2.72,73.615
2022,YUN,S1,Low,6.47,6.47,70.374
2022,KIN,S1,Low,,,
2022,LIE,S1,Low,,,
2022,MLI,S1,Low,435.4,435.4,14579.544
2022,HUA,S1,Low,0.1,0.1,3.2
2022,TTT,S1,Low,2.45,2.45,66.34
2022,TNN,S1,Low,3.78,3.62,117.796
2022,TPE,S1,Low,,,
2022,TXG,S1,Low,453.1,452.59,12126.817
2022,PEN,S1,Low,,,
2022,TYN,S1,Low,4.98,4.85,75.7
2022,HSQ,S1,Low,0.84,0.84,17.35
2022,HSC,S1,Low,,,
2022,NTP,S1,Low,0.08,0.07,2.15
2022,CHA,S1,Low,1166.62,1166.62,29664.708
2022,PIF,S1,Low,1.2,0.7,29.817
2022,ILA,S1,Low,0.66,0.66,19.597
2022,KEE,S1,Low,,,
2022,CYQ,S1,Low,9.23,9.23,210.499
2022,CYI,S1,Low,,,
2022,NTO,S1,Low,295.93,295.93,8491.403
2022,KHH,J1,Low,3046.22,3046.22,11994.928
2022,YUN,J1,Low,81.17,80.42,464.702
2022,KIN,J1,Low,0.01,0.01,0.042
2022,LIE,J1,Low,,,
2022,MLI,J1,Low,28.54,28.54,132.806
2022,HUA,J1,Low,2.04,2.04,8.464
2022,TTT,J1,Low,103.83,103.83,675.937
2022,TNN,J1,Low,819.54,819.54,4951.989
2022,TPE,J1,Low,,,
2022,TXG,J1,Low,1828.7,1826.33,9108.699
2022,PEN,J1,Low,,,
2022,TYN,J1,Low,0.86,,
2022,HSQ,J1,Low,3.53,3.53,23.394
2022,HSC,J1,Low,35.5,35.5,153.203
2022,NTP,J1,Low,,,
2022,CHA,J1,Low,874.75,872.42,3961.546
2022,PIF,J1,Low,501.43,494.82,2096.933
2022,ILA,J1,Low,1.96,1.36,9.087
2022,KEE,J1,Low,,,
2022,CYQ,J1,Low,928.89,928.89,4252.714
2022,CYI,J1,Low,48.36,48.36,67.723
2022,NTO,J1,Low,1335.04,1335.04,4480.077
2022,KHH,45,Low,3.71,3.71,38.624
2022,YUN,45,Low,3.11,3.11,17.801
2022,KIN,45,Low,,,
2022,LIE,45,Low,,,
2022,MLI,45,Low,490.66,490.66,5901.487
2022,HUA,45,Low,1.41,1.41,10.998
2022,TTT,45,Low,0.08,0.08,0.88
2022,TNN,45,Low,5.53,5.53,65.873
2022,TPE,45,Low,2.95,2.95,26.55
2022,TXG,45,Low,14.2,14.2,145.129
2022,PEN,45,Low,,,
2022,TYN,45,Low,6.71,6.71,80.578
2022,HSQ,45,Low,14.66,14.66,114.18
2022,HSC,45,Low,0.2,0.2,1.2
2022,NTP,45,Low,1.18,1.18,14.344
2022,CHA,45,Low,1.06,1.06,9.672
2022,PIF,45,Low,1.05,1.05,7.825
2022,ILA,45,Low,0.57,0.57,6.665
2022,KEE,45,Low,,,
2022,CYQ,45,Low,3.49,3.49,35.28
2022,CYI,45,Low,,,
2022,NTO,45,Low,14.86,14.86,94.735
2022,KHH,R1,Low,1931.14,1925.28,7780.763
2022,YUN,R1,Low,144.26,142.84,1642.933
2022,KIN,R1,Low,,,
2022,LIE,R1,Low,,,
2022,MLI,R1,Low,13.98,13.98,155.491
2022,HUA,R1,Low,116.67,23.94,146.45
2022,TTT,R1,Low,349,329.69,2347.923
2022,TNN,R1,Low,7244.68,7230.67,45544.906
2022,TPE,R1,Low,,,
2022,TXG,R1,Low,128.56,126.39,1198.236
2022,PEN,R1,Low,,,
2022,TYN,R1,Low,5.43,2.68,20.62
2022,HSQ,R1,Low,4.19,4.18,28.304
2022,HSC,R1,Low,1.3,0.9,10.34
2022,NTP,R1,Low,3.34,2.96,16.298
2022,CHA,R1,Low,185.17,184.11,1709.224
2022,PIF,R1,Low,5828.6,5672.56,48457.529
2022,ILA,R1,Low,6.84,6.09,65.241
2022,KEE,R1,Low,0.1,0.1,0.48
2022,CYQ,R1,Low,314.19,308.26,2776.815
2022,CYI,R1,Low,24.43,24.43,136.216
2022,NTO,R1,Low,122.21,119.76,833.906
2022,KHH,51,Low,35.58,28.71,400.141
2022,YUN,51,Low,12.4,12.4,206.487
2022,KIN,51,Low,0.26,0.26,2.177
2022,LIE,51,Low,,,
2022,MLI,51,Low,19.19,19.19,359.395
2022,HUA,51,Low,12.33,10.13,130.384
2022,TTT,51,Low,14.11,14.11,212.999
2022,TNN,51,Low,21.94,21.94,369.393
2022,TPE,51,Low,1.68,1.68,18.324
2022,TXG,51,Low,64.58,64.38,1126.224
2022,PEN,51,Low,,,
2022,TYN,51,Low,3.13,2.95,43.115
2022,HSQ,51,Low,3.41,3.41,52.29
2022,HSC,51,Low,,,
2022,NTP,51,Low,4.78,4.49,50.291
2022,CHA,51,Low,20.75,20.75,267.003
2022,PIF,51,Low,46.4,42.94,486.436
2022,ILA,51,Low,6.78,5.47,61.155
2022,KEE,51,Low,0.4,0.4,1.335
2022,CYQ,51,Low,27.58,27.58,308.652
2022,CYI,51,Low,0.45,0.45,18.9
2022,NTO,51,Low,643.82,633.68,16554.117
2022,KHH,H2,Low,6.34,6.34,66.216
2022,YUN,H2,Low,47.58,47.58,724.245
2022,KIN,H2,Low,0.04,0.04,0.352
2022,LIE,H2,Low,,,
2022,MLI,H2,Low,47.75,47.75,742.828
2022,HUA,H2,Low,10.02,10.02,99.983
2022,TTT,H2,Low,49.24,49.24,592.643
2022,TNN,H2,Low,270.49,270.41,5303.244
2022,TPE,H2,Low,4.62,4.62,48.07
2022,TXG,H2,Low,5.27,5.27,48.524
2022,PEN,H2,Low,,,
2022,TYN,H2,Low,1.16,1.13,14.46
2022,HSQ,H2,Low,0.5,0.5,7.95
2022,HSC,H2,Low,0.55,0.55,6.47
2022,NTP,H2,Low,5.29,4.95,76.549
2022,CHA,H2,Low,77.62,77.62,884.496
2022,PIF,H2,Low,1.1,0.83,9.169
2022,ILA,H2,Low,3.99,3.99,67.148
2022,KEE,H2,Low,,,
2022,CYQ,H2,Low,66.67,66.67,814.21
2022,CYI,H2,Low,12.4,12.4,174.881
2022,NTO,H2,Low,23.33,23.33,253.88
2022,KHH,31,Low,10.99,10.96,90.433
2022,YUN,31,Low,8.64,8.4,130.222
2022,KIN,31,Low,,,
2022,LIE,31,Low,,,
2022,MLI,31,Low,0.71,0.71,6.794
2022,HUA,31,Low,19.36,18.8,185.722
2022,TTT,31,Low,5264.74,5114.99,36698.284
2022,TNN,31,Low,77.74,77.74,1375.701
2022,TPE,31,Low,,,
2022,TXG,31,Low,32.76,32.58,404.266
2022,PEN,31,Low,0.38,0.38,1.195
2022,TYN,31,Low,0.3,0.2,0.72
2022,HSQ,31,Low,0.5,0.5,3
2022,HSC,31,Low,,,
2022,NTP,31,Low,0.21,0.15,0.6
2022,CHA,31,Low,34.39,34.39,320.49
2022,PIF,31,Low,28.98,22.25,252.126
2022,ILA,31,Low,1.43,1.08,11.666
2022,KEE,31,Low,,,
2022,CYQ,31,Low,3.81,3.81,35.02
2022,CYI,31,Low,,,
2022,NTO,31,Low,5.39,5.39,80.098
2022,KHH,72,Low,524.51,524.51,13296.6
2022,YUN,72,Low,451.55,451.55,11770.402
2022,KIN,72,Low,0.99,0.99,20.234
2022,LIE,72,Low,,,
2022,MLI,72,Low,186.48,186.48,3914.216
2022,HUA,72,Low,50.52,49.77,703.09
2022,TTT,72,Low,37.23,37.23,936.285
2022,TNN,72,Low,482.4,482.4,13023.575
2022,TPE,72,Low,18.02,18.02,235.267
2022,TXG,72,Low,120.7,120.7,2814.325
2022,PEN,72,Low,7.94,7.94,82.577
2022,TYN,72,Low,10.84,10.84,163.238
2022,HSQ,72,Low,58.08,58.08,1210.858
2022,HSC,72,Low,0.2,0.2,2
2022,NTP,72,Low,2.21,2.21,24.119
2022,CHA,72,Low,281.74,281.74,7257.386
2022,PIF,72,Low,54.43,54.03,1392.175
2022,ILA,72,Low,60.08,60.08,1456.411
2022,KEE,72,Low,0.05,0.05,0.473
2022,CYQ,72,Low,967.49,967.49,21438.726
2022,CYI,72,Low,8.47,8.47,166.722
2022,NTO,72,Low,570.57,570.57,13432.085
2022,KHH,P1,Low,2842.47,2822.58,73067.372
2022,YUN,P1,Low,346.28,342.76,8783.428
2022,KIN,P1,Low,1.17,1.17,14.442
2022,LIE,P1,Low,,,
2022,MLI,P1,Low,54.66,54.26,920.475
2022,HUA,P1,Low,83.24,74.17,1040.193
2022,TTT,P1,Low,106.49,102.69,1700.501
2022,TNN,P1,Low,1610.96,1595.5,35044.989
2022,TPE,P1,Low,3.23,3.23,27.914
2022,TXG,P1,Low,136.67,134.77,2579.15
2022,PEN,P1,Low,5.33,5.33,25.031
2022,TYN,P1,Low,36.84,23.95,240.357
2022,HSQ,P1,Low,24.88,24.88,443.857
2022,HSC,P1,Low,9.63,9.63,172.232
2022,NTP,P1,Low,49.72,45.27,507.539
2022,CHA,P1,Low,1366.8,1355.34,41475.272
2022,PIF,P1,Low,612.83,540.95,14490.152
2022,ILA,P1,Low,205.64,199.66,4494.977
2022,KEE,P1,Low,0.15,0.15,1.092
2022,CYQ,P1,Low,385.03,376.89,8661.79
2022,CYI,P1,Low,12.03,12.03,265.339
2022,NTO,P1,Low,183.97,181.75,3443.396
2022,KHH,C5,Low,,,
2022,YUN,C5,Low,,,
2022,KIN,C5,Low,,,
2022,LIE,C5,Low,,,
2022,MLI,C5,Low,1.1,1.1,10.48
2022,HUA,C5,Low,1.65,1.65,16.302
2022,TTT,C5,Low,1.71,1.71,16.141
2022,TNN,C5,Low,1.5,1.5,27.967
2022,TPE,C5,Low,,,
2022,TXG,C5,Low,0.73,0.73,8.577
2022,PEN,C5,Low,,,
2022,TYN,C5,Low,,,
2022,HSQ,C5,Low,,,
2022,HSC,C5,Low,,,
2022,NTP,C5,Low,,,
2022,CHA,C5,Low,0.27,0.27,2.44
2022,PIF,C5,Low,,,
2022,ILA,C5,Low,1.31,1.31,17.093
2022,KEE,C5,Low,,,
2022,CYQ,C5,Low,0.69,0.69,8.876
2022,CYI,C5,Low,,,
2022,NTO,C5,Low,,,
2022,KHH,W1,Low,89.73,89.73,1157.098
2022,YUN,W1,Low,255.9,255.9,4373.709
2022,KIN,W1,Low,,,
2022,LIE,W1,Low,,,
2022,MLI,W1,Low,0.75,0.75,6.85
2022,HUA,W1,Low,1.01,1.01,10.8
2022,TTT,W1,Low,5,5,60
2022,TNN,W1,Low,1173,1173,14012.6
2022,TPE,W1,Low,0.09,0.09,0.562
2022,TXG,W1,Low,4.33,4.33,55.305
2022,PEN,W1,Low,35.14,35.14,269.675
2022,TYN,W1,Low,24.28,24.28,254.875
2022,HSQ,W1,Low,20.98,20.98,250.04
2022,HSC,W1,Low,,,
2022,NTP,W1,Low,0.01,0.01,0.11
2022,CHA,W1,Low,74.65,74.65,1350.002
2022,PIF,W1,Low,145.1,145.1,1893.942
2022,ILA,W1,Low,29.7,29.7,209.4
2022,KEE,W1,Low,,,
2022,CYQ,W1,Low,271.41,271.41,3411.426
2022,CYI,W1,Low,,,
2022,NTO,W1,Low,2.75,2.75,47.48
2022,KHH,F1,Low,195.02,194.7,2984.482
2022,YUN,F1,Low,27.27,27.27,338.824
2022,KIN,F1,Low,0.17,0.17,1.766
2022,LIE,F1,Low,,,
2022,MLI,F1,Low,5,4.2,47.276
2022,HUA,F1,Low,54.88,38.71,321.945
2022,TTT,F1,Low,90.54,90.54,970.066
2022,TNN,F1,Low,53.69,53.44,672.272
2022,TPE,F1,Low,0.65,0.65,2.73
2022,TXG,F1,Low,48.02,47.97,643.224
2022,PEN,F1,Low,0.05,0.05,0.8
2022,TYN,F1,Low,5.32,4.62,36.987
2022,HSQ,F1,Low,5.11,5.06,63.742
2022,HSC,F1,Low,,,
2022,NTP,F1,Low,2.02,0.8,6.692
2022,CHA,F1,Low,57.01,56.96,690.815
2022,PIF,F1,Low,1784.57,1721.17,26557.167
2022,ILA,F1,Low,7.21,7,100.283
2022,KEE,F1,Low,,,
2022,CYQ,F1,Low,86.25,75.95,1112.179
2022,CYI,F1,Low,1.6,1.6,21.952
2022,NTO,F1,Low,75.42,74.02,1035.23
2022,KHH,G7,Low,5.05,5.05,46.496
2022,YUN,G7,Low,,,
2022,KIN,G7,Low,,,
2022,LIE,G7,Low,,,
2022,MLI,G7,Low,26.42,26.42,219.607
2022,HUA,G7,Low,3.1,3,27
2022,TTT,G7,Low,28.94,28.94,193.043
2022,TNN,G7,Low,12.98,12.98,89.545
2022,TPE,G7,Low,,,
2022,TXG,G7,Low,15.76,15.76,120.281
2022,PEN,G7,Low,,,
2022,TYN,G7,Low,2.02,2,6.912
2022,HSQ,G7,Low,5.07,5.07,36.244
2022,HSC,G7,Low,0.08,0.08,0.7
2022,NTP,G7,Low,,,
2022,CHA,G7,Low,1.1,1.1,7.822
2022,PIF,G7,Low,0.18,,
2022,ILA,G7,Low,,,
2022,KEE,G7,Low,,,
2022,CYQ,G7,Low,6.23,6.23,69.46
2022,CYI,G7,Low,2.2,2.2,13.94
2022,NTO,G7,Low,49.89,49.89,355.76
2022,KHH,M3,Low,6.42,6.42,64.211
2022,YUN,M3,Low,12.53,12.53,175.516
2022,KIN,M3,Low,0.05,0.05,0.438
2022,LIE,M3,Low,,,
2022,MLI,M3,Low,55.32,55.32,784.399
2022,HUA,M3,Low,0.05,0.05,0.3
2022,TTT,M3,Low,2.71,2.71,29.371
2022,TNN,M3,Low,202.54,202.54,2807.607
2022,TPE,M3,Low,1.72,1.72,10.955
2022,TXG,M3,Low,32.36,32.36,540.734
2022,PEN,M3,Low,,,
2022,TYN,M3,Low,0.25,,
2022,HSQ,M3,Low,4.64,4.64,46.18
2022,HSC,M3,Low,,,
2022,NTP,M3,Low,,,
2022,CHA,M3,Low,143.65,143.65,906.46
2022,PIF,M3,Low,11.14,10.94,123.37
2022,ILA,M3,Low,13.05,13.04,156.536
2022,KEE,M3,Low,0.02,0.02,0.144
2022,CYQ,M3,Low,5.15,5.15,63.183
2022,CYI,M3,Low,,,
2022,NTO,M3,Low,22.15,22.15,233.488
2022,KHH,C1,Low,0.97,0.97,10.001
2022,YUN,C1,Low,426.05,424.99,10620.901
2022,KIN,C1,Low,,,
2022,LIE,C1,Low,,,
2022,MLI,C1,Low,376.37,376.37,5949.18
2022,HUA,C1,Low,10.17,6.27,54.744
2022,TTT,C1,Low,19.74,19.74,213.876
2022,TNN,C1,Low,900.98,900.83,25229.835
2022,TPE,C1,Low,6.73,6.73,46.307
2022,TXG,C1,Low,1405.62,1382.8,22225.868
2022,PEN,C1,Low,,,
2022,TYN,C1,Low,2.58,2.58,41.689
2022,HSQ,C1,Low,223.12,223.12,3426.667
2022,HSC,C1,Low,,,
2022,NTP,C1,Low,1.13,0.94,7.688
2022,CHA,C1,Low,6.98,6.98,116.456
2022,PIF,C1,Low,,,
2022,ILA,C1,Low,5.75,5.75,87.081
2022,KEE,C1,Low,,,
2022,CYQ,C1,Low,1574.22,1568.57,33289.115
2022,CYI,C1,Low,0.7,0.7,15.3
2022,NTO,C1,Low,41.05,41.05,490.266
2022,KHH,22,Low,756.27,755.09,13424.316
2022,YUN,22,Low,17.05,17.05,252.894
2022,KIN,22,Low,0.02,0.02,0.16
2022,LIE,22,Low,,,
2022,MLI,22,Low,95.89,95.89,511.69
2022,HUA,22,Low,0.1,0.1,1.24
2022,TTT,22,Low,2.43,2.43,25.33
2022,TNN,22,Low,261.74,258.04,4189.199
2022,TPE,22,Low,,,
2022,TXG,22,Low,8.52,8.52,113.721
2022,PEN,22,Low,,,
2022,TYN,22,Low,0.48,0.15,0.416
2022,HSQ,22,Low,0.51,0.51,2.65
2022,HSC,22,Low,,,
2022,NTP,22,Low,0.03,,
2022,CHA,22,Low,5.66,5.66,65.802
2022,PIF,22,Low,527.12,520.57,9444.917
2022,ILA,22,Low,,,
2022,KEE,22,Low,,,
2022,CYQ,22,Low,67.78,67.78,778.724
2022,CYI,22,Low,0.2,0.2,2.4
2022,NTO,22,Low,25.65,25.65,296.497
2022,KHH,O10,High,17.39,16.39,138.625
2022,YUN,O10,High,1.29,1.29,14.64
2022,KIN,O10,High,,,
2022,LIE,O10,High,,,
2022,MLI,O10,High,1199.1,1199.1,28968.091
2022,HUA,O10,High,12.97,12.97,94.586
2022,TTT,O10,High,11.71,11.71,106.734
2022,TNN,O10,High,2.73,2.73,26.671
2022,TPE,O10,High,0.28,0.28,2.01
2022,TXG,O10,High,3341.83,3341.14,64968.188
2022,PEN,O10,High,,,
2022,TYN,O10,High,10.66,9.74,57.088
2022,HSQ,O10,High,132.05,132.05,1866.461
2022,HSC,O10,High,,,
2022,NTP,O10,High,10.51,8.24,47.75
2022,CHA,O10,High,50.29,50.29,449.073
2022,PIF,O10,High,2.69,2.69,25.566
2022,ILA,O10,High,55.47,53.25,671.685
2022,KEE,O10,High,,,
2022,CYQ,O10,High,79.14,79.14,1455.554
2022,CYI,O10,High,,,
2022,NTO,O10,High,18.87,18.87,278.714
2022,KHH,41,High,1398.05,1398.05,8913.943
2022,YUN,41,High,22,22,102.96
2022,KIN,41,High,,,
2022,LIE,41,High,,,
2022,MLI,41,High,25.78,25.78,139.612
2022,HUA,41,High,67.38,67.18,225.896
2022,TTT,41,High,441.77,441.57,1417.8
2022,TNN,41,High,312.33,312.33,1684.438
2022,TPE,41,High,0.39,0.39,1.331
2022,TXG,41,High,103.16,102.66,625.438
2022,PEN,41,High,,,
2022,TYN,41,High,1.21,0.93,3.862
2022,HSQ,41,High,1.9,1.9,9.675
2022,HSC,41,High,,,
2022,NTP,41,High,0.42,0.39,1.287
2022,CHA,41,High,0.48,0.48,2.034
2022,PIF,41,High,1,1,6.4
2022,ILA,41,High,0.2,,
2022,KEE,41,High,,,
2022,CYQ,41,High,63.75,63.75,430.31
2022,CYI,41,High,,,
2022,NTO,41,High,940.68,924.88,5432.844
2022,KHH,D1,Low,0.41,0.41,3.7
2022,YUN,D1,Low,0.48,0.48,9.638
2022,KIN,D1,Low,,,
2022,LIE,D1,Low,,,
2022,MLI,D1,Low,717.65,712.95,11279.947
2022,HUA,D1,Low,21.8,21.8,219.566
2022,TTT,D1,Low,157.38,157.38,2040.369
2022,TNN,D1,Low,1.3,1.3,12.834
2022,TPE,D1,Low,27.81,27.81,223.385
2022,TXG,D1,Low,525.95,512.25,10002.088
2022,PEN,D1,Low,,,
2022,TYN,D1,Low,51.86,50.43,858.418
2022,HSQ,D1,Low,1300.64,1300.64,20450.549
2022,HSC,D1,Low,2.22,2.22,39.792
2022,NTP,D1,Low,62.84,61.19,715.438
2022,CHA,D1,Low,1.08,1.08,10.67
2022,PIF,D1,Low,,,
2022,ILA,D1,Low,99.89,97.52,1075.407
2022,KEE,D1,Low,,,
2022,CYQ,D1,Low,5.4,5.4,92.076
2022,CYI,D1,Low,,,
2022,NTO,D1,Low,7.35,7.35,76.554
2022,KHH,Y1,High,63.87,63.87,221.506
2022,YUN,Y1,High,6.11,5.91,38.598
2022,KIN,Y1,High,,,
2022,LIE,Y1,High,,,
2022,MLI,Y1,High,92.21,92.21,690.612
2022,HUA,Y1,High,9.86,8.96,53.028
2022,TTT,Y1,High,27.43,27.28,133.977
2022,TNN,Y1,High,2.73,2.73,26.707
2022,TPE,Y1,High,,,
2022,TXG,Y1,High,1197.57,1195.97,11836.062
2022,PEN,Y1,High,,,
2022,TYN,Y1,High,226.57,225.64,1800.038
2022,HSQ,Y1,High,124.05,124.05,778.077
2022,HSC,Y1,High,0.01,0.01,0.087
2022,NTP,Y1,High,4.89,3.41,22.6
2022,CHA,Y1,High,7.62,7.52,59.344
2022,PIF,Y1,High,5.8,5.8,40.73
2022,ILA,Y1,High,19.02,19.02,172.723
2022,KEE,Y1,High,0.01,0.01,0.07
2022,CYQ,Y1,High,27.65,27.65,320.869
2022,CYI,Y1,High,,,
2022,NTO,Y1,High,118.98,116,872.564
2022,KHH,Z4,High,21.25,21.25,114.961
2022,YUN,Z4,High,10.4,10.4,116.48
2022,KIN,Z4,High,,,
2022,LIE,Z4,High,,,
2022,MLI,Z4,High,417.92,417.92,4489.444
2022,HUA,Z4,High,30.22,26.72,146.877
2022,TTT,Z4,High,73.49,73.49,402.976
2022,TNN,Z4,High,2.93,2.93,22.715
2022,TPE,Z4,High,3.36,3.36,21.149
2022,TXG,Z4,High,3355.61,3354.59,52139.542
2022,PEN,Z4,High,,,
2022,TYN,Z4,High,63.63,63.6,725.04
2022,HSQ,Z4,High,230.02,230.01,1866.643
2022,HSC,Z4,High,,,
2022,NTP,Z4,High,11.9,9.79,52.536
2022,CHA,Z4,High,1.68,1.68,14.2
2022,PIF,Z4,High,0.1,0.1,0.762
2022,ILA,Z4,High,16.77,16.26,217.462
2022,KEE,Z4,High,,,
2022,CYQ,Z4,High,350.85,349.35,2684.695
2022,CYI,Z4,High,,,
2022,NTO,Z4,High,181.73,181.73,1640.8
2022,KHH,E1,Low,11.59,11.59,144.341
2022,YUN,E1,Low,1452.21,1445.91,45854.54
2022,KIN,E1,Low,0.04,0.04,0.382
2022,LIE,E1,Low,,,
2022,MLI,E1,Low,12.34,12.34,223.277
2022,HUA,E1,Low,29.7,28,247.296
2022,TTT,E1,Low,21.39,21.39,231.441
2022,TNN,E1,Low,1725.67,1725.67,47938.342
2022,TPE,E1,Low,3.2,3.2,28.8
2022,TXG,E1,Low,21.04,20.79,339.17
2022,PEN,E1,Low,,,
2022,TYN,E1,Low,2.23,2.06,19.78
2022,HSQ,E1,Low,73.35,73.35,1373.599
2022,HSC,E1,Low,0.03,0.03,0.72
2022,NTP,E1,Low,4.47,4.41,39.49
2022,CHA,E1,Low,27.53,27.53,578.985
2022,PIF,E1,Low,4.73,2.77,30.211
2022,ILA,E1,Low,51.63,50.23,605.725
2022,KEE,E1,Low,,,
2022,CYQ,E1,Low,953.66,927.67,20048.171
2022,CYI,E1,Low,45.7,45.7,735.77
2022,NTO,E1,Low,428.63,422.93,7808.732
2022,KHH,L1,Low,0.51,0.51,3.946
2022,YUN,L1,Low,0.1,0.1,0.529
2022,KIN,L1,Low,,,
2022,LIE,L1,Low,,,
2022,MLI,L1,Low,37.95,37.95,260.922
2022,HUA,L1,Low,3.06,3.01,19.481
2022,TTT,L1,Low,126.01,125.11,721.114
2022,TNN,L1,Low,0.03,0.03,0.182
2022,TPE,L1,Low,0.01,0.01,0.052
2022,TXG,L1,Low,753.58,753.58,5036.432
2022,PEN,L1,Low,,,
2022,TYN,L1,Low,6.8,6.75,51.84
2022,HSQ,L1,Low,0.39,0.39,2.427
2022,HSC,L1,Low,,,
2022,NTP,L1,Low,0.05,0.01,0.04
2022,CHA,L1,Low,,,
2022,PIF,L1,Low,,,
2022,ILA,L1,Low,2.23,1.42,9.984
2022,KEE,L1,Low,,,
2022,CYQ,L1,Low,0.1,0.1,0.64
2022,CYI,L1,Low,,,
2022,NTO,L1,Low,111.25,111.23,995.545
2022,KHH,N3,High,156.99,156.99,495.613
2022,YUN,N3,High,1.3,1.3,5.2
2022,KIN,N3,High,,,
2022,LIE,N3,High,,,
2022,MLI,N3,High,506.26,506.26,2978.022
2022,HUA,N3,High,10.29,10.29,69.024
2022,TTT,N3,High,107.39,107.39,866.998
2022,TNN,N3,High,0.9,0.9,8.1
2022,TPE,N3,High,,,
2022,TXG,N3,High,239.22,239.22,2066.95
2022,PEN,N3,High,,,
2022,TYN,N3,High,5.9,5.77,13.67
2022,HSQ,N3,High,29.17,29.17,264.528
2022,HSC,N3,High,,,
2022,NTP,N3,High,2.39,2.34,10.523
2022,CHA,N3,High,1.5,1.4,13.6
2022,PIF,N3,High,7.33,7.33,47.357
2022,ILA,N3,High,13.18,12.95,183.804
2022,KEE,N3,High,,,
2022,CYQ,N3,High,14.72,14.72,95.892
2022,CYI,N3,High,,,
2022,NTO,N3,High,214.34,214.34,1684.904
2022,KHH,I1,Low,291.05,289.57,15850.812
2022,YUN,I1,Low,196.09,186.04,9209.762
2022,KIN,I1,Low,0.27,0.27,5.71
2022,LIE,I1,Low,,,
2022,MLI,I1,Low,35.72,35.72,1216.915
2022,HUA,I1,Low,22.03,21.13,537.194
2022,TTT,I1,Low,55.28,51.78,1470.623
2022,TNN,I1,Low,639.02,624.75,31106.672
2022,TPE,I1,Low,3.2,3.2,48.989
2022,TXG,I1,Low,16.36,16.14,680.87
2022,PEN,I1,Low,1.08,1.08,5.676
2022,TYN,I1,Low,7.08,6.99,124.482
2022,HSQ,I1,Low,5.57,5.57,227.113
2022,HSC,I1,Low,0.11,0.11,5.488
2022,NTP,I1,Low,3.46,3.36,68.237
2022,CHA,I1,Low,38.84,38.54,1457.956
2022,PIF,I1,Low,698.06,683.76,35037.949
2022,ILA,I1,Low,5.78,5.78,140.665
2022,KEE,I1,Low,0.04,0.04,0.432
2022,CYQ,I1,Low,270.61,243.61,12084.693
2022,CYI,I1,Low,10.02,10.02,461.196
2022,NTO,I1,Low,430.34,374.48,18601.128
2022,KHH,H1,Low,16.76,16.76,168.926
2022,YUN,H1,Low,242.23,237.84,5783.855
2022,KIN,H1,Low,0.11,0.11,0.743
2022,LIE,H1,Low,,,
2022,MLI,H1,Low,419.18,419.03,5792.972
2022,HUA,H1,Low,940.59,890.57,15397.529
2022,TTT,H1,Low,81.27,81.27,1118.099
2022,TNN,H1,Low,1097.84,1077.74,25616.193
2022,TPE,H1,Low,14.68,14.68,124.502
2022,TXG,H1,Low,87.98,87.51,1201.018
2022,PEN,H1,Low,,,
2022,TYN,H1,Low,28.24,24.75,234.388
2022,HSQ,H1,Low,68.22,68.22,739.593
2022,HSC,H1,Low,6.43,6.43,80.044
2022,NTP,H1,Low,441.65,433.66,7695.541
2022,CHA,H1,Low,39.65,39.65,667.395
2022,PIF,H1,Low,0.88,0.6,7.971
2022,ILA,H1,Low,221.37,197.55,2667.25
2022,KEE,H1,Low,17.22,17.22,168.411
2022,CYQ,H1,Low,166.02,166.02,1992.645
2022,CYI,H1,Low,3.4,3.4,35.7
2022,NTO,H1,Low,89.17,89.17,1322.961
2022,KHH,11,Low,417.21,417.06,3823.281
2022,YUN,11,Low,2.42,2.28,22.621
2022,KIN,11,Low,,,
2022,LIE,11,Low,,,
2022,MLI,11,Low,,,
2022,HUA,11,Low,44.43,21.92,106.09
2022,TTT,11,Low,578.58,578.18,4711.721
2022,TNN,11,Low,144.41,143.81,1863.34
2022,TPE,11,Low,,,
2022,TXG,11,Low,0.54,0.13,1.028
2022,PEN,11,Low,0.01,,
2022,TYN,11,Low,,,
2022,HSQ,11,Low,,,
2022,HSC,11,Low,,,
2022,NTP,11,Low,,,
2022,CHA,11,Low,0.1,0.1,0.75
2022,PIF,11,Low,692.8,652.93,6188.702
2022,ILA,11,Low,0.05,0.05,0.594
2022,KEE,11,Low,,,
2022,CYQ,11,Low,12.59,9.39,90.99
2022,CYI,11,Low,0.58,0.58,6.594
2022,NTO,11,Low,1.8,1.8,15.581
2021,KHH,K3,Low,1402.39,1382.85,6934.377
2021,YUN,K3,Low,34.83,34.83,226.108
2021,KIN,K3,Low,0.42,0.42,1.379
2021,LIE,K3,Low,,,
2021,MLI,K3,Low,63,63,385.587
2021,HUA,K3,Low,10.5,4.43,17.841
2021,TTT,K3,Low,18.32,18.32,133.972
2021,TNN,K3,Low,3713.96,3713.96,20149.695
2021,TPE,K3,Low,1.66,1.66,8.804
2021,TXG,K3,Low,2194.14,2194.14,14841.506
2021,PEN,K3,Low,,,
2021,TYN,K3,Low,0.38,0.14,0.69
2021,HSQ,K3,Low,9.8,9.8,60.951
2021,HSC,K3,Low,,,
2021,NTP,K3,Low,0.51,0.41,3.36
2021,CHA,K3,Low,660.77,660.77,3140.842
2021,PIF,K3,Low,20.82,12.54,91.948
2021,ILA,K3,Low,9.25,7,50.988
2021,KEE,K3,Low,,,
2021,CYQ,K3,Low,1011.41,1005.21,7346.384
2021,CYI,K3,Low,39.83,39.83,241.225
2021,NTO,K3,Low,1325.3,1325.3,6130.391
2021,KHH,B2,Low,1533.89,1029.97,54063.153
2021,YUN,B2,Low,929.04,508.04,26467.483
2021,KIN,B2,Low,,,
2021,LIE,B2,Low,,,
2021,MLI,B2,Low,4.81,4.81,165.714
2021,HUA,B2,Low,147.76,113.58,4026.538
2021,TTT,B2,Low,350.11,257.41,10092.274
2021,TNN,B2,Low,1706.72,1138.02,59965.834
2021,TPE,B2,Low,,,
2021,TXG,B2,Low,152.6,151.6,6868.963
2021,PEN,B2,Low,0.03,0.03,0.81
2021,TYN,B2,Low,0.5,0.44,17.438
2021,HSQ,B2,Low,0.2,0.2,4
2021,HSC,B2,Low,,,
2021,NTP,B2,Low,2.97,2.58,66.18
2021,CHA,B2,Low,252.85,178.72,8890.89
2021,PIF,B2,Low,3632.35,2400.15,124749.302
2021,ILA,B2,Low,40.1,40.06,1216.598
2021,KEE,B2,Low,0.06,0.06,1.5
2021,CYQ,B2,Low,1508.6,1028.38,51835.262
2021,CYI,B2,Low,81.28,57.68,2472.043
2021,NTO,B2,Low,1181.23,885.22,51932.238
2021,KHH,A1,Low,2215.18,2202.47,55298.422
2021,YUN,A1,Low,668.09,636.64,22835.834
2021,KIN,A1,Low,0.8,0.8,12.313
2021,LIE,A1,Low,,,
2021,MLI,A1,Low,122.15,122.15,2945.762
2021,HUA,A1,Low,541.92,361.72,7423.418
2021,TTT,A1,Low,492.71,489.21,12559.59
2021,TNN,A1,Low,1000.75,999,20051.49
2021,TPE,A1,Low,7.96,7.96,105.658
2021,TXG,A1,Low,622.8,616.13,8923.255
2021,PEN,A1,Low,2.36,2.36,39.559
2021,TYN,A1,Low,61.98,58.08,850.3
2021,HSQ,A1,Low,113.5,113.5,2036.705
2021,HSC,A1,Low,6.85,6.85,115.417
2021,NTP,A1,Low,77.87,72.28,1448.242
2021,CHA,A1,Low,134.57,134.08,3250.014
2021,PIF,A1,Low,4025.81,3626.69,96374.955
2021,ILA,A1,Low,107.99,104.74,2738.329
2021,KEE,A1,Low,4.24,4.24,47.236
2021,CYQ,A1,Low,2514.15,2434.37,48718.181
2021,CYI,A1,Low,35.94,35.94,794.88
2021,NTO,A1,Low,3015.08,3013.63,50574.011
2021,KHH,V1,Low,844.88,844.88,9982.709
2021,YUN,V1,Low,394.71,394.71,6258.775
2021,KIN,V1,Low,,,
2021,LIE,V1,Low,,,
2021,MLI,V1,Low,29.42,29.42,196.504
2021,HUA,V1,Low,0.15,0.15,2.01
2021,TTT,V1,Low,,,
2021,TNN,V1,Low,106.09,106.09,842.909
2021,TPE,V1,Low,0.19,0.19,1.575
2021,TXG,V1,Low,45.92,45.92,574.763
2021,PEN,V1,Low,,,
2021,TYN,V1,Low,20.27,20.27,311.155
2021,HSQ,V1,Low,6.81,6.81,89.5
2021,HSC,V1,Low,0.3,0.3,4.2
2021,NTP,V1,Low,4.37,4.37,38.284
2021,CHA,V1,Low,221.67,221.67,2938.3
2021,PIF,V1,Low,446.4,446.4,5374.138
2021,ILA,V1,Low,45.61,45.61,743.027
2021,KEE,V1,Low,,,
2021,CYQ,V1,Low,289.83,289.83,3212.156
2021,CYI,V1,Low,2.32,2.32,26.289
2021,NTO,V1,Low,2.53,2.53,27.252
2021,KHH,T1,Low,395.25,395.25,5478.216
2021,YUN,T1,Low,1245.03,1245.03,24478.115
2021,KIN,T1,Low,0.53,0.53,7.927
2021,LIE,T1,Low,,,
2021,MLI,T1,Low,246.1,246.1,3660.509
2021,HUA,T1,Low,1566.81,1566.81,39793.575
2021,TTT,T1,Low,44.86,44.86,585.06
2021,TNN,T1,Low,1299.3,1299.3,15189.367
2021,TPE,T1,Low,,,
2021,TXG,T1,Low,302.45,302.45,6503.877
2021,PEN,T1,Low,40.95,40.95,285.545
2021,TYN,T1,Low,201.38,201.38,5152.658
2021,HSQ,T1,Low,34.1,34.1,815.16
2021,HSC,T1,Low,2.4,2.4,34.2
2021,NTP,T1,Low,58.44,58.44,1010.383
2021,CHA,T1,Low,304.82,304.82,6738.31
2021,PIF,T1,Low,764.71,764.71,13518.467
2021,ILA,T1,Low,728.59,728.59,21813.008
2021,KEE,T1,Low,,,
2021,CYQ,T1,Low,390.29,390.29,5858.198
2021,CYI,T1,Low,0.6,0.6,9.6
2021,NTO,T1,Low,17.1,17.1,258.05
2021,KHH,X69,High,,,
2021,YUN,X69,High,,,
2021,KIN,X69,High,0.02,0.02,0.064
2021,LIE,X69,High,,,
2021,MLI,X69,High,,,
2021,HUA,X69,High,1.25,1.25,6.254
2021,TTT,X69,High,,,
2021,TNN,X69,High,0.62,0.62,3.472
2021,TPE,X69,High,,,
2021,TXG,X69,High,155.2,155.2,1086.4
2021,PEN,X69,High,,,
2021,TYN,X69,High,1,1,9
2021,HSQ,X69,High,,,
2021,HSC,X69,High,,,
2021,NTP,X69,High,,,
2021,CHA,X69,High,,,
2021,PIF,X69,High,,,
2021,ILA,X69,High,,,
2021,KEE,X69,High,,,
2021,CYQ,X69,High,0.06,0.06,0.525
2021,CYI,X69,High,,,
2021,NTO,X69,High,28.1,28.1,352.374
2021,KHH,Q1,Low,406.48,406.44,4824.649
2021,YUN,Q1,Low,24.2,24.2,178.657
2021,KIN,Q1,Low,,,
2021,LIE,Q1,Low,,,
2021,MLI,Q1,Low,2.21,2.21,17.762
2021,HUA,Q1,Low,48.13,19.99,74.389
2021,TTT,Q1,Low,5.12,5.12,34.275
2021,TNN,Q1,Low,33.5,33.5,322.215
2021,TPE,Q1,Low,3.2,3.2,18.29
2021,TXG,Q1,Low,11.03,11.03,128.43
2021,PEN,Q1,Low,,,
2021,TYN,Q1,Low,0.16,0.16,0.61
2021,HSQ,Q1,Low,1.69,1.69,15.854
2021,HSC,Q1,Low,,,
2021,NTP,Q1,Low,1.07,,
2021,CHA,Q1,Low,5.16,5.16,32.459
2021,PIF,Q1,Low,2085.42,2068.89,34426.49
2021,ILA,Q1,Low,105.04,96.13,1112.231
2021,KEE,Q1,Low,1.44,1.44,6.627
2021,CYQ,Q1,Low,209.2,208.7,4216.954
2021,CYI,Q1,Low,2.15,2.15,13.8
2021,NTO,Q1,Low,78.92,78.92,683.805
2021,KHH,H4,Low,2.6,2.6,25.192
2021,YUN,H4,Low,87.87,87.12,1747.573
2021,KIN,H4,Low,,,
2021,LIE,H4,Low,,,
2021,MLI,H4,Low,2.54,2.54,33.844
2021,HUA,H4,Low,32.54,24.42,236.929
2021,TTT,H4,Low,20.52,20.52,232.914
2021,TNN,H4,Low,17.79,17.79,283.367
2021,TPE,H4,Low,1.45,1.45,10.745
2021,TXG,H4,Low,2.59,2.59,32.742
2021,PEN,H4,Low,,,
2021,TYN,H4,Low,,,
2021,HSQ,H4,Low,5.81,5.81,70.805
2021,HSC,H4,Low,2.8,2.8,41.37
2021,NTP,H4,Low,6.14,6.14,71.653
2021,CHA,H4,Low,2.9,2.9,34.856
2021,PIF,H4,Low,8.11,8.11,82.016
2021,ILA,H4,Low,2.95,2.95,48.528
2021,KEE,H4,Low,,,
2021,CYQ,H4,Low,263.78,263.68,3835.66
2021,CYI,H4,Low,22.2,22.2,363.63
2021,NTO,H4,Low,2.47,2.27,28.526
2021,KHH,S1,Low,3.16,3.16,80.534
2021,YUN,S1,Low,4.49,4.49,52.6
2021,KIN,S1,Low,,,
2021,LIE,S1,Low,,,
2021,MLI,S1,Low,435.65,435.65,15593.127
2021,HUA,S1,Low,,,
2021,TTT,S1,Low,2.35,2.35,62.176
2021,TNN,S1,Low,2.88,2.88,90.368
2021,TPE,S1,Low,,,
2021,TXG,S1,Low,461.79,460.79,12827.65
2021,PEN,S1,Low,,,
2021,TYN,S1,Low,4.93,4.58,143.598
2021,HSQ,S1,Low,1.19,0.99,20.77
2021,HSC,S1,Low,,,
2021,NTP,S1,Low,0.06,0.06,1.95
2021,CHA,S1,Low,1209.36,1209.36,32332.179
2021,PIF,S1,Low,1.2,0.7,38.172
2021,ILA,S1,Low,0.7,0.69,22.341
2021,KEE,S1,Low,,,
2021,CYQ,S1,Low,9.73,9.73,266.755
2021,CYI,S1,Low,,,
2021,NTO,S1,Low,331.48,331.48,8367.677
2021,KHH,J1,Low,3052.82,3052.82,18211.348
2021,YUN,J1,Low,80.94,79.98,542.13
2021,KIN,J1,Low,0.01,0.01,0.035
2021,LIE,J1,Low,,,
2021,MLI,J1,Low,28.54,28.54,151.919
2021,HUA,J1,Low,0.95,0.81,3.196
2021,TTT,J1,Low,103.31,103.31,677.239
2021,TNN,J1,Low,873.24,873.24,6979.238
2021,TPE,J1,Low,,,
2021,TXG,J1,Low,1856.16,1854.96,10161.605
2021,PEN,J1,Low,,,
2021,TYN,J1,Low,0.1,0.1,0.637
2021,HSQ,J1,Low,1.83,1.83,12.174
2021,HSC,J1,Low,35.5,35.5,203.064
2021,NTP,J1,Low,,,
2021,CHA,J1,Low,872.63,872.63,5771.132
2021,PIF,J1,Low,509.76,503.32,2857.749
2021,ILA,J1,Low,1.76,1.16,7.863
2021,KEE,J1,Low,,,
2021,CYQ,J1,Low,863.29,863.29,5986.03
2021,CYI,J1,Low,48.2,48.2,293.722
2021,NTO,J1,Low,1337.97,1337.97,6138.225
2021,KHH,45,Low,3.02,3.02,30.092
2021,YUN,45,Low,2.47,2.47,14.47
2021,KIN,45,Low,,,
2021,LIE,45,Low,,,
2021,MLI,45,Low,450.79,450.79,8535.22
2021,HUA,45,Low,1.61,1.61,12.88
2021,TTT,45,Low,0.38,0.38,4.18
2021,TNN,45,Low,4.08,4.08,53.76
2021,TPE,45,Low,4.1,4.1,37.72
2021,TXG,45,Low,7.04,7.04,74.434
2021,PEN,45,Low,0.02,0.02,0.08
2021,TYN,45,Low,6.05,6.05,70.793
2021,HSQ,45,Low,13.62,13.62,129.745
2021,HSC,45,Low,0.03,0.03,0.24
2021,NTP,45,Low,1.15,1.15,14.277
2021,CHA,45,Low,1.39,1.39,13.3
2021,PIF,45,Low,0.46,0.46,4.257
2021,ILA,45,Low,0.48,0.48,6.09
2021,KEE,45,Low,,,
2021,CYQ,45,Low,2.41,2.41,29.21
2021,CYI,45,Low,,,
2021,NTO,45,Low,10.1,10.1,110.8
2021,KHH,R1,Low,1940.2,1937.77,14675.634
2021,YUN,R1,Low,145.59,144.25,1617.988
2021,KIN,R1,Low,,,
2021,LIE,R1,Low,,,
2021,MLI,R1,Low,15.14,15.14,174.55
2021,HUA,R1,Low,123.71,62.47,403.763
2021,TTT,R1,Low,330.73,318.18,2750.904
2021,TNN,R1,Low,7244.8,7236.7,82761.171
2021,TPE,R1,Low,,,
2021,TXG,R1,Low,127.51,126.37,1209.479
2021,PEN,R1,Low,,,
2021,TYN,R1,Low,3.44,2.27,17.572
2021,HSQ,R1,Low,3.28,3.28,22.959
2021,HSC,R1,Low,1.3,0.9,12.165
2021,NTP,R1,Low,1.98,1.71,11.594
2021,CHA,R1,Low,169.99,169.93,1717.317
2021,PIF,R1,Low,5789.57,5677.65,60997.874
2021,ILA,R1,Low,7.64,6.85,83.266
2021,KEE,R1,Low,0.1,0.1,0.48
2021,CYQ,R1,Low,329.68,328.48,3656.405
2021,CYI,R1,Low,24.77,24.77,344.81
2021,NTO,R1,Low,109.95,108.05,1204.033
2021,KHH,51,Low,25.46,25.46,367.218
2021,YUN,51,Low,13.86,13.86,216.135
2021,KIN,51,Low,0.26,0.26,2.267
2021,LIE,51,Low,,,
2021,MLI,51,Low,18.56,18.56,387.26
2021,HUA,51,Low,17.91,14.29,186.836
2021,TTT,51,Low,16.98,16.98,256.534
2021,TNN,51,Low,27.49,27.49,455.271
2021,TPE,51,Low,1.59,1.59,18.143
2021,TXG,51,Low,53.56,53.27,973.101
2021,PEN,51,Low,,,
2021,TYN,51,Low,3.02,2.96,40.237
2021,HSQ,51,Low,3.17,3.17,48.132
2021,HSC,51,Low,,,
2021,NTP,51,Low,4.21,4.01,44.487
2021,CHA,51,Low,18.96,18.96,240.658
2021,PIF,51,Low,34.98,32,360.571
2021,ILA,51,Low,7.16,6.09,64.107
2021,KEE,51,Low,0.27,0.27,0.906
2021,CYQ,51,Low,27.1,27.1,282.61
2021,CYI,51,Low,0.65,0.65,27.3
2021,NTO,51,Low,635.43,635.23,23613.844
2021,KHH,H2,Low,7.18,7.18,73.811
2021,YUN,H2,Low,48.8,48.8,746.79
2021,KIN,H2,Low,0.04,0.04,0.352
2021,LIE,H2,Low,,,
2021,MLI,H2,Low,47.75,47.75,789.295
2021,HUA,H2,Low,18.28,15.59,159.472
2021,TTT,H2,Low,64.32,64.32,783.631
2021,TNN,H2,Low,280.7,280.62,5492.416
2021,TPE,H2,Low,4.72,4.72,48.9
2021,TXG,H2,Low,5.32,5.32,51.429
2021,PEN,H2,Low,,,
2021,TYN,H2,Low,2.16,1.13,7.533
2021,HSQ,H2,Low,0.5,0.5,7.95
2021,HSC,H2,Low,0.56,0.56,6.583
2021,NTP,H2,Low,5.3,4.96,77.032
2021,CHA,H2,Low,82.96,82.96,951.559
2021,PIF,H2,Low,0.72,0.64,6.851
2021,ILA,H2,Low,4.89,4.89,86.526
2021,KEE,H2,Low,,,
2021,CYQ,H2,Low,66.18,66.18,789.996
2021,CYI,H2,Low,12.45,12.45,175.612
2021,NTO,H2,Low,24.13,24.13,274.153
2021,KHH,31,Low,10.8,10.77,95.095
2021,YUN,31,Low,7.31,7.07,102.716
2021,KIN,31,Low,,,
2021,LIE,31,Low,,,
2021,MLI,31,Low,0.89,0.89,8.73
2021,HUA,31,Low,23.97,20.39,202.495
2021,TTT,31,Low,5367.41,5215.74,47740.269
2021,TNN,31,Low,79.17,79.17,1174.581
2021,TPE,31,Low,,,
2021,TXG,31,Low,33.87,33.71,419.525
2021,PEN,31,Low,0.49,0.49,1.543
2021,TYN,31,Low,0.2,0.2,0.72
2021,HSQ,31,Low,0.5,0.5,3
2021,HSC,31,Low,,,
2021,NTP,31,Low,0.21,0.15,0.6
2021,CHA,31,Low,34.67,34.67,310.429
2021,PIF,31,Low,30.18,23.01,247.053
2021,ILA,31,Low,1,0.95,9.941
2021,KEE,31,Low,,,
2021,CYQ,31,Low,4.44,4.44,56.762
2021,CYI,31,Low,,,
2021,NTO,31,Low,6.9,6.9,101.529
2021,KHH,72,Low,626.46,626.46,15921.112
2021,YUN,72,Low,504.29,504.29,13121.917
2021,KIN,72,Low,1.82,1.82,36.704
2021,LIE,72,Low,,,
2021,MLI,72,Low,166.39,166.39,3160.367
2021,HUA,72,Low,55.7,55.7,813.93
2021,TTT,72,Low,49.14,49.14,1197.55
2021,TNN,72,Low,495.21,495.21,13590.518
2021,TPE,72,Low,19.15,19.15,253.377
2021,TXG,72,Low,112.2,112.2,2641.016
2021,PEN,72,Low,8.1,8.1,84.116
2021,TYN,72,Low,15.09,15.09,218.579
2021,HSQ,72,Low,59.73,59.73,1268.448
2021,HSC,72,Low,0.89,0.89,15.11
2021,NTP,72,Low,1.98,1.98,23.812
2021,CHA,72,Low,280.16,280.16,7268.854
2021,PIF,72,Low,61.48,61.28,1587.711
2021,ILA,72,Low,68.63,68.63,1709.903
2021,KEE,72,Low,0.02,0.02,0.192
2021,CYQ,72,Low,956.18,956.18,21049.494
2021,CYI,72,Low,5.86,5.86,125.843
2021,NTO,72,Low,614.34,614.34,14251.544
2021,KHH,P1,Low,2801.29,2770.33,68204.368
2021,YUN,P1,Low,339.74,336.48,6982.423
2021,KIN,P1,Low,1.17,1.17,14.847
2021,LIE,P1,Low,,,
2021,MLI,P1,Low,48.13,47.93,840.492
2021,HUA,P1,Low,79.67,71.77,1045.043
2021,TTT,P1,Low,100.13,97.87,1618.383
2021,TNN,P1,Low,1578.89,1570.29,30265.659
2021,TPE,P1,Low,3.21,3.21,27.856
2021,TXG,P1,Low,136.61,136.13,2572.334
2021,PEN,P1,Low,5.29,5.28,20.781
2021,TYN,P1,Low,36.59,27.89,297.811
2021,HSQ,P1,Low,22.78,22.78,394.771
2021,HSC,P1,Low,2.03,2.03,33.968
2021,NTP,P1,Low,49.6,46.22,518.24
2021,CHA,P1,Low,1363.25,1340.27,41602.38
2021,PIF,P1,Low,582.52,532.41,13870.786
2021,ILA,P1,Low,206.17,201.24,4684.074
2021,KEE,P1,Low,0.13,0.13,0.952
2021,CYQ,P1,Low,375.52,365.29,8157.659
2021,CYI,P1,Low,11.39,11.39,217.284
2021,NTO,P1,Low,185.53,185.13,3581.987
2021,KHH,C5,Low,,,
2021,YUN,C5,Low,,,
2021,KIN,C5,Low,,,
2021,LIE,C5,Low,,,
2021,MLI,C5,Low,1.1,1.1,12.48
2021,HUA,C5,Low,,,
2021,TTT,C5,Low,1.57,1.57,13.912
2021,TNN,C5,Low,1.35,1.35,26.259
2021,TPE,C5,Low,,,
2021,TXG,C5,Low,3.68,3.68,47.345
2021,PEN,C5,Low,,,
2021,TYN,C5,Low,,,
2021,HSQ,C5,Low,,,
2021,HSC,C5,Low,,,
2021,NTP,C5,Low,,,
2021,CHA,C5,Low,0.27,0.27,3.05
2021,PIF,C5,Low,,,
2021,ILA,C5,Low,1.31,1.31,17.046
2021,KEE,C5,Low,,,
2021,CYQ,C5,Low,0.69,0.69,7.925
2021,CYI,C5,Low,,,
2021,NTO,C5,Low,,,
2021,KHH,W1,Low,119.81,119.81,1434.772
2021,YUN,W1,Low,163.38,163.38,2922.183
2021,KIN,W1,Low,,,
2021,LIE,W1,Low,,,
2021,MLI,W1,Low,0.69,0.69,4.54
2021,HUA,W1,Low,1.68,1.38,13.318
2021,TTT,W1,Low,8,8,52
2021,TNN,W1,Low,1062.94,1062.94,13158.332
2021,TPE,W1,Low,0.07,0.07,0.434
2021,TXG,W1,Low,2.07,2.07,31.127
2021,PEN,W1,Low,35.12,35.12,271.565
2021,TYN,W1,Low,28.78,28.78,470.967
2021,HSQ,W1,Low,10.53,10.53,130.09
2021,HSC,W1,Low,,,
2021,NTP,W1,Low,0.01,0.01,0.114
2021,CHA,W1,Low,83.96,83.96,1451.955
2021,PIF,W1,Low,128,128,1657.306
2021,ILA,W1,Low,35.52,35.52,620.273
2021,KEE,W1,Low,,,
2021,CYQ,W1,Low,257.55,257.55,3318.674
2021,CYI,W1,Low,,,
2021,NTO,W1,Low,1.45,1.45,19.825
2021,KHH,F1,Low,209.91,209.91,2972.03
2021,YUN,F1,Low,29.38,29.38,358.148
2021,KIN,F1,Low,0.17,0.17,1.863
2021,LIE,F1,Low,,,
2021,MLI,F1,Low,4.1,4.1,46.622
2021,HUA,F1,Low,57.49,43.93,378.621
2021,TTT,F1,Low,104.05,103.95,1160.389
2021,TNN,F1,Low,69.2,68.85,835.846
2021,TPE,F1,Low,0.6,0.6,2.7
2021,TXG,F1,Low,48.53,48.48,638.992
2021,PEN,F1,Low,0.05,0.05,0.8
2021,TYN,F1,Low,5.66,4.46,34.978
2021,HSQ,F1,Low,4.18,4.18,52.473
2021,HSC,F1,Low,,,
2021,NTP,F1,Low,1.99,0.78,5.926
2021,CHA,F1,Low,60.23,60.04,731.284
2021,PIF,F1,Low,1812.53,1761.16,29481.985
2021,ILA,F1,Low,7.84,7.31,109.07
2021,KEE,F1,Low,,,
2021,CYQ,F1,Low,84.64,74.34,1025.187
2021,CYI,F1,Low,1.63,1.63,23.344
2021,NTO,F1,Low,71.27,70.67,999.158
2021,KHH,G7,Low,5.05,5.05,46.891
2021,YUN,G7,Low,,,
2021,KIN,G7,Low,,,
2021,LIE,G7,Low,,,
2021,MLI,G7,Low,26.4,26.4,205.738
2021,HUA,G7,Low,5.6,5.6,58.14
2021,TTT,G7,Low,31.04,31.04,200.307
2021,TNN,G7,Low,13.9,13.9,92.669
2021,TPE,G7,Low,,,
2021,TXG,G7,Low,15.71,15.71,123.205
2021,PEN,G7,Low,,,
2021,TYN,G7,Low,2.02,2,6.912
2021,HSQ,G7,Low,4.67,4.67,33.292
2021,HSC,G7,Low,0.08,0.08,0.7
2021,NTP,G7,Low,,,
2021,CHA,G7,Low,1.1,1.1,7.75
2021,PIF,G7,Low,0.49,0.31,2.483
2021,ILA,G7,Low,,,
2021,KEE,G7,Low,,,
2021,CYQ,G7,Low,5.8,5.8,54.101
2021,CYI,G7,Low,2.2,2.2,13.94
2021,NTO,G7,Low,52.2,52.2,383.716
2021,KHH,M3,Low,6.52,6.52,64.1
2021,YUN,M3,Low,14.38,14.38,192.57
2021,KIN,M3,Low,0.05,0.05,0.473
2021,LIE,M3,Low,,,
2021,MLI,M3,Low,56.14,56.14,798.093
2021,HUA,M3,Low,1.7,1.7,10.336
2021,TTT,M3,Low,2.61,2.61,27.852
2021,TNN,M3,Low,232.82,232.82,2982.123
2021,TPE,M3,Low,1.69,1.69,10.86
2021,TXG,M3,Low,34.43,34.43,600.553
2021,PEN,M3,Low,,,
2021,TYN,M3,Low,0.25,0.25,0.65
2021,HSQ,M3,Low,4.63,4.63,46.775
2021,HSC,M3,Low,,,
2021,NTP,M3,Low,,,
2021,CHA,M3,Low,148.91,148.91,824.512
2021,PIF,M3,Low,11.16,10.96,117.397
2021,ILA,M3,Low,14.44,14.43,171.634
2021,KEE,M3,Low,0.02,0.02,0.144
2021,CYQ,M3,Low,5.5,5.5,66.097
2021,CYI,M3,Low,,,
2021,NTO,M3,Low,22.85,22.85,225.767
2021,KHH,C1,Low,0.97,0.97,9.8
2021,YUN,C1,Low,426.06,425.18,10326.031
2021,KIN,C1,Low,,,
2021,LIE,C1,Low,,,
2021,MLI,C1,Low,452.11,452.11,7677.446
2021,HUA,C1,Low,19.83,19.83,176.228
2021,TTT,C1,Low,21.89,21.89,249.977
2021,TNN,C1,Low,899.57,899.57,25811.353
2021,TPE,C1,Low,6.78,6.78,47.519
2021,TXG,C1,Low,1378.72,1376.6,23517.569
2021,PEN,C1,Low,,,
2021,TYN,C1,Low,2.57,1.93,33.01
2021,HSQ,C1,Low,225.77,225.77,3820.667
2021,HSC,C1,Low,,,
2021,NTP,C1,Low,1.13,0.94,7.66
2021,CHA,C1,Low,9.58,9.58,160.751
2021,PIF,C1,Low,,,
2021,ILA,C1,Low,5.65,5.65,85.449
2021,KEE,C1,Low,,,
2021,CYQ,C1,Low,1611.92,1606.27,32911.752
2021,CYI,C1,Low,0.7,0.7,15.045
2021,NTO,C1,Low,38.7,38.7,546.251
2021,KHH,22,Low,751.92,751.69,14230.004
2021,YUN,22,Low,18.69,18.69,291.819
2021,KIN,22,Low,0.02,0.02,0.16
2021,LIE,22,Low,,,
2021,MLI,22,Low,94.89,94.89,248.454
2021,HUA,22,Low,0.41,0.41,3.744
2021,TTT,22,Low,2.61,2.61,28.55
2021,TNN,22,Low,262.21,262.21,4561.378
2021,TPE,22,Low,,,
2021,TXG,22,Low,8.71,8.71,111.044
2021,PEN,22,Low,,,
2021,TYN,22,Low,0.2,0.05,0.238
2021,HSQ,22,Low,0.51,0.51,2.65
2021,HSC,22,Low,,,
2021,NTP,22,Low,0.03,,
2021,CHA,22,Low,7.67,7.67,86.382
2021,PIF,22,Low,538.44,530.72,10617.756
2021,ILA,22,Low,0.01,,
2021,KEE,22,Low,,,
2021,CYQ,22,Low,69.68,69.38,789.731
2021,CYI,22,Low,0.2,0.2,2.4
2021,NTO,22,Low,25.45,25.45,291.671
2021,KHH,O10,High,19.96,19.96,163.377
2021,YUN,O10,High,0.99,0.99,11.92
2021,KIN,O10,High,,,
2021,LIE,O10,High,,,
2021,MLI,O10,High,1221.26,1221.26,28639.837
2021,HUA,O10,High,13.85,13.85,109.347
2021,TTT,O10,High,13.71,12.61,124.469
2021,TNN,O10,High,3.25,3.25,30.023
2021,TPE,O10,High,0.18,0.18,1.29
2021,TXG,O10,High,3342.37,3342.21,67485.959
2021,PEN,O10,High,,,
2021,TYN,O10,High,11.11,10.65,72.258
2021,HSQ,O10,High,141.05,141.05,2314.695
2021,HSC,O10,High,,,
2021,NTP,O10,High,9.84,8.34,71.698
2021,CHA,O10,High,59.61,59.61,541.224
2021,PIF,O10,High,2.72,2.72,24.483
2021,ILA,O10,High,58.12,55.29,800.085
2021,KEE,O10,High,,,
2021,CYQ,O10,High,81.16,81.16,1524.273
2021,CYI,O10,High,,,
2021,NTO,O10,High,21.1,21.1,329.168
2021,KHH,41,High,1396.26,1396.26,7371.612
2021,YUN,41,High,22,22,102.96
2021,KIN,41,High,,,
2021,LIE,41,High,,,
2021,MLI,41,High,25.68,25.68,156.801
2021,HUA,41,High,68.15,67.85,260.004
2021,TTT,41,High,503.83,496.63,1526.847
2021,TNN,41,High,317.58,317.58,2168.766
2021,TPE,41,High,0.44,0.44,1.485
2021,TXG,41,High,103.49,103.26,599.913
2021,PEN,41,High,,,
2021,TYN,41,High,1.99,1.74,7.26
2021,HSQ,41,High,1.85,1.85,9.345
2021,HSC,41,High,,,
2021,NTP,41,High,0.39,0.36,1.224
2021,CHA,41,High,0.48,0.48,2.034
2021,PIF,41,High,1,1,6.4
2021,ILA,41,High,0.2,,
2021,KEE,41,High,,,
2021,CYQ,41,High,60.23,60.23,352.848
2021,CYI,41,High,,,
2021,NTO,41,High,956.13,941.33,5282.518
2021,KHH,D1,Low,0.41,0.41,3.7
2021,YUN,D1,Low,0.48,0.48,9.638
2021,KIN,D1,Low,,,
2021,LIE,D1,Low,,,
2021,MLI,D1,Low,704.59,704.59,11852.941
2021,HUA,D1,Low,15.79,15.79,154.24
2021,TTT,D1,Low,172.17,172.17,2269.363
2021,TNN,D1,Low,1.3,1.3,13.41
2021,TPE,D1,Low,28.09,28.09,316.122
2021,TXG,D1,Low,512.65,512.65,9161.171
2021,PEN,D1,Low,,,
2021,TYN,D1,Low,55.67,54.41,974.445
2021,HSQ,D1,Low,1321.04,1321.04,24115.999
2021,HSC,D1,Low,2.22,2.22,39.792
2021,NTP,D1,Low,62.87,61.49,717.628
2021,CHA,D1,Low,0.55,0.55,5.59
2021,PIF,D1,Low,,,
2021,ILA,D1,Low,110.39,106.29,1597.594
2021,KEE,D1,Low,0.55,0.55,4.872
2021,CYQ,D1,Low,5.4,5.4,64.264
2021,CYI,D1,Low,,,
2021,NTO,D1,Low,6.05,6.05,73.305
2021,KHH,Y1,High,87.77,87.77,339.383
2021,YUN,Y1,High,5.74,5.74,36.342
2021,KIN,Y1,High,,,
2021,LIE,Y1,High,,,
2021,MLI,Y1,High,90.34,90.34,697.114
2021,HUA,Y1,High,14.18,13.28,82.043
2021,TTT,Y1,High,28.51,28.51,171.837
2021,TNN,Y1,High,2.02,1.89,20.288
2021,TPE,Y1,High,,,
2021,TXG,Y1,High,1195.86,1194.83,10249.61
2021,PEN,Y1,High,,,
2021,TYN,Y1,High,234.51,229.93,2351.133
2021,HSQ,Y1,High,132.55,132.55,1054.227
2021,HSC,Y1,High,0.01,0.01,0.087
2021,NTP,Y1,High,4.82,3.41,22.619
2021,CHA,Y1,High,8.43,8.33,67.844
2021,PIF,Y1,High,5.8,5.8,43.018
2021,ILA,Y1,High,23.54,22.71,227.97
2021,KEE,Y1,High,0.01,0.01,0.07
2021,CYQ,Y1,High,24.93,24.85,285.397
2021,CYI,Y1,High,,,
2021,NTO,Y1,High,121.8,119.54,884.038
2021,KHH,Z4,High,23.4,23.4,119.645
2021,YUN,Z4,High,10.55,10.55,118.145
2021,KIN,Z4,High,,,
2021,LIE,Z4,High,,,
2021,MLI,Z4,High,474.95,474.95,5717.936
2021,HUA,Z4,High,37,36.55,191.497
2021,TTT,Z4,High,76.44,76.44,468.044
2021,TNN,Z4,High,2.93,2.93,22.769
2021,TPE,Z4,High,3.55,3.55,21.762
2021,TXG,Z4,High,3396.91,3396.91,55508.398
2021,PEN,Z4,High,,,
2021,TYN,Z4,High,66.7,66.7,800.4
2021,HSQ,Z4,High,240.89,240.89,1933.466
2021,HSC,Z4,High,,,
2021,NTP,Z4,High,11.9,9.74,52.528
2021,CHA,Z4,High,2.93,2.93,25.128
2021,PIF,Z4,High,0.3,0.3,2.324
2021,ILA,Z4,High,18.98,18.24,238.862
2021,KEE,Z4,High,,,
2021,CYQ,Z4,High,406.61,406.11,5938.938
2021,CYI,Z4,High,,,
2021,NTO,Z4,High,182.53,182.53,1501.934
2021,KHH,E1,Low,13.85,13.85,166.772
2021,YUN,E1,Low,1465.51,1458.47,39211.342
2021,KIN,E1,Low,0.04,0.04,0.378
2021,LIE,E1,Low,,,
2021,MLI,E1,Low,12.31,12.31,211.639
2021,HUA,E1,Low,34.93,33.28,323.821
2021,TTT,E1,Low,17.54,17.54,199.922
2021,TNN,E1,Low,1731.16,1730.71,44308.82
2021,TPE,E1,Low,3.47,3.47,31.405
2021,TXG,E1,Low,22.36,22.27,377.323
2021,PEN,E1,Low,,,
2021,TYN,E1,Low,1.93,1.65,20.284
2021,HSQ,E1,Low,73,73,1447.411
2021,HSC,E1,Low,0.03,0.03,0.72
2021,NTP,E1,Low,4.46,4.45,40.031
2021,CHA,E1,Low,27.51,27.51,592.295
2021,PIF,E1,Low,3.27,3.27,35.099
2021,ILA,E1,Low,53.94,52.57,793.238
2021,KEE,E1,Low,,,
2021,CYQ,E1,Low,950.41,928.94,18984.91
2021,CYI,E1,Low,45.7,45.7,693.726
2021,NTO,E1,Low,427.27,427.27,7681.968
2021,KHH,L1,Low,0.51,0.51,3.788
2021,YUN,L1,Low,0.1,0.1,0.506
2021,KIN,L1,Low,,,
2021,LIE,L1,Low,,,
2021,MLI,L1,Low,37.75,37.75,253.174
2021,HUA,L1,Low,3.8,3.8,24.246
2021,TTT,L1,Low,131.48,130.88,714.087
2021,TNN,L1,Low,0.03,0.03,0.182
2021,TPE,L1,Low,0.02,0.02,0.119
2021,TXG,L1,Low,805.34,805.34,5882.4
2021,PEN,L1,Low,,,
2021,TYN,L1,Low,7.36,7.36,52.992
2021,HSQ,L1,Low,0.75,0.75,4.857
2021,HSC,L1,Low,,,
2021,NTP,L1,Low,0.04,,
2021,CHA,L1,Low,,,
2021,PIF,L1,Low,,,
2021,ILA,L1,Low,1.52,1.52,10.944
2021,KEE,L1,Low,,,
2021,CYQ,L1,Low,0.1,0.1,0.56
2021,CYI,L1,Low,,,
2021,NTO,L1,Low,129,129,742.814
2021,KHH,N3,High,165.51,165.51,946.081
2021,YUN,N3,High,1,1,4
2021,KIN,N3,High,,,
2021,LIE,N3,High,,,
2021,MLI,N3,High,509.78,509.78,4004.255
2021,HUA,N3,High,13.09,12.09,85.325
2021,TTT,N3,High,131.54,119.74,862.673
2021,TNN,N3,High,2.9,2.9,24.3
2021,TPE,N3,High,,,
2021,TXG,N3,High,255.72,255.72,2255.909
2021,PEN,N3,High,,,
2021,TYN,N3,High,6.1,6.09,14.614
2021,HSQ,N3,High,28.71,28.71,261.84
2021,HSC,N3,High,,,
2021,NTP,N3,High,2.39,2.34,10.523
2021,CHA,N3,High,1.5,1.4,13.6
2021,PIF,N3,High,7.33,7.33,52.057
2021,ILA,N3,High,20.36,20.13,447.629
2021,KEE,N3,High,,,
2021,CYQ,N3,High,14.86,14.86,111.04
2021,CYI,N3,High,,,
2021,NTO,N3,High,225.08,225.08,1753.705
2021,KHH,I1,Low,286.87,285.59,14849.003
2021,YUN,I1,Low,199.41,191.84,9116.73
2021,KIN,I1,Low,0.27,0.27,5.54
2021,LIE,I1,Low,,,
2021,MLI,I1,Low,33.75,33.75,1158.452
2021,HUA,I1,Low,38.35,35.65,909.033
2021,TTT,I1,Low,49.17,49.17,1407.052
2021,TNN,I1,Low,699.14,684.11,30595.511
2021,TPE,I1,Low,3.08,3.08,44.319
2021,TXG,I1,Low,19.93,18.46,749.206
2021,PEN,I1,Low,1.29,1.29,7.197
2021,TYN,I1,Low,5.46,5.21,91.582
2021,HSQ,I1,Low,6.5,6.5,264.393
2021,HSC,I1,Low,0.14,0.14,6.753
2021,NTP,I1,Low,3.34,3.17,62.463
2021,CHA,I1,Low,38.89,38.89,1462.9
2021,PIF,I1,Low,710.59,685.54,29090.671
2021,ILA,I1,Low,6.46,6.46,159.174
2021,KEE,I1,Low,0.04,0.04,0.432
2021,CYQ,I1,Low,270.73,239.03,10137.558
2021,CYI,I1,Low,10.16,10.16,447.448
2021,NTO,I1,Low,402.07,381.88,18268.704
2021,KHH,H1,Low,17.01,17.01,163.169
2021,YUN,H1,Low,247.74,239.49,4077.851
2021,KIN,H1,Low,0.11,0.11,0.727
2021,LIE,H1,Low,,,
2021,MLI,H1,Low,421.06,421.06,5885.232
2021,HUA,H1,Low,955.87,896.47,16699.744
2021,TTT,H1,Low,96.16,96.16,1380.953
2021,TNN,H1,Low,1112.28,1092.78,25333.07
2021,TPE,H1,Low,14.84,14.84,124.98
2021,TXG,H1,Low,94.79,94.77,1368.746
2021,PEN,H1,Low,,,
2021,TYN,H1,Low,29.29,26.9,248.563
2021,HSQ,H1,Low,68.32,68.32,757.895
2021,HSC,H1,Low,6.88,6.88,86.06
2021,NTP,H1,Low,442.84,434.05,6925.814
2021,CHA,H1,Low,43.26,43.26,726.635
2021,PIF,H1,Low,0.87,0.64,8.24
2021,ILA,H1,Low,230.16,206.07,3847.148
2021,KEE,H1,Low,16.96,16.96,165.81
2021,CYQ,H1,Low,165.53,165.53,1880.444
2021,CYI,H1,Low,3.4,3.4,35.7
2021,NTO,H1,Low,91.27,91.27,1485.483
2021,KHH,11,Low,419.9,419.75,3789.591
2021,YUN,11,Low,2.24,2.1,21.061
2021,KIN,11,Low,,,
2021,LIE,11,Low,,,
2021,MLI,11,Low,,,
2021,HUA,11,Low,51.58,25.57,132.733
2021,TTT,11,Low,594.49,594.29,4814.441
2021,TNN,11,Low,144.32,143.62,1892.066
2021,TPE,11,Low,,,
2021,TXG,11,Low,0.13,0.13,1.016
2021,PEN,11,Low,0.01,,
2021,TYN,11,Low,,,
2021,HSQ,11,Low,,,
2021,HSC,11,Low,,,
2021,NTP,11,Low,,,
2021,CHA,11,Low,0.1,0.1,0.75
2021,PIF,11,Low,707.75,678.12,6421.161
2021,ILA,11,Low,0.05,0.05,0.63
2021,KEE,11,Low,,,
2021,CYQ,11,Low,11.3,8.3,75.196
2021,CYI,11,Low,0.58,0.58,6.594
2021,NTO,11,Low,1.8,1.8,14.112
2020,KHH,K3,Low,1436.6,1436.6,3592.865
2020,YUN,K3,Low,31.44,31.44,188.07
2020,KIN,K3,Low,0.42,0.42,0.743
2020,LIE,K3,Low,,,
2020,MLI,K3,Low,63.92,63.92,352.166
2020,HUA,K3,Low,10.6,4.68,18.707
2020,TTT,K3,Low,18.19,18.19,133.953
2020,TNN,K3,Low,3787.98,3787.98,20880.914
2020,TPE,K3,Low,1.82,1.82,10.24
2020,TXG,K3,Low,2200.7,2199.69,18281.656
2020,PEN,K3,Low,,,
2020,TYN,K3,Low,0.17,0.14,0.61
2020,HSQ,K3,Low,10.05,10.05,62.399
2020,HSC,K3,Low,,,
2020,NTP,K3,Low,0.51,0.41,3.51
2020,CHA,K3,Low,671.94,671.84,4733.623
2020,PIF,K3,Low,12.35,12.09,89.247
2020,ILA,K3,Low,9.56,7.14,50.182
2020,KEE,K3,Low,,,
2020,CYQ,K3,Low,993.06,993.06,7856.468
2020,CYI,K3,Low,39.75,39.75,401.744
2020,NTO,K3,Low,1323.06,1323.06,7886.37
2020,KHH,B2,Low,1580.16,1079.68,56970.878
2020,YUN,B2,Low,932.56,535.2,28436.292
2020,KIN,B2,Low,,,
2020,LIE,B2,Low,,,
2020,MLI,B2,Low,2.93,2.93,96.661
2020,HUA,B2,Low,193.75,161.36,6287.772
2020,TTT,B2,Low,362.61,263.97,10335.121
2020,TNN,B2,Low,1727.89,1159.51,61499.547
2020,TPE,B2,Low,,,
2020,TXG,B2,Low,152.22,142.67,6752.879
2020,PEN,B2,Low,,,
2020,TYN,B2,Low,0.17,0.1,3.164
2020,HSQ,B2,Low,0.07,0.07,1.4
2020,HSC,B2,Low,,,
2020,NTP,B2,Low,2.79,2.31,60.014
2020,CHA,B2,Low,262.96,186.83,9422.405
2020,PIF,B2,Low,3596.13,2310.76,122688.77
2020,ILA,B2,Low,40.56,37.57,1221.17
2020,KEE,B2,Low,0.04,0.04,1.1
2020,CYQ,B2,Low,1539.36,1058.14,59393.322
2020,CYI,B2,Low,87.86,61.76,2670.996
2020,NTO,B2,Low,1264.36,874.35,53186.458
2020,KHH,A1,Low,2186.31,2166.46,57900.092
2020,YUN,A1,Low,731.8,687.55,25459.854
2020,KIN,A1,Low,0.8,0.8,14.211
2020,LIE,A1,Low,,,
2020,MLI,A1,Low,118.15,118.15,2906.547
2020,HUA,A1,Low,643.47,367.59,7599.932
2020,TTT,A1,Low,533.87,523.38,14323.795
2020,TNN,A1,Low,1000.43,998.95,22819.297
2020,TPE,A1,Low,10.47,10.47,151.213
2020,TXG,A1,Low,623.32,621.12,9468.875
2020,PEN,A1,Low,2.49,2.49,40.216
2020,TYN,A1,Low,59.56,55.56,768.587
2020,HSQ,A1,Low,118.38,118.38,2113.063
2020,HSC,A1,Low,7,6.5,109.594
2020,NTP,A1,Low,77.28,71.98,1451.122
2020,CHA,A1,Low,133.75,132.48,3182.139
2020,PIF,A1,Low,4295.43,3294.07,94839.815
2020,ILA,A1,Low,109.56,105.97,2746.589
2020,KEE,A1,Low,4.11,4.11,45.856
2020,CYQ,A1,Low,2552.65,2496.45,58832.195
2020,CYI,A1,Low,49.28,49.28,1143.45
2020,NTO,A1,Low,3158.42,3136.28,53683.908
2020,KHH,V1,Low,547.36,547.36,6539.468
2020,YUN,V1,Low,445.37,445.37,7133.36
2020,KIN,V1,Low,,,
2020,LIE,V1,Low,,,
2020,MLI,V1,Low,38.16,38.16,296.008
2020,HUA,V1,Low,1.45,1.45,15.425
2020,TTT,V1,Low,,,
2020,TNN,V1,Low,64.58,64.58,750.627
2020,TPE,V1,Low,0.19,0.19,1.523
2020,TXG,V1,Low,28.11,28.11,316.088
2020,PEN,V1,Low,,,
2020,TYN,V1,Low,27.41,27.41,313.866
2020,HSQ,V1,Low,4.62,4.62,66.63
2020,HSC,V1,Low,,,
2020,NTP,V1,Low,4.27,4.27,37.533
2020,CHA,V1,Low,146.02,146.02,1996.82
2020,PIF,V1,Low,443.49,443.49,5702.247
2020,ILA,V1,Low,52.13,52.13,594.264
2020,KEE,V1,Low,,,
2020,CYQ,V1,Low,262.75,262.75,3325.713
2020,CYI,V1,Low,1.93,1.93,22.81
2020,NTO,V1,Low,1.84,1.84,21.85
2020,KHH,T1,Low,613.8,613.8,9103.17
2020,YUN,T1,Low,1408.7,1408.7,29616
2020,KIN,T1,Low,0.17,0.17,2.465
2020,LIE,T1,Low,,,
2020,MLI,T1,Low,231.03,231.03,3373.354
2020,HUA,T1,Low,1869.8,1869.8,46202.509
2020,TTT,T1,Low,48.68,48.68,1037.28
2020,TNN,T1,Low,1240.33,1240.33,15633.218
2020,TPE,T1,Low,,,
2020,TXG,T1,Low,316.62,316.62,7174.552
2020,PEN,T1,Low,41.38,41.38,298.122
2020,TYN,T1,Low,169.29,169.29,2917.261
2020,HSQ,T1,Low,44.11,44.11,813.5
2020,HSC,T1,Low,1.61,1.61,21.76
2020,NTP,T1,Low,59.14,59.14,878.579
2020,CHA,T1,Low,270.61,270.61,6110.995
2020,PIF,T1,Low,664.54,664.54,12074.53
2020,ILA,T1,Low,743.25,743.25,20685.78
2020,KEE,T1,Low,,,
2020,CYQ,T1,Low,462.74,462.74,7120.534
2020,CYI,T1,Low,0.02,0.02,0.32
2020,NTO,T1,Low,26.9,26.9,436.96
2020,KHH,X69,High,0.02,0.02,0.112
2020,YUN,X69,High,,,
2020,KIN,X69,High,0.02,0.02,0.064
2020,LIE,X69,High,,,
2020,MLI,X69,High,,,
2020,HUA,X69,High,1.19,1.19,8.344
2020,TTT,X69,High,,,
2020,TNN,X69,High,,,
2020,TPE,X69,High,,,
2020,TXG,X69,High,152.2,152.2,559.335
2020,PEN,X69,High,,,
2020,TYN,X69,High,1,,
2020,HSQ,X69,High,,,
2020,HSC,X69,High,,,
2020,NTP,X69,High,,,
2020,CHA,X69,High,,,
2020,PIF,X69,High,,,
2020,ILA,X69,High,,,
2020,KEE,X69,High,,,
2020,CYQ,X69,High,0.06,0.06,0.525
2020,CYI,X69,High,,,
2020,NTO,X69,High,38.5,38.5,472.549
2020,KHH,Q1,Low,405.81,405.76,5616.14
2020,YUN,Q1,Low,24.88,24.88,207.061
2020,KIN,Q1,Low,,,
2020,LIE,Q1,Low,,,
2020,MLI,Q1,Low,1.91,1.91,12.3
2020,HUA,Q1,Low,47.84,19.2,70.686
2020,TTT,Q1,Low,5.69,5.69,42.259
2020,TNN,Q1,Low,33.2,33.2,328.891
2020,TPE,Q1,Low,3.48,3.48,20.516
2020,TXG,Q1,Low,11.23,11.23,137.334
2020,PEN,Q1,Low,,,
2020,TYN,Q1,Low,0.06,0.03,0.171
2020,HSQ,Q1,Low,1.74,1.74,16.594
2020,HSC,Q1,Low,,,
2020,NTP,Q1,Low,0.9,,
2020,CHA,Q1,Low,3.8,3.8,23.217
2020,PIF,Q1,Low,2180.91,2163.65,41145.247
2020,ILA,Q1,Low,152.11,102.86,1437.154
2020,KEE,Q1,Low,0.44,0.44,3.133
2020,CYQ,Q1,Low,208.6,207.8,4618.449
2020,CYI,Q1,Low,2.35,2.35,15
2020,NTO,Q1,Low,81.69,81.59,806.616
2020,KHH,H4,Low,2.15,2.15,22.114
2020,YUN,H4,Low,94.63,93.76,2035.294
2020,KIN,H4,Low,,,
2020,LIE,H4,Low,,,
2020,MLI,H4,Low,2.54,2.54,29.854
2020,HUA,H4,Low,40.34,32.74,332.221
2020,TTT,H4,Low,19.92,19.92,226.23
2020,TNN,H4,Low,17.01,17.01,272.965
2020,TPE,H4,Low,1.5,1.5,10.632
2020,TXG,H4,Low,2.29,2.29,27.23
2020,PEN,H4,Low,,,
2020,TYN,H4,Low,,,
2020,HSQ,H4,Low,5.96,5.96,72.715
2020,HSC,H4,Low,2.8,2.8,41.37
2020,NTP,H4,Low,6.14,6.14,71.653
2020,CHA,H4,Low,3.11,3.11,39.357
2020,PIF,H4,Low,11.17,10.77,131.022
2020,ILA,H4,Low,2.9,2.9,45.556
2020,KEE,H4,Low,,,
2020,CYQ,H4,Low,267.03,267.03,4364.45
2020,CYI,H4,Low,22.2,22.2,363.63
2020,NTO,H4,Low,4,4,58.944
2020,KHH,S1,Low,3.55,3.55,82.302
2020,YUN,S1,Low,6.88,6.88,84.798
2020,KIN,S1,Low,,,
2020,LIE,S1,Low,,,
2020,MLI,S1,Low,436.71,436.71,15096.021
2020,HUA,S1,Low,,,
2020,TTT,S1,Low,3.31,3.31,88.766
2020,TNN,S1,Low,3.06,3.06,97.632
2020,TPE,S1,Low,,,
2020,TXG,S1,Low,460.34,458.67,14602.694
2020,PEN,S1,Low,,,
2020,TYN,S1,Low,5.2,5.1,167.943
2020,HSQ,S1,Low,0.94,0.94,17.265
2020,HSC,S1,Low,,,
2020,NTP,S1,Low,0.03,0.03,1.35
2020,CHA,S1,Low,1197.97,1197.97,33561.756
2020,PIF,S1,Low,0.7,0.7,39.406
2020,ILA,S1,Low,0.73,0.69,20.605
2020,KEE,S1,Low,,,
2020,CYQ,S1,Low,8.72,8.72,177.248
2020,CYI,S1,Low,,,
2020,NTO,S1,Low,348.18,348.18,9965.463
2020,KHH,J1,Low,3094.44,3094.44,19474.752
2020,YUN,J1,Low,78.97,78.01,613.733
2020,KIN,J1,Low,0.01,0.01,0.018
2020,LIE,J1,Low,,,
2020,MLI,J1,Low,28.94,28.94,223.838
2020,HUA,J1,Low,1.01,0.86,3.021
2020,TTT,J1,Low,105.03,103.28,652.551
2020,TNN,J1,Low,893.83,893.83,7675.865
2020,TPE,J1,Low,,,
2020,TXG,J1,Low,1855.19,1853.68,12316.099
2020,PEN,J1,Low,,,
2020,TYN,J1,Low,,,
2020,HSQ,J1,Low,3.42,3.42,22.828
2020,HSC,J1,Low,40.5,40.5,174.593
2020,NTP,J1,Low,,,
2020,CHA,J1,Low,869.61,869.61,7527.24
2020,PIF,J1,Low,523.95,521.75,3507.398
2020,ILA,J1,Low,1.78,1.76,10.781
2020,KEE,J1,Low,,,
2020,CYQ,J1,Low,837.91,837.91,7535.405
2020,CYI,J1,Low,48.2,48.2,440.583
2020,NTO,J1,Low,1344.12,1339.16,11045.457
2020,KHH,45,Low,4.16,4.16,43.55
2020,YUN,45,Low,2.38,2.38,14.143
2020,KIN,45,Low,,,
2020,LIE,45,Low,,,
2020,MLI,45,Low,464.79,464.79,9200.859
2020,HUA,45,Low,1.8,1.8,15.3
2020,TTT,45,Low,0.32,0.32,3.52
2020,TNN,45,Low,4.8,4.8,63.2
2020,TPE,45,Low,6.2,6.2,55.8
2020,TXG,45,Low,8.7,8.7,102.208
2020,PEN,45,Low,0.01,0.01,0.038
2020,TYN,45,Low,4.13,4.13,45.415
2020,HSQ,45,Low,13.85,13.85,132.024
2020,HSC,45,Low,,,
2020,NTP,45,Low,0.95,0.95,10.565
2020,CHA,45,Low,1.61,1.61,16.1
2020,PIF,45,Low,0.25,0.25,2.25
2020,ILA,45,Low,0.38,0.38,4.78
2020,KEE,45,Low,,,
2020,CYQ,45,Low,3.78,3.78,44.34
2020,CYI,45,Low,0.4,0.4,5.2
2020,NTO,45,Low,8.8,8.8,114.6
2020,KHH,R1,Low,1907.88,1904.76,16018.555
2020,YUN,R1,Low,128.44,112.06,1280.792
2020,KIN,R1,Low,,,
2020,LIE,R1,Low,,,
2020,MLI,R1,Low,13.8,13.5,143.737
2020,HUA,R1,Low,119.79,58.66,335.712
2020,TTT,R1,Low,313.33,292.89,2549.988
2020,TNN,R1,Low,7274.67,7257.19,73785.973
2020,TPE,R1,Low,,,
2020,TXG,R1,Low,126.88,125.8,1221.078
2020,PEN,R1,Low,0.01,,
2020,TYN,R1,Low,2.89,1.54,14.095
2020,HSQ,R1,Low,2.73,2.73,17.764
2020,HSC,R1,Low,0.9,0.9,8.515
2020,NTP,R1,Low,1.89,1.58,10.933
2020,CHA,R1,Low,145.47,145.47,1494.969
2020,PIF,R1,Low,5810.04,5683.79,69016.551
2020,ILA,R1,Low,8.17,7.13,74.691
2020,KEE,R1,Low,0.1,0.1,0.48
2020,CYQ,R1,Low,327.97,326.46,3963.138
2020,CYI,R1,Low,24.52,24.52,339.717
2020,NTO,R1,Low,104.17,101.91,1260.545
2020,KHH,51,Low,23.34,17.71,259.644
2020,YUN,51,Low,17.23,13.63,252.228
2020,KIN,51,Low,0.26,0.26,2.267
2020,LIE,51,Low,,,
2020,MLI,51,Low,17.37,17.37,353.524
2020,HUA,51,Low,11.72,9.55,131.269
2020,TTT,51,Low,13.41,13.41,182.041
2020,TNN,51,Low,19.02,19.02,322.437
2020,TPE,51,Low,1.68,1.68,20.273
2020,TXG,51,Low,61.56,61.56,1147.34
2020,PEN,51,Low,,,
2020,TYN,51,Low,2,1.59,22.104
2020,HSQ,51,Low,2.61,2.61,38.769
2020,HSC,51,Low,,,
2020,NTP,51,Low,4.31,3.88,42.769
2020,CHA,51,Low,16.2,16.2,201.758
2020,PIF,51,Low,16.94,14.22,165.035
2020,ILA,51,Low,6.22,6.22,62.41
2020,KEE,51,Low,0.22,0.22,0.726
2020,CYQ,51,Low,24.95,24.95,295.658
2020,CYI,51,Low,0.15,0.15,1.92
2020,NTO,51,Low,655.32,655.32,25024.157
2020,KHH,H2,Low,7.5,7.5,77.059
2020,YUN,H2,Low,46.06,46.06,708.295
2020,KIN,H2,Low,0.04,0.04,0.352
2020,LIE,H2,Low,,,
2020,MLI,H2,Low,46.26,46.26,733.297
2020,HUA,H2,Low,23.09,21.79,230.598
2020,TTT,H2,Low,65.72,65.72,797.95
2020,TNN,H2,Low,280.32,278.57,5441.837
2020,TPE,H2,Low,4.86,4.86,47.951
2020,TXG,H2,Low,6.32,6.32,65.182
2020,PEN,H2,Low,,,
2020,TYN,H2,Low,2.13,1,12.15
2020,HSQ,H2,Low,0.5,0.5,7.95
2020,HSC,H2,Low,0.9,0.9,10.606
2020,NTP,H2,Low,5.3,5,80.166
2020,CHA,H2,Low,83.82,83.82,1079.207
2020,PIF,H2,Low,0.69,0.69,7.693
2020,ILA,H2,Low,5.11,5.11,90.896
2020,KEE,H2,Low,,,
2020,CYQ,H2,Low,60.22,60.22,884.708
2020,CYI,H2,Low,12.83,12.83,179.972
2020,NTO,H2,Low,30.78,30.28,396.602
2020,KHH,31,Low,10.21,10.21,88.297
2020,YUN,31,Low,7.91,7.67,119.032
2020,KIN,31,Low,,,
2020,LIE,31,Low,,,
2020,MLI,31,Low,0.81,0.81,6.996
2020,HUA,31,Low,36.52,32.99,347.367
2020,TTT,31,Low,5344.29,5261.67,52260.157
2020,TNN,31,Low,78.9,78.9,1402.449
2020,TPE,31,Low,,,
2020,TXG,31,Low,33.76,33.76,419.105
2020,PEN,31,Low,0.61,0.61,1.927
2020,TYN,31,Low,0.2,0.2,0.81
2020,HSQ,31,Low,0.5,0.5,2.8
2020,HSC,31,Low,,,
2020,NTP,31,Low,0.31,0.25,1
2020,CHA,31,Low,35.53,35.53,317.356
2020,PIF,31,Low,39.45,35.14,413.077
2020,ILA,31,Low,1,0.95,9.327
2020,KEE,31,Low,,,
2020,CYQ,31,Low,5.04,5.04,66.577
2020,CYI,31,Low,,,
2020,NTO,31,Low,12.05,12.05,169.325
2020,KHH,72,Low,496.71,496.71,12902.24
2020,YUN,72,Low,489.21,489.21,12465.268
2020,KIN,72,Low,1.11,1.11,23.075
2020,LIE,72,Low,,,
2020,MLI,72,Low,181.3,175.2,3420.245
2020,HUA,72,Low,61.77,61.57,894.213
2020,TTT,72,Low,61.66,61.66,1611.94
2020,TNN,72,Low,509.67,509.67,14210.143
2020,TPE,72,Low,18.18,18.18,251.24
2020,TXG,72,Low,101.64,101.64,2353.697
2020,PEN,72,Low,7.69,7.69,81.401
2020,TYN,72,Low,14.41,14.41,237.72
2020,HSQ,72,Low,67.22,67.22,1383.882
2020,HSC,72,Low,0.69,0.69,11.31
2020,NTP,72,Low,2.17,2.07,26.575
2020,CHA,72,Low,262.42,262.42,6901.193
2020,PIF,72,Low,80.45,80.45,2089.329
2020,ILA,72,Low,64.82,64.82,1664.725
2020,KEE,72,Low,,,
2020,CYQ,72,Low,903.41,903.41,20110.47
2020,CYI,72,Low,6.48,6.48,143.07
2020,NTO,72,Low,667.76,667.76,16821.062
2020,KHH,P1,Low,2733.76,2703.85,71467.774
2020,YUN,P1,Low,314.22,311.71,7988.739
2020,KIN,P1,Low,1.17,1.17,14.846
2020,LIE,P1,Low,,,
2020,MLI,P1,Low,45.97,45.97,768.927
2020,HUA,P1,Low,78.62,68.98,994.712
2020,TTT,P1,Low,102.6,100.8,1662.161
2020,TNN,P1,Low,1564.11,1531.91,34688.524
2020,TPE,P1,Low,3.24,3.24,28.701
2020,TXG,P1,Low,133.81,133.11,2524.937
2020,PEN,P1,Low,5.3,5.3,25.005
2020,TYN,P1,Low,31.95,25.01,239.914
2020,HSQ,P1,Low,21.28,21.28,371.02
2020,HSC,P1,Low,3.58,3.58,59.777
2020,NTP,P1,Low,52.22,49.78,559.822
2020,CHA,P1,Low,1343.08,1320.12,44459.203
2020,PIF,P1,Low,563.68,519.57,14489.102
2020,ILA,P1,Low,205.89,198.17,4429.719
2020,KEE,P1,Low,0.13,0.13,0.952
2020,CYQ,P1,Low,366.58,358.37,8666.981
2020,CYI,P1,Low,11.94,11.94,263.582
2020,NTO,P1,Low,183.25,182.15,4350.094
2020,KHH,C5,Low,,,
2020,YUN,C5,Low,,,
2020,KIN,C5,Low,,,
2020,LIE,C5,Low,,,
2020,MLI,C5,Low,1.1,1.1,10.014
2020,HUA,C5,Low,,,
2020,TTT,C5,Low,1.92,1.92,32.03
2020,TNN,C5,Low,0.6,0.6,13.5
2020,TPE,C5,Low,,,
2020,TXG,C5,Low,4.58,4.58,62.982
2020,PEN,C5,Low,,,
2020,TYN,C5,Low,,,
2020,HSQ,C5,Low,,,
2020,HSC,C5,Low,,,
2020,NTP,C5,Low,,,
2020,CHA,C5,Low,0.27,0.27,3.05
2020,PIF,C5,Low,,,
2020,ILA,C5,Low,1.31,1.31,13.178
2020,KEE,C5,Low,,,
2020,CYQ,C5,Low,0.69,0.69,8.876
2020,CYI,C5,Low,,,
2020,NTO,C5,Low,,,
2020,KHH,W1,Low,182.55,182.55,2507.497
2020,YUN,W1,Low,143.44,143.44,2597.909
2020,KIN,W1,Low,,,
2020,LIE,W1,Low,,,
2020,MLI,W1,Low,1.49,1.49,18.448
2020,HUA,W1,Low,0.45,0.45,3.083
2020,TTT,W1,Low,0.3,0.3,2.04
2020,TNN,W1,Low,1038.87,1037.47,13538.812
2020,TPE,W1,Low,0.08,0.08,0.64
2020,TXG,W1,Low,3.07,3.07,36.179
2020,PEN,W1,Low,35.25,35.25,273.321
2020,TYN,W1,Low,36.36,36.36,424.755
2020,HSQ,W1,Low,12.82,12.82,197
2020,HSC,W1,Low,,,
2020,NTP,W1,Low,0.02,0.02,0.615
2020,CHA,W1,Low,107.65,107.65,2012.381
2020,PIF,W1,Low,153.06,153.06,2221.047
2020,ILA,W1,Low,37.41,37.41,269.51
2020,KEE,W1,Low,,,
2020,CYQ,W1,Low,214.75,214.75,2836.055
2020,CYI,W1,Low,,,
2020,NTO,W1,Low,1.8,1.8,25.527
2020,KHH,F1,Low,217.59,217.4,3426.172
2020,YUN,F1,Low,31.44,31.44,400.399
2020,KIN,F1,Low,0.17,0.17,1.863
2020,LIE,F1,Low,,,
2020,MLI,F1,Low,3.41,3.41,31.27
2020,HUA,F1,Low,61.04,45.03,415.471
2020,TTT,F1,Low,105.13,105.13,1159.947
2020,TNN,F1,Low,54.16,53.95,706.652
2020,TPE,F1,Low,0.65,0.65,3.023
2020,TXG,F1,Low,49.03,48.87,614.711
2020,PEN,F1,Low,0.06,0.06,0.86
2020,TYN,F1,Low,6.68,5.76,57.64
2020,HSQ,F1,Low,3.85,3.85,49.128
2020,HSC,F1,Low,,,
2020,NTP,F1,Low,0.89,0.38,2.891
2020,CHA,F1,Low,62.63,62.24,791.003
2020,PIF,F1,Low,1893.74,1798.05,34591.268
2020,ILA,F1,Low,8.03,7.38,107.526
2020,KEE,F1,Low,,,
2020,CYQ,F1,Low,92.32,79.42,1208.819
2020,CYI,F1,Low,1.88,1.88,27.492
2020,NTO,F1,Low,74.22,68.07,1109.38
2020,KHH,G7,Low,5.05,5.05,48.48
2020,YUN,G7,Low,,,
2020,KIN,G7,Low,,,
2020,LIE,G7,Low,,,
2020,MLI,G7,Low,26.01,26.01,213.805
2020,HUA,G7,Low,5.6,5.6,58.14
2020,TTT,G7,Low,62.42,62.42,373.491
2020,TNN,G7,Low,13.2,13.2,92.004
2020,TPE,G7,Low,,,
2020,TXG,G7,Low,15.71,15.71,124.147
2020,PEN,G7,Low,,,
2020,TYN,G7,Low,2.02,2.02,7.008
2020,HSQ,G7,Low,4.67,4.67,33.391
2020,HSC,G7,Low,0.08,0.08,0.7
2020,NTP,G7,Low,,,
2020,CHA,G7,Low,1.1,1.1,7.995
2020,PIF,G7,Low,0.31,0.31,2.573
2020,ILA,G7,Low,,,
2020,KEE,G7,Low,,,
2020,CYQ,G7,Low,6,6,55.93
2020,CYI,G7,Low,2.2,2.2,13.94
2020,NTO,G7,Low,53.2,53.2,525.524
2020,KHH,M3,Low,10.15,10.15,103.336
2020,YUN,M3,Low,14.6,14.6,195.944
2020,KIN,M3,Low,0.05,0.05,0.473
2020,LIE,M3,Low,,,
2020,MLI,M3,Low,57.07,57.07,771.286
2020,HUA,M3,Low,2,2,12.784
2020,TTT,M3,Low,3.61,3.61,40.441
2020,TNN,M3,Low,242.92,242.92,3390.704
2020,TPE,M3,Low,1.76,1.76,10.916
2020,TXG,M3,Low,35.48,35.48,612.942
2020,PEN,M3,Low,,,
2020,TYN,M3,Low,0.25,,
2020,HSQ,M3,Low,4.63,4.63,46.775
2020,HSC,M3,Low,,,
2020,NTP,M3,Low,0.5,0.5,4.5
2020,CHA,M3,Low,157.98,157.98,905.98
2020,PIF,M3,Low,13.15,13.01,150.584
2020,ILA,M3,Low,14.05,12.8,143.119
2020,KEE,M3,Low,,,
2020,CYQ,M3,Low,7.01,7.01,93.859
2020,CYI,M3,Low,,,
2020,NTO,M3,Low,23.45,23.45,239.353
2020,KHH,C1,Low,1.06,1.06,10.991
2020,YUN,C1,Low,418.98,418.98,13079.207
2020,KIN,C1,Low,,,
2020,LIE,C1,Low,,,
2020,MLI,C1,Low,458.88,458.88,7242.738
2020,HUA,C1,Low,19.88,19.83,176.924
2020,TTT,C1,Low,22.46,22.46,283.144
2020,TNN,C1,Low,900.39,899.09,27071.332
2020,TPE,C1,Low,6.88,6.88,49.05
2020,TXG,C1,Low,1373.86,1373.86,25994.968
2020,PEN,C1,Low,,,
2020,TYN,C1,Low,1.93,1.93,29.285
2020,HSQ,C1,Low,225.29,224.64,2894.514
2020,HSC,C1,Low,,,
2020,NTP,C1,Low,1.09,0.95,8.028
2020,CHA,C1,Low,7.38,7.38,129.959
2020,PIF,C1,Low,,,
2020,ILA,C1,Low,5.92,5.92,88.222
2020,KEE,C1,Low,,,
2020,CYQ,C1,Low,1635.84,1635.64,39259.83
2020,CYI,C1,Low,0.7,0.7,15.3
2020,NTO,C1,Low,39.8,39.8,676.21
2020,KHH,22,Low,791.31,789.63,13983.403
2020,YUN,22,Low,16.43,16.43,247.349
2020,KIN,22,Low,0.02,0.02,0.16
2020,LIE,22,Low,,,
2020,MLI,22,Low,94.79,94.79,520.718
2020,HUA,22,Low,0.51,0.51,4.704
2020,TTT,22,Low,2.51,2.51,26.874
2020,TNN,22,Low,258.86,258.86,4492.959
2020,TPE,22,Low,,,
2020,TXG,22,Low,8.36,8.36,105.258
2020,PEN,22,Low,,,
2020,TYN,22,Low,0.2,0.14,0.22
2020,HSQ,22,Low,0.51,0.51,2.65
2020,HSC,22,Low,,,
2020,NTP,22,Low,0.03,,
2020,CHA,22,Low,7.16,7.16,82.552
2020,PIF,22,Low,557.88,551.17,10954.544
2020,ILA,22,Low,,,
2020,KEE,22,Low,,,
2020,CYQ,22,Low,74.12,73.82,852.214
2020,CYI,22,Low,0.2,0.2,2.4
2020,NTO,22,Low,26.92,26.92,345.709
2020,KHH,O10,High,19.86,19.86,163.331
2020,YUN,O10,High,2.12,2.12,25.217
2020,KIN,O10,High,,,
2020,LIE,O10,High,,,
2020,MLI,O10,High,1224.96,1224.96,31217.748
2020,HUA,O10,High,17.01,16.71,128.402
2020,TTT,O10,High,14.61,13.51,115.288
2020,TNN,O10,High,3.55,3.55,34.343
2020,TPE,O10,High,0.28,0.28,2.111
2020,TXG,O10,High,3358.83,3358.54,64213.728
2020,PEN,O10,High,,,
2020,TYN,O10,High,10.85,10.65,60.165
2020,HSQ,O10,High,145.14,145.14,1925.84
2020,HSC,O10,High,,,
2020,NTP,O10,High,10.63,9.13,70.176
2020,CHA,O10,High,58.69,58.69,561.604
2020,PIF,O10,High,2.79,2.79,26.515
2020,ILA,O10,High,55.61,53.44,748.996
2020,KEE,O10,High,,,
2020,CYQ,O10,High,86.06,85.76,1634.291
2020,CYI,O10,High,,,
2020,NTO,O10,High,33.36,33.36,522.106
2020,KHH,41,High,1394.26,1394.26,7269.685
2020,YUN,41,High,22,22,114.4
2020,KIN,41,High,,,
2020,LIE,41,High,,,
2020,MLI,41,High,25.68,25.68,169.254
2020,HUA,41,High,71.54,70.33,135.932
2020,TTT,41,High,516.06,504.71,1596.041
2020,TNN,41,High,322.78,322.78,2203.339
2020,TPE,41,High,0.49,0.49,1.652
2020,TXG,41,High,103.46,103.26,606.609
2020,PEN,41,High,,,
2020,TYN,41,High,1.61,1.61,4.827
2020,HSQ,41,High,2.5,2.5,11.379
2020,HSC,41,High,,,
2020,NTP,41,High,0.36,0.36,1.224
2020,CHA,41,High,0.48,0.48,1.848
2020,PIF,41,High,1,1,6.4
2020,ILA,41,High,0.2,,
2020,KEE,41,High,,,
2020,CYQ,41,High,59.26,59.26,365.934
2020,CYI,41,High,,,
2020,NTO,41,High,952.83,945.43,6118.427
2020,KHH,D1,Low,0.41,0.41,3.7
2020,YUN,D1,Low,0.04,0.04,0.76
2020,KIN,D1,Low,,,
2020,LIE,D1,Low,,,
2020,MLI,D1,Low,692.78,682.3,10651.729
2020,HUA,D1,Low,17.39,17,179.676
2020,TTT,D1,Low,183.61,183.61,2369.122
2020,TNN,D1,Low,1.3,1.3,13.41
2020,TPE,D1,Low,26.33,26.33,304.302
2020,TXG,D1,Low,518.63,518.23,10372.399
2020,PEN,D1,Low,,,
2020,TYN,D1,Low,56.73,55.71,955.663
2020,HSQ,D1,Low,1383.49,1383.37,24399.653
2020,HSC,D1,Low,2.15,2.15,34.526
2020,NTP,D1,Low,64.5,62.99,769.967
2020,CHA,D1,Low,0.55,0.55,5.59
2020,PIF,D1,Low,,,
2020,ILA,D1,Low,110.4,107.53,1412.943
2020,KEE,D1,Low,0.71,0.71,6.286
2020,CYQ,D1,Low,11.4,11.4,162
2020,CYI,D1,Low,,,
2020,NTO,D1,Low,8.05,8.05,118.77
2020,KHH,Y1,High,88.15,88.15,411.452
2020,YUN,Y1,High,6.48,6.48,40.744
2020,KIN,Y1,High,,,
2020,LIE,Y1,High,,,
2020,MLI,Y1,High,89.75,89.75,684.427
2020,HUA,Y1,High,27.63,26.73,164.093
2020,TTT,Y1,High,32.32,32.32,198.604
2020,TNN,Y1,High,1.39,1.39,15.288
2020,TPE,Y1,High,,,
2020,TXG,Y1,High,1194.68,1192.26,10848.665
2020,PEN,Y1,High,,,
2020,TYN,Y1,High,236.19,236.13,1121.494
2020,HSQ,Y1,High,153.75,153.75,1008.477
2020,HSC,Y1,High,0.01,0.01,0.087
2020,NTP,Y1,High,4.79,3.19,21.152
2020,CHA,Y1,High,8.92,8.92,70.834
2020,PIF,Y1,High,5.86,5.86,43.814
2020,ILA,Y1,High,24.83,23.32,246.142
2020,KEE,Y1,High,0.01,0.01,0.07
2020,CYQ,Y1,High,24.55,23.95,276.439
2020,CYI,Y1,High,,,
2020,NTO,Y1,High,119.3,119.3,950.768
2020,KHH,Z4,High,23.6,23.6,154.119
2020,YUN,Z4,High,10.6,10.6,118.22
2020,KIN,Z4,High,,,
2020,LIE,Z4,High,,,
2020,MLI,Z4,High,475.15,475.15,5611.347
2020,HUA,Z4,High,44.13,42.73,247.282
2020,TTT,Z4,High,92.31,92.31,700.342
2020,TNN,Z4,High,2.91,2.91,22.599
2020,TPE,Z4,High,4.6,4.6,28.412
2020,TXG,Z4,High,3400.51,3400.51,53071.188
2020,PEN,Z4,High,,,
2020,TYN,Z4,High,66.9,66.9,401.4
2020,HSQ,Z4,High,254.82,254.82,2351.256
2020,HSC,Z4,High,,,
2020,NTP,Z4,High,13.7,11.34,64.251
2020,CHA,Z4,High,2.88,2.88,26.32
2020,PIF,Z4,High,0.1,0.1,0.752
2020,ILA,Z4,High,19.39,18.75,232.367
2020,KEE,Z4,High,,,
2020,CYQ,Z4,High,427.28,427.28,5128.396
2020,CYI,Z4,High,,,
2020,NTO,Z4,High,177.73,177.73,1550.179
2020,KHH,E1,Low,12.47,12.47,159.223
2020,YUN,E1,Low,1490.02,1482.26,50487.029
2020,KIN,E1,Low,0.04,0.04,0.378
2020,LIE,E1,Low,,,
2020,MLI,E1,Low,12.71,12.71,200.242
2020,HUA,E1,Low,37.43,34.88,339.131
2020,TTT,E1,Low,24.04,24.04,262.298
2020,TNN,E1,Low,1761.03,1761.03,49022.078
2020,TPE,E1,Low,3.27,3.27,29.7
2020,TXG,E1,Low,21.82,21.77,383.294
2020,PEN,E1,Low,,,
2020,TYN,E1,Low,1.93,1.52,16.027
2020,HSQ,E1,Low,75.7,75.59,1481.754
2020,HSC,E1,Low,0.03,0.03,0.72
2020,NTP,E1,Low,5.49,5.46,53.279
2020,CHA,E1,Low,27.66,27.66,644.855
2020,PIF,E1,Low,3.45,3.45,38.231
2020,ILA,E1,Low,53.65,52.11,636.221
2020,KEE,E1,Low,,,
2020,CYQ,E1,Low,969.83,947.83,23222.991
2020,CYI,E1,Low,45.7,45.7,735.77
2020,NTO,E1,Low,546.55,531.75,13454.162
2020,KHH,L1,Low,0.41,0.41,3.26
2020,YUN,L1,Low,0.1,0.1,0.552
2020,KIN,L1,Low,,,
2020,LIE,L1,Low,,,
2020,MLI,L1,Low,39.08,39.08,268.766
2020,HUA,L1,Low,3.65,3.15,21.45
2020,TTT,L1,Low,149.74,149.74,807.785
2020,TNN,L1,Low,0.03,0.03,0.182
2020,TPE,L1,Low,0.03,0.03,0.17
2020,TXG,L1,Low,805.14,805.13,5632.477
2020,PEN,L1,Low,,,
2020,TYN,L1,Low,7.23,7.22,47.652
2020,HSQ,L1,Low,0.78,0.78,5.272
2020,HSC,L1,Low,,,
2020,NTP,L1,Low,0.04,,
2020,CHA,L1,Low,0.05,0.05,0.375
2020,PIF,L1,Low,,,
2020,ILA,L1,Low,1.52,1.52,11.896
2020,KEE,L1,Low,0.01,0.01,0.075
2020,CYQ,L1,Low,0.1,0.1,0.64
2020,CYI,L1,Low,,,
2020,NTO,L1,Low,124.4,124.4,893.018
2020,KHH,N3,High,166.85,166.85,1010.628
2020,YUN,N3,High,0.5,0.5,2.3
2020,KIN,N3,High,,,
2020,LIE,N3,High,,,
2020,MLI,N3,High,509.93,509.93,3621.852
2020,HUA,N3,High,26.59,23.16,183.075
2020,TTT,N3,High,144.9,144.9,1069.586
2020,TNN,N3,High,1,1,8.95
2020,TPE,N3,High,,,
2020,TXG,N3,High,256.17,256.17,2173.834
2020,PEN,N3,High,,,
2020,TYN,N3,High,6.52,6.22,16.448
2020,HSQ,N3,High,29.21,29.21,295.118
2020,HSC,N3,High,,,
2020,NTP,N3,High,2.35,2.31,10.511
2020,CHA,N3,High,1.4,1.4,13.6
2020,PIF,N3,High,7.33,7.33,54.615
2020,ILA,N3,High,22.16,21.67,478.256
2020,KEE,N3,High,,,
2020,CYQ,N3,High,15.6,15.6,115.005
2020,CYI,N3,High,,,
2020,NTO,N3,High,220.88,220.68,1427.134
2020,KHH,I1,Low,281.3,265,14982.526
2020,YUN,I1,Low,196.34,187.86,10744.028
2020,KIN,I1,Low,0.27,0.27,5.538
2020,LIE,I1,Low,,,
2020,MLI,I1,Low,32.73,32.73,1076.48
2020,HUA,I1,Low,57.32,52.58,1436.643
2020,TTT,I1,Low,76.12,62.12,1778.744
2020,TNN,I1,Low,719.02,713.08,35702.619
2020,TPE,I1,Low,3.06,3.06,43.726
2020,TXG,I1,Low,15.05,14.99,669.05
2020,PEN,I1,Low,1.41,1.41,8.07
2020,TYN,I1,Low,4.2,3.73,66.762
2020,HSQ,I1,Low,6.4,6.28,255.88
2020,HSC,I1,Low,0.14,0.14,6.768
2020,NTP,I1,Low,3.32,3.21,62.581
2020,CHA,I1,Low,39.41,39.13,1540.961
2020,PIF,I1,Low,690.44,653.36,34326.827
2020,ILA,I1,Low,6.37,6.37,153.103
2020,KEE,I1,Low,,,
2020,CYQ,I1,Low,265.4,237.1,12795.393
2020,CYI,I1,Low,10.41,10.41,546.738
2020,NTO,I1,Low,391.5,387.8,22130.586
2020,KHH,H1,Low,16.85,16.85,166.572
2020,YUN,H1,Low,250.97,244.53,6000.186
2020,KIN,H1,Low,0.11,0.11,0.727
2020,LIE,H1,Low,,,
2020,MLI,H1,Low,466.85,466.85,6664.386
2020,HUA,H1,Low,977.96,896.77,16426.928
2020,TTT,H1,Low,101.52,101.52,1426.71
2020,TNN,H1,Low,1109.36,1086.73,24647.292
2020,TPE,H1,Low,14.24,14.24,118.408
2020,TXG,H1,Low,95.19,95.19,1304.532
2020,PEN,H1,Low,,,
2020,TYN,H1,Low,28.33,25.85,268.958
2020,HSQ,H1,Low,69.63,69.63,767.23
2020,HSC,H1,Low,7.58,7.58,94.613
2020,NTP,H1,Low,444.18,434.79,6715.459
2020,CHA,H1,Low,45.62,45.62,772.061
2020,PIF,H1,Low,1.38,1.24,15.463
2020,ILA,H1,Low,236.63,211.24,3823.733
2020,KEE,H1,Low,14.14,14.14,136.416
2020,CYQ,H1,Low,169.41,169.41,2462.697
2020,CYI,H1,Low,3.5,3.5,37.275
2020,NTO,H1,Low,93.27,93.27,1595.371
2020,KHH,11,Low,417.21,417.16,3864.172
2020,YUN,11,Low,1.06,1.06,11.355
2020,KIN,11,Low,,,
2020,LIE,11,Low,,,
2020,MLI,11,Low,0.05,0.05,0.465
2020,HUA,11,Low,63.53,30.42,165.113
2020,TTT,11,Low,611.51,611.51,4908.021
2020,TNN,11,Low,146.93,146.18,1935.722
2020,TPE,11,Low,,,
2020,TXG,11,Low,0.13,0.1,0.616
2020,PEN,11,Low,,,
2020,TYN,11,Low,,,
2020,HSQ,11,Low,,,
2020,HSC,11,Low,,,
2020,NTP,11,Low,,,
2020,CHA,11,Low,0.1,0.1,0.75
2020,PIF,11,Low,735.74,711.07,6876.602
2020,ILA,11,Low,0.05,0.05,0.626
2020,KEE,11,Low,,,
2020,CYQ,11,Low,10.94,10.94,100.474
2020,CYI,11,Low,0.58,0.58,6.594
2020,NTO,11,Low,2.3,2.3,20.27
