date,crop_id,price_actual,price_baseline,price_prediction_global
2025-07-31,11,23.14,21.14,28.599401
2025-08-01,11,24.16,19.48,23.258974
2025-08-02,11,21.62,14.62,24.098146
2025-08-03,11,27.18,18.86,23.677324
2025-08-04,11,16.0,18.95,23.089508
2025-08-05,11,23.73,20.88,21.901138
2025-08-06,11,25.36,16.0,22.01091
2025-08-07,11,27.56,20.12,23.155907
2025-08-08,11,26.39,19.32,24.225224
2025-08-09,11,27.5,17.96,24.835987
2025-08-10,11,24.35,18.41,26.410553
2025-08-11,11,16.0,19.26,24.370346
2025-08-12,11,23.41,19.83,23.10233
2025-08-13,11,24.16,15.0,24.359951
2025-08-14,11,18.0,17.44,24.610159
2025-08-15,11,24.4,16.74,21.954254
2025-08-16,11,22.63,22.74,23.441723
2025-08-17,11,22.37,21.06,22.19271
2025-08-19,11,25.79,21.8,21.757141
2025-08-20,11,27.13,20.96,23.771866
2025-08-21,11,27.37,20.74,23.928291
2025-08-22,11,29.23,19.32,24.928123
2025-08-23,11,26.15,18.5,27.146526
2025-08-24,11,25.99,18.97,26.795456
2025-08-26,11,23.05,18.9,26.302935
2025-08-27,11,23.56,20.37,25.385344
2025-08-28,11,24.05,19.58,25.169172
2025-08-29,11,24.33,18.16,25.004412
2025-08-30,11,23.02,18.22,24.894756
2025-08-31,11,26.72,19.08,23.973143
2025-09-02,11,30.86,20.71,24.382393
2025-09-03,11,28.4,18.0,26.603657
2025-09-04,11,31.03,19.26,27.220993
2025-09-05,11,29.32,18.53,28.70642
2025-09-06,11,26.04,17.96,28.839718
2025-09-09,11,29.5,18.16,28.026104
2025-09-10,11,29.7,18.29,29.139675
2025-09-11,11,30.12,21.18,29.717741
2025-09-12,11,29.98,18.0,29.561958
2025-09-13,11,27.79,19.58,29.633646
2025-09-14,11,29.2,17.79,29.01591
2025-09-16,11,29.7,17.98,29.395256
2025-09-17,11,29.35,16.92,29.5806
2025-09-18,11,31.26,17.74,29.380505
2025-09-19,11,26.94,17.0,30.087744
2025-09-20,11,25.9,18.06,28.424044
2025-09-21,11,25.29,18.45,26.905182
2025-09-22,11,17.0,17.67,26.3011
2025-09-23,11,27.18,18.56,25.089931
2025-09-24,11,22.96,18.85,25.986792
2025-09-25,11,17.0,18.36,24.524864
2025-09-26,11,23.2,18.0,21.714619
2025-09-27,11,21.91,17.24,22.653095
2025-09-28,11,21.46,19.21,22.036713
2025-09-29,11,20.0,20.36,21.005886
2025-09-30,11,22.15,18.95,21.833393
2025-10-01,11,20.56,20.99,22.091509
2025-10-02,11,20.57,21.19,20.606
2025-10-03,11,19.81,18.0,21.17183
2025-10-04,11,18.99,20.32,20.686853
2025-10-05,11,19.54,19.81,20.376413
2025-10-06,11,19.37,17.09,19.986208
2025-10-09,11,19.61,21.56,20.339268
2025-10-10,11,19.75,19.95,20.350544
2025-10-11,11,18.66,19.0,20.350544
2025-10-12,11,21.27,19.61,18.932543
2025-10-14,11,18.32,18.8,20.253942
2025-10-15,11,20.93,18.15,20.052383
2025-10-16,11,18.6,17.15,20.47207
2025-10-17,11,17.93,16.18,20.249567
2025-10-18,11,18.33,16.64,18.932543
2025-10-19,11,18.22,15.71,19.120996
2025-10-21,11,20.08,15.88,18.877926
2025-10-22,11,17.12,15.17,19.140234
2025-10-23,11,17.26,16.58,18.475952
2025-10-24,11,16.17,17.01,18.64806
2025-10-25,11,15.47,13.0,17.995354
2025-10-26,11,16.2,14.33,17.511595
2025-10-28,11,14.88,14.86,16.735878
2025-10-29,11,15.52,15.27,16.73476
2025-10-30,11,16.0,19.8,16.420666
2025-10-31,11,14.3,15.38,16.25942
2025-11-01,11,16.42,15.69,15.628885
2025-11-02,11,14.99,13.0,16.504223
2025-11-03,11,16.0,15.24,15.512577
2025-11-04,11,14.49,16.23,15.565344
2025-11-05,11,12.15,13.76,15.105168
2025-11-06,11,14.35,14.32,14.584084
2025-11-07,11,15.21,13.87,15.533212
2025-11-08,11,14.91,13.91,15.63107
2025-11-09,11,,,15.63107
2025-11-10,11,,,15.63107
2025-11-11,11,,,15.266735
2025-11-12,11,,,15.572576
2025-11-13,11,,,15.540457
2025-11-14,11,,,15.451878
2025-11-15,11,,,15.542491
2025-01-20,22,77.0,63.54,36.45066
2025-01-21,22,85.22,72.96,69.41903
2025-01-22,22,85.61,64.21,80.76871
2025-01-23,22,106.58,66.0,82.287384
2025-01-24,22,106.73,79.11,89.45637
2025-01-25,22,107.53,72.85,91.89656
2025-01-26,22,111.77,69.39,98.84112
2025-01-27,22,88.53,72.62,97.8451
2025-01-28,22,96.1,75.77,96.70578
2025-02-03,22,70.75,65.35,89.483376
2025-02-04,22,61.34,60.0,88.11195
2025-02-05,22,55.17,65.47,79.225136
2025-02-06,22,59.98,54.52,71.875854
2025-02-07,22,56.3,49.83,75.275
2025-02-08,22,60.7,59.14,62.597862
2025-02-09,22,61.15,56.72,64.56334
2025-02-10,22,60.0,59.22,61.056187
2025-02-11,22,66.02,50.0,60.167534
2025-02-12,22,70.38,58.2,63.368633
2025-02-14,22,60.0,60.04,68.29245
2025-02-15,22,67.82,62.14,64.217545
2025-02-16,22,71.03,63.16,65.22019
2025-02-17,22,64.0,69.04,67.25322
2025-02-18,22,71.44,58.53,66.57741
2025-02-19,22,71.83,53.0,68.52222
2025-02-20,22,69.51,60.2,70.40615
2025-02-21,22,65.97,56.97,70.6451
2025-02-22,22,72.77,55.44,67.97849
2025-02-23,22,76.17,54.81,69.244576
2025-02-24,22,68.0,54.3,72.304924
2025-02-25,22,80.72,58.41,70.61043
2025-02-26,22,84.71,45.0,74.11866
2025-02-27,22,87.36,60.23,79.35452
2025-02-28,22,81.76,61.36,79.71191
2025-03-01,22,88.55,58.75,81.96958
2025-03-02,22,87.09,55.16,85.367485
2025-03-03,22,77.0,55.61,81.98301
2025-03-04,22,88.03,54.64,81.4875
2025-03-05,22,80.39,38.0,85.37404
2025-03-06,22,67.9,52.59,83.75377
2025-03-07,22,77.82,48.48,76.27659
2025-03-08,22,85.18,45.83,78.069534
2025-03-09,22,86.54,45.71,81.95743
2025-03-10,22,72.0,46.72,82.67748
2025-03-11,22,88.38,42.99,78.17885
2025-03-12,22,92.92,38.0,83.58471
2025-03-13,22,90.68,43.43,84.56501
2025-03-14,22,86.69,42.67,85.71974
2025-03-15,22,91.53,43.86,87.12395
2025-03-16,22,86.5,44.8,88.7385
2025-03-17,22,83.0,43.01,85.90238
2025-03-18,22,79.54,38.81,87.548325
2025-03-19,22,90.06,33.61,84.68867
2025-03-20,22,84.3,32.68,88.047775
2025-03-21,22,92.39,35.0,85.14408
2025-03-22,22,91.75,33.0,88.374435
2025-03-23,22,88.68,36.78,87.402756
2025-03-24,22,85.0,36.25,88.98208
2025-03-25,22,101.92,33.39,87.30958
2025-03-26,22,97.21,35.33,93.13141
2025-03-27,22,93.84,39.43,93.211754
2025-03-28,22,98.86,33.5,94.00066
2025-03-29,22,96.28,38.98,94.36704
2025-03-30,22,110.16,37.87,95.957855
2025-03-31,22,88.0,37.05,98.233215
2025-04-01,22,112.75,40.54,95.66965
2025-04-02,22,111.71,44.89,97.95188
2025-04-03,22,119.28,33.0,103.94805
2025-04-04,22,139.1,39.79,112.04071
2025-04-06,22,122.71,40.24,120.64442
2025-04-07,22,83.0,39.34,116.49185
2025-04-08,22,127.08,42.32,103.88744
2025-04-09,22,125.23,43.11,111.55754
2025-04-10,22,91.56,52.76,115.29944
2025-04-11,22,129.6,38.0,104.37934
2025-04-12,22,123.55,52.57,114.36363
2025-04-13,22,121.51,48.86,119.83451
2025-04-15,22,138.94,47.95,117.41863
2025-04-16,22,140.04,46.21,123.833336
2025-04-17,22,124.29,46.31,129.71242
2025-04-18,22,126.77,47.82,127.026054
2025-04-19,22,152.47,40.0,119.25378
2025-04-20,22,145.63,48.36,130.90607
2025-04-22,22,120.45,47.21,130.43968
2025-04-23,22,126.0,47.5,121.429825
2025-04-24,22,120.88,50.77,119.721886
2025-04-25,22,136.95,52.98,117.16649
2025-04-26,22,129.36,53.64,123.09964
2025-04-27,22,127.87,42.0,130.24393
2025-04-29,22,213.4,54.04,124.606346
2025-04-30,22,,,124.606346
2025-05-01,22,,,147.30214
2025-05-02,22,,,135.49191
2025-05-03,22,,,137.16086
2025-05-04,22,,,133.12439
2025-05-05,22,,,131.91174
2025-05-06,22,,,131.74829
2025-07-30,31,64.76,78.29,33.12394
2025-07-31,31,67.75,87.3,60.475105
2025-08-01,31,68.64,82.63,64.1997
2025-08-02,31,69.78,86.51,68.486755
2025-08-03,31,70.66,85.0,69.635956
2025-08-04,31,75.0,90.0,70.29292
2025-08-05,31,72.2,83.39,72.90937
2025-08-06,31,71.64,76.15,72.09697
2025-08-07,31,67.69,119.13,72.10872
2025-08-08,31,65.31,90.37,69.60258
2025-08-09,31,63.42,95.48,68.06534
2025-08-10,31,64.29,98.12,66.382225
2025-08-11,31,70.0,135.23,65.3062
2025-08-12,31,60.99,89.35,68.21664
2025-08-13,31,53.22,94.5,64.60657
2025-08-14,31,61.0,68.5,60.219017
2025-08-15,31,49.15,89.5,61.57129
2025-08-16,31,54.07,55.0,58.39255
2025-08-17,31,49.74,53.8,55.506767
2025-08-18,31,60.0,71.0,53.418495
2025-08-19,31,58.62,70.0,55.54366
2025-08-20,31,60.83,50.0,57.383236
2025-08-21,31,58.9,92.0,60.08622
2025-08-22,31,64.41,92.0,57.995766
2025-08-23,31,73.55,92.0,62.30753
2025-08-24,31,71.38,95.0,68.38916
2025-08-25,31,57.0,69.9,70.17833
2025-08-26,31,74.58,73.8,63.761898
2025-08-27,31,71.04,100.0,70.073944
2025-08-28,31,74.06,56.0,70.271095
2025-08-29,31,74.27,75.0,72.99888
2025-08-30,31,73.57,114.3,73.15035
2025-08-31,31,73.49,76.42,73.23153
2025-09-01,31,90.0,85.78,71.40758
2025-09-02,31,66.33,76.88,77.003975
2025-09-03,31,76.84,68.1,72.1677
2025-09-04,31,85.3,74.45,75.46194
2025-09-05,31,79.71,72.1,80.900406
2025-09-06,31,81.1,76.8,83.56448
2025-09-09,31,80.66,78.23,81.254555
2025-09-10,31,79.35,52.75,82.892334
2025-09-11,31,85.42,72.2,80.1158
2025-09-12,31,93.21,74.3,82.00237
2025-09-13,31,82.66,77.17,86.4698
2025-09-14,31,80.64,63.52,84.12601
2025-09-15,31,92.0,68.12,83.83988
2025-09-16,31,79.37,69.02,84.54836
2025-09-17,31,83.06,64.65,82.67772
2025-09-18,31,93.85,58.87,84.73114
2025-09-19,31,98.7,62.8,90.021805
2025-09-20,31,96.83,60.0,92.08436
2025-09-21,31,92.06,55.47,94.33098
2025-09-23,31,98.13,48.78,93.430275
2025-09-26,31,96.43,57.0,92.26416
2025-09-27,31,97.95,52.74,96.67162
2025-09-28,31,99.28,51.49,97.39326
2025-09-30,31,108.83,52.25,98.55634
2025-10-01,31,95.35,55.0,101.19598
2025-10-02,31,96.58,47.33,96.781296
2025-10-03,31,109.85,47.77,98.00258
2025-10-04,31,107.72,45.65,102.246445
2025-10-05,31,109.1,48.91,104.9128
2025-10-06,31,85.1,50.82,99.26246
2025-10-09,31,108.99,48.02,101.57725
2025-10-10,31,102.42,51.0,102.21327
2025-10-11,31,116.38,47.75,101.73297
2025-10-12,31,94.88,51.97,108.85219
2025-10-14,31,89.23,51.25,99.67416
2025-10-15,31,92.12,54.87,92.42549
2025-10-16,31,89.25,52.32,93.763565
2025-10-17,31,86.39,60.0,92.16135
2025-10-18,31,91.15,57.62,92.70138
2025-10-19,31,89.59,56.97,91.21283
2025-10-20,31,100.0,58.13,90.488464
2025-10-21,31,86.54,58.76,92.260635
2025-10-22,31,78.85,60.71,89.55233
2025-10-23,31,78.94,63.48,94.32454
2025-10-24,31,90.8,66.5,82.209015
2025-10-25,31,96.46,61.12,88.1508
2025-10-26,31,109.12,60.32,90.10404
2025-10-27,31,100.0,64.86,93.70314
2025-10-28,31,94.69,65.46,94.84513
2025-10-29,31,91.7,67.16,94.931145
2025-10-30,31,105.0,67.0,92.87918
2025-10-31,31,92.22,70.42,97.20173
2025-11-01,31,83.64,71.1,95.84576
2025-11-02,31,87.6,70.09,92.8408
2025-11-04,31,92.84,69.54,90.72363
2025-11-05,31,86.27,73.3,89.88906
2025-11-06,31,64.47,77.04,87.155045
2025-11-07,31,,,87.155045
2025-11-08,31,,,81.35173
2025-11-09,31,,,84.43971
2025-11-10,31,,,83.54226
2025-11-11,31,,,82.00747
2025-11-12,31,,,83.79566
2025-11-13,31,,,84.11416
2025-03-25,45,90.13,182.81,48.0626
2025-03-26,45,92.74,170.84,82.20655
2025-03-27,45,76.88,159.22,95.693726
2025-03-28,45,78.04,150.28,84.45285
2025-03-29,45,70.4,185.76,88.48976
2025-03-30,45,73.12,141.18,84.437515
2025-04-01,45,72.72,140.58,75.29626
2025-04-02,45,85.6,144.4,75.48826
2025-04-03,45,82.34,145.08,80.30829
2025-04-04,45,60.0,142.08,81.69012
2025-04-06,45,68.32,126.26,73.21222
2025-04-08,45,83.76,128.96,69.7615
2025-04-09,45,85.58,144.51,75.14847
2025-04-10,45,96.55,131.07,81.50307
2025-04-11,45,81.88,134.59,86.023056
2025-04-12,45,65.42,125.04,88.52311
2025-04-13,45,92.23,124.62,80.39136
2025-04-15,45,84.21,126.71,81.419815
2025-04-16,45,71.51,123.2,83.265366
2025-04-17,45,102.26,118.29,79.57411
2025-04-18,45,88.07,119.02,86.85492
2025-04-19,45,105.43,114.18,88.29099
2025-04-20,45,75.18,125.9,91.77733
2025-04-22,45,104.62,141.44,86.59933
2025-04-23,45,71.64,103.28,88.755974
2025-04-24,45,64.75,117.0,79.76994
2025-04-25,45,86.78,107.31,82.017426
2025-04-26,45,105.4,104.48,78.38013
2025-04-27,45,73.3,103.26,91.233574
2025-04-29,45,67.14,134.6,77.42206
2025-04-30,45,69.91,98.27,82.09932
2025-05-01,45,59.59,106.64,74.777565
2025-05-02,45,115.65,93.81,70.46551
2025-05-03,45,80.07,99.17,76.40349
2025-05-04,45,132.8,96.96,85.70031
2025-05-06,45,85.28,108.48,90.01606
2025-05-07,45,68.18,114.93,85.04591
2025-05-09,45,76.17,164.75,86.23951
2025-05-10,45,124.62,111.52,72.235504
2025-05-11,45,62.62,109.72,95.09328
2025-05-13,45,97.1,153.32,82.42324
2025-05-14,45,73.95,103.24,89.37464
2025-05-16,45,101.3,129.79,80.99003
2025-05-17,45,111.83,142.54,92.007416
2025-05-18,45,105.8,147.95,90.76663
2025-05-20,45,78.43,118.35,100.00669
2025-05-21,45,94.0,119.23,75.80022
2025-05-22,45,99.07,105.24,92.63514
2025-05-23,45,111.5,122.31,97.144554
2025-05-24,45,105.25,114.65,97.94562
2025-05-25,45,100.65,89.52,103.19272
2025-05-27,45,99.73,89.45,107.60292
2025-05-28,45,86.5,104.55,105.327034
2025-05-29,45,97.07,71.4,98.542175
2025-05-30,45,95.07,79.59,99.642494
2025-05-31,45,93.75,86.62,96.486984
2025-06-03,45,99.0,83.35,94.2646
2025-06-04,45,99.5,200.0,95.03934
2025-06-05,45,99.4,87.97,99.610016
2025-06-07,45,50.0,104.77,99.99133
2025-06-08,45,85.7,127.73,78.63373
2025-06-10,45,50.0,95.2,87.540375
2025-06-11,45,88.65,90.95,71.90956
2025-06-12,45,86.4,112.83,78.83596
2025-06-13,45,100.8,100.0,84.61279
2025-06-14,45,145.0,98.33,89.89549
2025-06-15,45,82.4,100.0,108.76534
2025-06-17,45,82.6,95.5,83.71348
2025-06-18,45,83.3,88.6,97.126144
2025-06-20,45,60.3,95.0,96.866776
2025-06-21,45,72.85,94.2,75.13178
2025-06-25,45,61.65,100.0,74.651985
2025-06-27,45,83.3,105.2,75.456955
2025-06-28,45,28.9,120.0,75.90485
2025-07-02,45,21.0,110.5,64.32099
2025-07-03,45,87.5,105.0,55.074203
2025-10-09,45,132.0,104.45,63.599697
2025-10-14,45,223.1,120.0,103.267075
2025-10-18,45,218.0,100.0,165.47365
2025-10-21,45,200.0,92.0,172.01445
2025-10-22,45,130.9,84.0,176.82605
2025-10-24,45,200.0,88.5,176.79039
2025-10-26,45,90.0,100.0,222.82785
2025-10-28,45,178.2,100.0,173.74019
2025-10-30,45,107.5,100.0,193.53517
2025-10-31,45,71.25,102.0,167.64337
2025-11-02,45,51.6,100.0,114.423584
2025-11-04,45,103.3,100.0,89.764496
2025-11-05,45,103.95,100.0,104.682945
2025-11-06,45,105.0,100.0,98.716
2025-11-07,45,,,98.716
2025-11-08,45,,,105.05384
2025-11-09,45,,,109.551865
2025-11-10,45,,,102.985695
2025-11-11,45,,,94.475494
2025-11-12,45,,,101.05166
2025-11-13,45,,,102.64644
2025-08-09,51,72.98,50.0,32.252205
2025-08-10,51,69.9,55.99,65.40244
2025-08-11,51,53.0,54.36,68.19662
2025-08-12,51,67.82,57.75,64.27634
2025-08-13,51,65.78,56.22,64.50778
2025-08-14,51,67.7,58.89,65.62542
2025-08-15,51,64.55,56.43,66.10219
2025-08-16,51,65.49,52.0,64.647064
2025-08-17,51,64.84,54.84,65.30641
2025-08-18,51,60.0,51.98,63.225212
2025-08-19,51,66.8,50.79,63.259403
2025-08-20,51,69.9,53.85,65.00715
2025-08-21,51,68.32,54.15,68.386856
2025-08-22,51,71.94,52.42,69.0297
2025-08-23,51,76.75,52.71,68.685745
2025-08-24,51,75.36,53.47,73.662056
2025-08-25,51,68.0,51.89,73.5532
2025-08-26,51,75.4,56.01,71.20829
2025-08-27,51,74.3,57.77,73.41307
2025-08-28,51,72.58,60.02,73.7732
2025-08-29,51,73.82,50.0,72.48186
2025-08-30,51,75.6,56.87,74.225334
2025-08-31,51,70.73,58.42,74.97765
2025-09-01,51,79.0,58.53,72.524895
2025-09-02,51,75.87,60.95,75.22243
2025-09-03,51,75.94,65.7,76.27575
2025-09-04,51,77.62,62.2,76.71513
2025-09-05,51,76.67,55.0,76.57471
2025-09-06,51,74.3,57.97,76.935074
2025-09-08,51,82.0,56.84,74.49861
2025-09-09,51,74.24,62.04,79.27792
2025-09-10,51,74.49,61.23,75.09699
2025-09-11,51,71.49,61.21,74.377045
2025-09-12,51,78.44,60.0,72.57092
2025-09-13,51,77.41,59.18,75.85277
2025-09-14,51,72.62,60.65,76.41026
2025-09-15,51,75.0,63.94,73.895164
2025-09-16,51,74.73,64.33,74.77171
2025-09-17,51,70.43,66.53,73.871346
2025-09-18,51,71.35,65.71,72.34995
2025-09-19,51,76.26,56.0,72.83152
2025-09-20,51,78.75,69.2,76.08878
2025-09-21,51,77.62,71.22,76.377594
2025-09-22,51,75.0,69.94,77.16982
2025-09-23,51,71.21,72.37,76.4761
2025-09-24,51,72.09,79.03,72.48789
2025-09-25,51,69.65,84.35,72.77573
2025-09-26,51,74.73,80.0,72.40458
2025-09-27,51,74.92,84.29,74.01677
2025-09-28,51,71.9,83.32,74.87749
2025-09-29,51,75.0,85.57,72.88029
2025-09-30,51,74.61,86.14,74.81708
2025-10-01,51,68.84,87.61,73.99399
2025-10-02,51,68.8,84.51,72.10446
2025-10-03,51,72.05,94.42,71.398834
2025-10-04,51,74.47,88.47,71.84965
2025-10-05,51,68.03,74.32,73.832954
2025-10-06,51,56.46,79.6,70.75966
2025-10-08,51,65.0,83.1,63.614784
2025-10-09,51,65.18,83.39,65.66281
2025-10-10,51,71.24,84.41,65.91585
2025-10-11,51,70.21,86.03,68.65889
2025-10-12,51,70.37,84.54,70.26245
2025-10-13,51,66.0,85.98,69.5137
2025-10-14,51,68.36,85.72,67.56279
2025-10-15,51,67.44,66.0,69.14893
2025-10-16,51,63.72,81.61,67.625595
2025-10-17,51,68.14,78.11,66.264534
2025-10-18,51,67.02,70.31,69.01674
2025-10-19,51,65.19,91.36,66.634125
2025-10-20,51,60.0,77.05,65.84793
2025-10-21,51,63.25,74.84,63.53557
2025-10-22,51,57.46,72.0,64.01282
2025-10-23,51,58.91,73.87,60.677654
2025-10-24,51,65.62,66.84,60.637283
2025-10-25,51,60.47,63.31,64.303696
2025-10-26,51,61.08,70.06,62.243137
2025-10-27,51,62.0,69.91,61.00657
2025-10-28,51,63.69,73.58,62.003323
2025-10-29,51,61.97,68.0,62.51821
2025-10-30,51,57.73,69.55,62.777565
2025-10-31,51,63.12,66.2,59.828087
2025-11-01,51,64.55,61.05,62.290794
2025-11-02,51,64.37,66.39,62.820625
2025-11-03,51,66.0,65.21,63.602715
2025-11-04,51,66.44,68.4,64.24438
2025-11-05,51,64.76,70.0,64.45771
2025-11-06,51,65.94,63.2,64.075096
2025-11-07,51,67.75,60.16,65.30641
2025-11-08,51,72.64,53.12,65.88639
2025-11-09,51,,,65.88639
2025-11-10,51,,,68.415375
2025-11-11,51,,,66.67431
2025-11-12,51,,,68.45575
2025-11-13,51,,,66.56951
2025-11-14,51,,,68.36011
2025-11-15,51,,,67.39141
2025-08-08,72,77.44,76.56,40.863716
2025-08-09,72,71.78,98.91,70.138626
2025-08-10,72,73.17,95.88,72.135475
2025-08-11,72,70.0,86.55,72.08747
2025-08-12,72,79.6,72.0,72.83702
2025-08-13,72,75.52,90.06,77.93356
2025-08-14,72,86.9,100.93,79.08414
2025-08-15,72,76.34,99.88,78.17452
2025-08-16,72,77.02,96.22,77.24248
2025-08-17,72,81.6,113.23,78.73065
2025-08-18,72,94.0,109.22,79.71634
2025-08-19,72,77.87,113.15,83.44831
2025-08-20,72,76.86,111.99,81.001076
2025-08-21,72,72.29,106.07,81.050514
2025-08-22,72,69.05,105.9,75.66405
2025-08-23,72,75.78,105.99,75.061134
2025-08-24,72,72.58,113.6,76.45706
2025-08-25,72,86.0,109.23,75.03643
2025-08-26,72,78.8,110.21,76.88425
2025-08-27,72,84.25,109.21,76.608
2025-08-28,72,78.63,112.22,82.42988
2025-08-29,72,78.69,111.55,80.33555
2025-08-30,72,80.48,106.75,79.22766
2025-08-31,72,81.91,92.0,80.7472
2025-09-01,72,90.0,103.46,81.05556
2025-09-02,72,83.34,104.43,83.73777
2025-09-03,72,86.34,100.74,82.69162
2025-09-04,72,84.9,87.62,83.919556
2025-09-05,72,95.76,92.19,83.81175
2025-09-06,72,81.58,92.0,89.91434
2025-09-09,72,91.88,98.51,87.74675
2025-09-10,72,98.79,94.3,89.3703
2025-09-11,72,98.39,94.6,90.63021
2025-09-12,72,98.89,98.51,96.47307
2025-09-13,72,97.89,96.0,95.46233
2025-09-14,72,106.29,100.81,98.109184
2025-09-15,72,95.0,90.0,100.00246
2025-09-16,72,112.18,103.24,97.14169
2025-09-17,72,112.78,112.92,103.19294
2025-09-18,72,110.45,104.4,106.20358
2025-09-19,72,116.88,106.14,110.40047
2025-09-20,72,111.05,112.36,115.2804
2025-09-21,72,126.4,116.89,111.48237
2025-09-22,72,100.0,90.0,119.676865
2025-09-23,72,128.57,115.25,110.41333
2025-09-24,72,122.93,114.55,122.53322
2025-09-25,72,125.33,122.24,115.45237
2025-09-26,72,121.63,131.01,121.227425
2025-09-27,72,123.52,144.62,120.0933
2025-09-28,72,120.54,126.26,120.51305
2025-09-29,72,110.0,129.07,119.17068
2025-09-30,72,126.99,131.31,113.53256
2025-10-01,72,117.0,105.0,121.13537
2025-10-02,72,127.46,142.85,118.18947
2025-10-03,72,122.75,146.68,120.753845
2025-10-04,72,120.27,141.99,121.96795
2025-10-05,72,124.87,128.0,121.68192
2025-10-06,72,102.92,152.12,120.13732
2025-10-08,72,120.0,146.79,111.40193
2025-10-09,72,110.97,146.97,119.295616
2025-10-10,72,120.17,143.63,111.17832
2025-10-11,72,112.98,145.33,118.68125
2025-10-12,72,116.75,150.23,112.80807
2025-10-13,72,112.0,130.0,117.9405
2025-10-14,72,93.57,137.17,112.88093
2025-10-15,72,89.04,148.01,107.599754
2025-10-16,72,99.54,126.32,100.03066
2025-10-17,72,106.26,145.44,103.30433
2025-10-18,72,94.32,133.37,100.69513
2025-10-19,72,91.86,126.53,99.24414
2025-10-20,72,86.0,123.0,94.15834
2025-10-21,72,90.54,108.13,91.97305
2025-10-22,72,79.6,110.46,91.81673
2025-10-23,72,86.99,95.16,87.51558
2025-10-24,72,91.82,105.59,86.88981
2025-10-25,72,91.51,107.49,89.648285
2025-10-26,72,90.55,104.79,88.64399
2025-10-27,72,85.0,120.0,87.99793
2025-10-28,72,86.87,93.12,87.357666
2025-10-29,72,98.61,107.93,86.34578
2025-10-30,72,104.11,107.89,91.553764
2025-10-31,72,94.42,111.44,95.819
2025-11-01,72,73.14,112.9,94.12173
2025-11-02,72,72.44,108.13,85.042725
2025-11-03,72,83.0,106.0,78.56189
2025-11-04,72,79.86,103.92,82.3532
2025-11-05,72,81.5,98.18,85.28499
2025-11-06,72,86.25,86.85,82.26298
2025-11-07,72,77.81,97.58,82.91716
2025-11-08,72,91.69,94.84,80.310036
2025-11-09,72,,,80.310036
2025-11-10,72,,,83.49338
2025-11-11,72,,,81.850105
2025-11-12,72,,,83.99654
2025-11-13,72,,,83.68402
2025-11-14,72,,,83.151344
2025-11-15,72,,,83.71186
2025-08-09,A1,34.15,24.5,31.240442
2025-08-10,A1,35.3,29.45,33.28424
2025-08-11,A1,30.0,30.88,33.857563
2025-08-12,A1,32.18,31.26,30.864954
2025-08-13,A1,32.24,31.3,32.599495
2025-08-14,A1,31.91,30.9,33.531723
2025-08-15,A1,30.25,32.25,32.78778
2025-08-16,A1,30.77,30.44,31.316477
2025-08-17,A1,29.0,30.0,30.830866
2025-08-18,A1,36.0,29.22,29.98772
2025-08-19,A1,31.28,30.2,32.76499
2025-08-20,A1,29.18,30.97,31.86578
2025-08-21,A1,28.84,32.99,30.22081
2025-08-22,A1,27.37,33.0,30.035574
2025-08-23,A1,26.79,32.99,29.135653
2025-08-24,A1,24.77,36.17,28.584326
2025-08-25,A1,23.62,33.92,27.870407
2025-08-26,A1,25.64,36.06,26.606325
2025-08-27,A1,24.53,37.2,26.672369
2025-08-28,A1,23.46,38.02,25.71667
2025-08-29,A1,21.33,0.0,24.908615
2025-08-30,A1,25.94,36.35,24.12195
2025-08-31,A1,24.37,43.27,25.048534
2025-09-01,A1,20.0,41.72,24.361984
2025-09-02,A1,22.29,40.12,22.628843
2025-09-03,A1,21.03,40.7,23.209723
2025-09-04,A1,24.34,41.12,22.763397
2025-09-05,A1,21.99,31.5,23.33216
2025-09-06,A1,23.58,43.29,23.038136
2025-09-08,A1,19.0,43.28,22.44998
2025-09-09,A1,21.82,42.28,22.179878
2025-09-10,A1,21.05,44.48,22.599379
2025-09-11,A1,19.92,44.47,21.95839
2025-09-12,A1,20.86,47.34,21.575346
2025-09-13,A1,20.23,49.84,21.036148
2025-09-14,A1,22.22,46.93,21.01076
2025-09-15,A1,18.0,44.89,20.590427
2025-09-16,A1,20.61,44.8,20.780333
2025-09-17,A1,20.28,44.93,20.855625
2025-09-18,A1,22.89,43.5,20.869703
2025-09-19,A1,21.54,45.82,21.65037
2025-09-20,A1,20.99,50.0,21.557632
2025-09-21,A1,22.18,42.57,21.269379
2025-09-22,A1,19.0,41.97,21.077328
2025-09-23,A1,20.97,42.49,21.493326
2025-09-24,A1,18.95,37.84,21.794355
2025-09-25,A1,21.2,38.51,20.875546
2025-09-26,A1,19.18,37.11,20.972086
2025-09-27,A1,19.67,35.53,20.982462
2025-09-28,A1,20.19,32.28,20.942034
2025-09-29,A1,19.0,40.0,20.288069
2025-09-30,A1,20.54,34.65,21.286625
2025-10-01,A1,20.42,31.2,20.552467
2025-10-02,A1,19.19,31.68,20.64527
2025-10-03,A1,20.29,28.0,20.74297
2025-10-04,A1,20.88,29.83,20.734098
2025-10-05,A1,20.75,33.83,20.831553
2025-10-06,A1,22.53,31.98,20.437695
2025-10-08,A1,24.1,32.49,21.313057
2025-10-09,A1,22.24,32.36,21.71936
2025-10-10,A1,18.73,37.19,22.258331
2025-10-11,A1,19.39,30.0,21.561039
2025-10-12,A1,21.76,34.7,21.021069
2025-10-13,A1,22.0,35.39,21.146572
2025-10-14,A1,19.93,32.46,21.67909
2025-10-15,A1,19.44,37.09,20.855812
2025-10-16,A1,18.35,33.82,20.935808
2025-10-17,A1,18.23,30.01,20.641695
2025-10-18,A1,17.92,38.0,20.428709
2025-10-19,A1,16.4,34.86,20.428709
2025-10-20,A1,17.0,36.23,18.735363
2025-10-21,A1,19.36,37.03,18.580477
2025-10-22,A1,21.26,37.15,19.378195
2025-10-23,A1,20.27,37.66,19.345736
2025-10-24,A1,20.58,37.06,19.257294
2025-10-25,A1,21.34,37.0,19.711855
2025-10-26,A1,22.12,39.74,21.204052
2025-10-27,A1,18.0,42.13,20.797445
2025-10-28,A1,20.12,41.38,20.680462
2025-10-29,A1,20.74,41.79,21.04278
2025-10-30,A1,19.5,44.14,20.771769
2025-10-31,A1,20.6,45.53,20.735882
2025-11-01,A1,21.98,46.0,20.734098
2025-11-02,A1,23.88,44.78,21.290787
2025-11-03,A1,18.0,44.49,21.161322
2025-11-04,A1,25.6,38.34,20.836624
2025-11-05,A1,27.63,48.81,22.972635
2025-11-06,A1,25.6,43.67,23.96451
2025-11-07,A1,26.36,43.43,23.718912
2025-11-08,A1,27.8,50.0,24.981207
2025-11-09,A1,,,24.981207
2025-11-10,A1,,,25.499298
2025-11-11,A1,,,24.58297
2025-11-12,A1,,,25.363617
2025-11-13,A1,,,25.81234
2025-11-14,A1,,,26.085808
2025-11-15,A1,,,25.916399
2025-08-09,B2,34.29,31.74,30.78535
2025-08-10,B2,31.07,29.0,32.82915
2025-08-11,B2,25.0,34.0,30.863195
2025-08-12,B2,27.35,29.27,28.680887
2025-08-13,B2,27.29,25.97,28.606997
2025-08-14,B2,24.75,26.74,28.733189
2025-08-15,B2,28.89,25.67,27.023623
2025-08-16,B2,29.56,28.81,29.015127
2025-08-17,B2,30.11,27.33,29.143906
2025-08-18,B2,32.0,30.73,28.351545
2025-08-19,B2,36.17,28.13,30.32984
2025-08-20,B2,36.01,25.87,34.44571
2025-08-21,B2,35.55,31.69,33.96802
2025-08-22,B2,35.55,36.16,34.682594
2025-08-23,B2,33.06,33.34,34.8573
2025-08-24,B2,38.17,24.0,34.045254
2025-08-25,B2,33.0,28.43,34.812126
2025-08-26,B2,36.5,32.68,34.123417
2025-08-27,B2,34.8,34.64,35.897854
2025-08-28,B2,34.72,37.63,35.249275
2025-08-29,B2,33.07,36.45,35.161858
2025-08-30,B2,32.22,36.14,33.801674
2025-08-31,B2,32.12,33.0,33.365665
2025-09-01,B2,32.0,35.88,33.01554
2025-09-02,B2,32.87,31.52,33.388664
2025-09-03,B2,31.04,35.55,32.826363
2025-09-04,B2,32.22,34.68,31.488388
2025-09-05,B2,31.36,34.56,31.938036
2025-09-06,B2,30.61,32.0,31.829355
2025-09-08,B2,33.0,38.52,30.286587
2025-09-09,B2,32.16,39.71,31.616629
2025-09-10,B2,29.99,39.24,31.818768
2025-09-11,B2,28.72,39.82,30.5958
2025-09-12,B2,28.12,38.64,30.194899
2025-09-13,B2,26.7,43.03,29.51568
2025-09-14,B2,27.2,33.0,28.957975
2025-09-15,B2,30.0,42.0,28.115307
2025-09-16,B2,29.62,45.88,28.90855
2025-09-17,B2,29.45,38.59,28.688072
2025-09-18,B2,28.54,40.1,28.962927
2025-09-19,B2,29.68,41.53,28.520725
2025-09-20,B2,30.4,43.54,29.124044
2025-09-21,B2,28.72,33.0,29.841942
2025-09-22,B2,24.0,44.48,29.317112
2025-09-23,B2,30.82,41.34,27.41012
2025-09-24,B2,27.74,38.91,29.129417
2025-09-25,B2,27.91,33.88,28.181581
2025-09-26,B2,28.92,33.49,28.85806
2025-09-27,B2,31.05,34.01,29.136818
2025-09-28,B2,28.79,33.86,29.628344
2025-09-29,B2,30.0,35.78,28.654837
2025-09-30,B2,31.47,33.65,31.170204
2025-10-01,B2,29.75,36.82,30.77164
2025-10-02,B2,29.89,33.67,29.990984
2025-10-03,B2,33.9,32.14,29.953236
2025-10-04,B2,32.68,26.0,32.522995
2025-10-05,B2,33.91,30.12,31.69937
2025-10-06,B2,34.8,29.99,32.424114
2025-10-08,B2,32.83,27.74,33.518894
2025-10-09,B2,28.55,32.36,32.84446
2025-10-10,B2,31.16,27.5,30.359287
2025-10-11,B2,32.35,27.42,31.499577
2025-10-12,B2,31.89,27.0,31.938036
2025-10-13,B2,30.0,30.03,31.822735
2025-10-14,B2,33.46,26.95,30.634523
2025-10-15,B2,32.86,26.16,32.186428
2025-10-16,B2,32.29,33.98,31.916103
2025-10-17,B2,34.23,30.44,32.172863
2025-10-18,B2,32.02,33.68,33.616596
2025-10-19,B2,32.97,25.0,32.356853
2025-10-20,B2,27.0,26.41,32.313354
2025-10-21,B2,30.91,27.24,30.390512
2025-10-22,B2,34.28,24.02,30.29045
2025-10-23,B2,30.83,25.35,33.27185
2025-10-24,B2,30.06,28.28,30.954952
2025-10-25,B2,29.43,27.86,30.13816
2025-10-26,B2,29.64,22.0,29.944288
2025-10-27,B2,25.0,29.26,29.458641
2025-10-28,B2,27.58,27.98,28.879519
2025-10-29,B2,27.7,24.32,28.604448
2025-10-30,B2,27.64,27.79,28.140463
2025-10-31,B2,24.84,27.56,27.949076
2025-11-01,B2,29.41,34.21,27.009096
2025-11-02,B2,31.47,24.0,28.57784
2025-11-03,B2,23.0,31.53,29.48163
2025-11-04,B2,29.5,30.07,27.196655
2025-11-05,B2,28.71,22.88,28.591433
2025-11-06,B2,28.07,25.52,28.708967
2025-11-07,B2,32.23,30.6,28.345417
2025-11-08,B2,27.84,30.87,31.442657
2025-11-09,B2,,,31.442657
2025-11-10,B2,,,29.87508
2025-11-11,B2,,,29.607729
2025-11-12,B2,,,29.25725
2025-11-13,B2,,,29.592152
2025-11-14,B2,,,29.855536
2025-11-15,B2,,,29.890018
2025-01-25,C1,33.23,33.79,48.39567
2025-01-26,C1,37.24,34.37,31.15131
2025-01-27,C1,38.52,36.54,31.890097
2025-01-28,C1,43.8,36.66,36.378807
2025-02-03,C1,27.55,26.67,46.15742
2025-02-04,C1,37.36,33.69,34.901306
2025-02-05,C1,32.7,32.12,36.12349
2025-02-06,C1,28.25,35.79,33.484936
2025-02-07,C1,31.67,31.29,32.167393
2025-02-08,C1,36.44,33.33,32.85182
2025-02-09,C1,31.56,27.0,35.759537
2025-02-11,C1,39.18,29.49,31.989191
2025-02-12,C1,35.19,28.7,36.168198
2025-02-14,C1,43.0,28.96,35.222748
2025-02-15,C1,31.29,27.07,37.1541
2025-02-16,C1,31.73,27.91,32.995678
2025-02-18,C1,40.87,34.22,32.611107
2025-02-19,C1,38.02,40.44,36.863045
2025-02-20,C1,41.32,31.03,37.208874
2025-02-21,C1,40.4,23.65,38.395412
2025-02-22,C1,37.7,26.2,38.927143
2025-02-23,C1,39.11,21.55,37.543396
2025-02-25,C1,44.55,19.12,38.47905
2025-02-26,C1,43.95,33.55,40.542355
2025-02-27,C1,34.56,22.28,41.1174
2025-02-28,C1,34.39,37.45,38.07726
2025-03-01,C1,33.53,71.35,36.52776
2025-03-02,C1,41.45,26.1,35.9201
2025-03-04,C1,34.3,45.0,37.789146
2025-03-05,C1,37.6,29.47,36.617306
2025-03-07,C1,39.25,43.47,37.69212
2025-03-08,C1,31.53,37.6,37.460846
2025-03-09,C1,45.0,37.6,34.613117
2025-03-11,C1,41.75,44.1,37.717213
2025-03-12,C1,36.47,39.65,39.13689
2025-03-13,C1,37.4,39.2,37.460457
2025-03-14,C1,26.15,35.1,38.66593
2025-03-16,C1,50.0,35.8,34.9069
2025-03-18,C1,37.0,35.3,38.277653
2025-03-19,C1,35.8,15.0,39.259857
2025-03-23,C1,47.0,55.2,37.51291
2025-04-02,C1,40.0,40.0,40.865784
2025-04-08,C1,40.0,31.0,39.773235
2025-09-10,C1,121.7,30.0,39.53417
2025-09-12,C1,7.8,30.0,69.87332
2025-09-16,C1,73.0,50.0,91.53029
2025-09-20,C1,47.0,45.0,63.07087
2025-09-21,C1,60.0,40.0,49.80746
2025-09-24,C1,50.0,31.9,61.015633
2025-09-26,C1,53.35,36.0,57.01292
2025-09-27,C1,45.7,32.0,54.52192
2025-09-28,C1,40.1,41.0,48.225197
2025-09-30,C1,34.7,43.63,47.97101
2025-10-01,C1,42.55,38.35,44.097343
2025-10-02,C1,45.8,31.47,44.724518
2025-10-03,C1,44.82,34.56,44.851444
2025-10-04,C1,43.2,35.9,43.44999
2025-10-05,C1,42.28,33.55,42.57086
2025-10-06,C1,37.25,37.33,41.28246
2025-10-08,C1,48.05,31.19,40.147396
2025-10-09,C1,45.6,20.0,44.360947
2025-10-10,C1,45.92,42.0,43.7379
2025-10-11,C1,45.77,40.0,44.16758
2025-10-12,C1,45.12,40.48,43.385414
2025-10-14,C1,51.38,44.02,44.17546
2025-10-15,C1,50.96,42.89,47.245495
2025-10-16,C1,46.21,46.36,49.452396
2025-10-17,C1,46.66,49.24,47.023335
2025-10-18,C1,51.02,43.96,46.144894
2025-10-19,C1,51.63,38.0,50.181187
2025-10-20,C1,58.32,45.02,50.535137
2025-10-21,C1,49.55,43.99,52.858177
2025-10-22,C1,46.06,46.28,52.526485
2025-10-23,C1,47.68,45.33,48.25165
2025-10-24,C1,47.38,45.89,48.81344
2025-10-25,C1,49.5,41.99,49.146145
2025-10-26,C1,48.44,41.95,50.438663
2025-10-27,C1,45.98,41.92,48.091328
2025-10-28,C1,48.68,37.46,46.167885
2025-10-29,C1,49.68,45.8,46.9045
2025-10-30,C1,51.75,45.99,49.259884
2025-10-31,C1,49.67,45.63,51.85946
2025-11-01,C1,47.88,46.98,50.597553
2025-11-02,C1,47.02,43.42,49.48436
2025-11-03,C1,45.12,42.46,47.534824
2025-11-04,C1,45.42,41.13,46.66811
2025-11-05,C1,45.4,41.9,46.322193
2025-11-06,C1,43.83,43.37,45.069664
2025-11-07,C1,44.47,40.79,45.056927
2025-11-08,C1,44.48,46.22,44.250553
2025-11-09,C1,,,44.250553
2025-11-10,C1,,,44.06876
2025-11-11,C1,,,43.14037
2025-11-12,C1,,,43.906197
2025-11-13,C1,,,43.9602
2025-11-14,C1,,,43.33355
2025-11-15,C1,,,43.24946
2025-02-06,D1,27.35,23.37,42.198544
2025-02-07,D1,26.55,19.4,27.970423
2025-02-08,D1,26.96,25.33,37.928783
2025-02-09,D1,25.75,22.38,26.032701
2025-02-10,D1,28.09,18.45,26.488787
2025-02-11,D1,30.25,22.23,26.842377
2025-02-12,D1,27.13,27.38,28.950169
2025-02-13,D1,37.21,20.8,27.642576
2025-02-14,D1,26.08,20.76,30.993404
2025-02-15,D1,28.06,22.42,28.460539
2025-02-16,D1,28.51,12.18,28.852934
2025-02-17,D1,28.38,19.46,28.686375
2025-02-18,D1,26.37,20.5,29.36337
2025-02-19,D1,24.83,19.18,28.08313
2025-02-20,D1,23.72,28.06,26.415226
2025-02-21,D1,24.46,15.4,25.552952
2025-02-22,D1,25.35,11.6,25.901148
2025-02-23,D1,27.15,27.7,25.834757
2025-02-24,D1,26.04,25.0,25.991713
2025-02-25,D1,26.77,25.0,26.082203
2025-02-26,D1,27.86,25.0,25.915577
2025-02-27,D1,27.26,17.73,26.758797
2025-02-28,D1,27.62,25.0,27.163033
2025-03-01,D1,28.41,25.0,26.800491
2025-03-02,D1,26.66,10.0,28.073446
2025-03-03,D1,30.74,7.0,26.961592
2025-03-04,D1,26.7,7.2,27.919676
2025-03-05,D1,24.66,23.9,27.540697
2025-03-06,D1,32.37,25.0,26.691008
2025-03-07,D1,29.15,31.48,30.301981
2025-03-08,D1,27.97,32.4,29.39796
2025-03-09,D1,28.18,31.87,28.274866
2025-03-10,D1,33.59,30.55,28.26529
2025-03-11,D1,33.68,27.77,31.01282
2025-03-12,D1,35.91,26.3,31.99077
2025-03-13,D1,34.02,34.9,34.192993
2025-03-14,D1,34.03,30.27,33.308537
2025-03-15,D1,33.1,28.15,33.12539
2025-03-16,D1,31.94,29.67,33.124104
2025-03-17,D1,45.22,25.15,33.079876
2025-03-18,D1,33.72,25.35,35.9693
2025-03-19,D1,35.59,28.04,34.000305
2025-03-20,D1,28.19,32.97,35.14113
2025-03-21,D1,37.01,31.67,32.59693
2025-03-22,D1,37.6,30.41,35.84394
2025-03-23,D1,40.17,27.4,36.524567
2025-03-24,D1,32.31,25.7,37.499535
2025-03-25,D1,40.46,26.32,33.976334
2025-03-26,D1,41.89,23.66,36.563793
2025-03-27,D1,41.19,24.64,38.813248
2025-03-28,D1,42.79,26.36,39.74912
2025-03-29,D1,45.57,26.41,40.9113
2025-03-30,D1,44.07,28.82,42.351704
2025-03-31,D1,41.75,34.61,41.41245
2025-04-01,D1,47.31,29.26,42.66678
2025-04-02,D1,47.04,30.06,45.456337
2025-04-03,D1,53.96,32.38,45.173084
2025-04-04,D1,70.0,34.74,49.30189
2025-04-05,D1,43.3,37.27,56.110916
2025-04-06,D1,49.7,30.78,52.638927
2025-04-07,D1,62.36,30.38,48.302017
2025-04-08,D1,56.24,29.38,56.07659
2025-04-09,D1,57.88,32.0,56.16552
2025-04-10,D1,53.06,29.47,57.389885
2025-04-11,D1,55.71,26.61,56.384308
2025-04-12,D1,63.25,26.55,54.568794
2025-04-13,D1,53.79,25.59,60.74671
2025-04-14,D1,44.79,24.88,56.44796
2025-04-15,D1,56.57,24.19,49.8443
2025-04-16,D1,52.81,25.83,54.22826
2025-04-17,D1,55.86,24.53,54.1654
2025-04-18,D1,52.65,24.34,54.847378
2025-04-19,D1,49.42,24.05,53.589764
2025-04-20,D1,60.42,22.24,51.48001
2025-04-21,D1,50.0,24.45,54.36438
2025-04-22,D1,55.5,25.03,54.262016
2025-04-23,D1,54.77,22.25,54.466057
2025-04-24,D1,52.61,21.86,54.554146
2025-04-25,D1,49.39,22.52,53.06937
2025-04-26,D1,46.45,24.17,51.699585
2025-04-27,D1,19.45,24.36,49.104614
2025-04-29,D1,21.8,25.39,58.54375
2025-04-30,D1,20.0,28.48,44.9815
2025-05-01,D1,20.0,26.8,31.95641
2025-05-02,D1,33.89,25.76,28.07982
2025-05-03,D1,34.0,25.36,30.498327
2025-08-23,D1,55.0,24.54,30.316729
2025-11-01,D1,55.7,25.86,34.989525
2025-11-02,D1,56.9,26.41,40.938244
2025-11-04,D1,42.6,31.19,44.126648
2025-11-05,D1,,,44.126648
2025-11-06,D1,,,43.12837
2025-11-07,D1,,,43.079845
2025-11-08,D1,,,44.512585
2025-11-09,D1,,,45.231632
2025-11-10,D1,,,47.40891
2025-11-11,D1,,,44.43488
2025-03-03,E1,35.0,25.91,27.808287
2025-03-04,E1,46.76,23.0,49.67235
2025-03-05,E1,46.75,27.63,55.189404
2025-03-06,E1,43.5,27.74,43.06408
2025-03-07,E1,48.43,25.11,42.345303
2025-03-08,E1,47.75,24.86,45.282726
2025-03-09,E1,50.35,23.9,46.137993
2025-03-11,E1,49.37,23.99,46.483437
2025-03-12,E1,51.04,22.0,48.23962
2025-03-13,E1,51.24,24.27,50.15979
2025-03-14,E1,55.95,24.85,51.55272
2025-03-15,E1,49.81,23.9,53.19534
2025-03-16,E1,53.46,24.44,51.98682
2025-03-17,E1,54.0,25.5,51.132694
2025-03-18,E1,52.25,25.42,52.03773
2025-03-19,E1,58.87,25.0,52.557472
2025-03-20,E1,59.17,27.78,55.20091
2025-03-21,E1,56.09,27.82,57.389168
2025-03-22,E1,57.56,27.52,56.201893
2025-03-23,E1,69.09,27.18,56.056267
2025-03-25,E1,65.97,27.2,64.07055
2025-03-26,E1,75.78,25.61,64.355415
2025-03-27,E1,73.88,23.0,70.6653
2025-03-28,E1,62.63,24.89,71.95607
2025-03-29,E1,77.55,26.87,67.60281
2025-03-30,E1,81.05,25.67,71.573456
2025-04-01,E1,69.1,26.34,77.25539
2025-04-02,E1,75.2,26.36,72.634
2025-04-03,E1,76.44,28.38,74.75806
2025-04-04,E1,85.0,28.0,75.51034
2025-04-06,E1,71.3,28.55,78.76379
2025-04-08,E1,60.5,26.8,73.45813
2025-04-09,E1,99.1,28.89,70.003426
2025-04-11,E1,80.95,28.67,77.53959
2025-04-12,E1,82.8,27.77,84.72298
2025-04-16,E1,68.0,27.25,82.748764
2025-04-23,E1,52.8,26.0,75.46325
2025-04-24,E1,72.1,25.83,65.91781
2025-04-25,E1,72.1,26.96,68.5065
2025-04-26,E1,48.55,27.4,72.9303
2025-09-09,E1,25.0,28.47,63.87131
2025-09-10,E1,15.0,28.05,53.0814
2025-09-13,E1,28.7,28.14,51.471237
2025-09-14,E1,23.2,26.0,51.72301
2025-09-16,E1,27.05,27.56,42.902588
2025-09-17,E1,26.7,27.88,28.908873
2025-09-18,E1,25.45,29.96,26.526777
2025-09-19,E1,24.93,29.78,25.157562
2025-09-20,E1,29.3,27.61,24.730715
2025-09-21,E1,16.85,33.09,28.027727
2025-09-23,E1,27.1,30.0,24.107906
2025-09-24,E1,29.65,31.07,25.76352
2025-09-26,E1,26.18,32.17,27.527832
2025-09-27,E1,26.78,27.52,26.278788
2025-09-28,E1,21.37,30.32,26.51004
2025-09-30,E1,20.34,30.99,24.650633
2025-10-01,E1,23.45,30.35,22.745102
2025-10-02,E1,24.49,32.05,24.148558
2025-10-03,E1,24.78,32.04,24.293667
2025-10-04,E1,29.02,30.69,24.069748
2025-10-05,E1,29.05,31.1,25.793589
2025-10-06,E1,31.37,33.35,25.50541
2025-10-09,E1,29.02,32.35,28.418707
2025-10-10,E1,28.42,31.31,28.992188
2025-10-11,E1,26.33,31.34,28.35763
2025-10-12,E1,25.28,26.75,27.745394
2025-10-14,E1,27.7,34.0,26.974125
2025-10-15,E1,28.19,30.42,27.833447
2025-10-16,E1,25.95,27.48,28.385595
2025-10-17,E1,26.83,28.18,27.5201
2025-10-18,E1,27.07,28.04,26.777649
2025-10-19,E1,25.6,30.77,26.777649
2025-10-21,E1,26.24,31.0,26.958696
2025-10-22,E1,24.78,31.06,26.655539
2025-10-23,E1,26.35,30.91,26.168497
2025-10-24,E1,25.77,29.93,26.399206
2025-10-25,E1,26.51,28.82,26.18563
2025-10-26,E1,26.44,28.1,26.56401
2025-10-28,E1,27.49,30.1,26.43599
2025-10-29,E1,29.13,26.0,26.561783
2025-10-30,E1,29.7,28.86,28.035326
2025-10-31,E1,27.68,27.96,28.945688
2025-11-01,E1,28.48,27.83,27.83462
2025-11-02,E1,28.88,27.34,28.209846
2025-11-03,E1,32.0,27.56,28.226908
2025-11-04,E1,28.2,28.24,30.65362
2025-11-05,E1,26.36,27.36,29.287716
2025-11-06,E1,26.2,28.05,27.714222
2025-11-07,E1,28.72,27.43,27.21356
2025-11-08,E1,27.97,25.94,28.581762
2025-11-09,E1,,,28.581762
2025-11-10,E1,,,28.484825
2025-11-11,E1,,,27.869995
2025-11-12,E1,,,28.340204
2025-11-13,E1,,,28.245821
2025-11-14,E1,,,28.219505
2025-11-15,E1,,,28.310118
2025-08-09,F1,36.42,25.98,32.12121
2025-08-10,F1,39.98,27.78,35.24772
2025-08-11,F1,35.0,25.12,36.974564
2025-08-12,F1,37.22,23.22,36.12037
2025-08-13,F1,36.95,26.59,37.966736
2025-08-14,F1,38.46,27.48,37.7917
2025-08-15,F1,35.19,26.03,37.46915
2025-08-16,F1,38.91,25.18,36.38743
2025-08-17,F1,39.23,24.05,38.24562
2025-08-18,F1,32.88,25.05,36.206318
2025-08-19,F1,38.39,26.37,35.637966
2025-08-20,F1,37.14,24.72,37.498856
2025-08-21,F1,35.31,23.0,37.722527
2025-08-22,F1,39.63,26.13,36.879814
2025-08-23,F1,38.3,25.22,38.483887
2025-08-24,F1,41.66,24.7,37.905197
2025-08-25,F1,30.0,23.82,36.859272
2025-08-26,F1,38.63,25.88,35.51345
2025-08-27,F1,35.62,25.88,37.247337
2025-08-28,F1,40.28,26.7,37.10606
2025-08-29,F1,37.51,25.33,38.73864
2025-08-30,F1,38.7,22.47,37.987175
2025-08-31,F1,37.29,23.17,38.426674
2025-09-01,F1,30.0,25.5,36.449898
2025-09-02,F1,35.43,23.78,35.20838
2025-09-03,F1,38.95,21.99,35.966362
2025-09-04,F1,39.54,23.02,38.393272
2025-09-05,F1,38.08,25.58,38.442806
2025-09-06,F1,36.32,23.21,37.89811
2025-09-08,F1,28.0,23.55,35.814636
2025-09-09,F1,40.08,24.4,32.974716
2025-09-10,F1,38.08,23.85,36.987534
2025-09-11,F1,38.09,24.85,37.807495
2025-09-12,F1,39.24,22.57,37.94321
2025-09-13,F1,34.81,21.22,38.360813
2025-09-14,F1,39.52,24.35,36.55249
2025-09-15,F1,27.29,24.96,36.130417
2025-09-16,F1,39.71,25.24,35.384144
2025-09-17,F1,39.78,27.35,37.3733
2025-09-18,F1,37.59,26.1,38.497993
2025-09-19,F1,38.89,27.72,38.085365
2025-09-20,F1,37.84,28.66,38.51574
2025-09-21,F1,37.7,32.95,37.89811
2025-09-22,F1,35.0,32.0,36.222103
2025-09-23,F1,41.84,27.72,37.04902
2025-09-24,F1,42.5,30.64,39.75821
2025-09-25,F1,37.45,36.31,39.121975
2025-09-26,F1,46.14,33.4,38.61701
2025-09-27,F1,44.14,25.13,41.185303
2025-09-28,F1,47.67,25.8,41.347633
2025-09-29,F1,32.84,34.18,40.968422
2025-09-30,F1,42.69,34.62,39.690147
2025-10-01,F1,47.44,36.93,42.987423
2025-10-02,F1,49.45,22.2,44.569542
2025-10-03,F1,47.98,35.58,47.68255
2025-10-04,F1,47.4,35.22,46.40957
2025-10-05,F1,50.24,31.64,46.40957
2025-10-06,F1,48.6,32.15,45.20931
2025-10-08,F1,48.7,25.74,48.1134
2025-10-09,F1,49.07,30.26,49.167297
2025-10-10,F1,50.7,19.46,50.02158
2025-10-11,F1,51.36,27.5,51.66468
2025-10-12,F1,55.77,27.42,52.210415
2025-10-13,F1,38.92,28.15,51.627007
2025-10-14,F1,53.62,31.98,49.55041
2025-10-15,F1,51.63,32.92,52.21278
2025-10-16,F1,51.03,29.39,52.47134
2025-10-17,F1,55.19,21.1,52.67407
2025-10-18,F1,52.09,30.61,54.14842
2025-10-19,F1,62.39,32.96,53.944794
2025-10-20,F1,42.08,30.25,55.017254
2025-10-21,F1,52.53,29.17,51.311523
2025-10-22,F1,59.58,29.01,52.688847
2025-10-23,F1,54.45,29.62,55.538147
2025-10-24,F1,60.38,28.0,55.56116
2025-10-25,F1,54.98,29.0,57.45641
2025-10-26,F1,56.35,34.06,56.693413
2025-10-27,F1,39.65,34.7,53.621063
2025-10-28,F1,53.97,34.41,50.780025
2025-10-29,F1,54.48,32.33,53.03655
2025-10-30,F1,59.45,33.34,53.02774
2025-10-31,F1,59.24,19.15,56.384205
2025-11-01,F1,58.27,33.19,57.76147
2025-11-02,F1,60.48,38.78,56.865524
2025-11-03,F1,49.94,33.1,57.677784
2025-11-04,F1,58.28,33.49,55.217068
2025-11-05,F1,60.47,35.9,56.83895
2025-11-06,F1,59.37,43.01,60.6414
2025-11-07,F1,60.42,30.0,67.21935
2025-11-08,F1,60.2,33.07,60.38639
2025-11-09,F1,,,60.38639
2025-11-10,F1,,,60.38596
2025-11-11,F1,,,59.66962
2025-11-12,F1,,,60.164207
2025-11-13,F1,,,59.978096
2025-11-14,F1,,,60.936203
2025-11-15,F1,,,60.06871
2025-06-27,G7,15.0,25.85,29.683842
2025-06-28,G7,16.5,23.1,16.44159
2025-06-29,G7,18.0,26.48,17.00823
2025-07-02,G7,17.7,25.72,17.660252
2025-07-06,G7,14.7,24.73,17.632923
2025-07-08,G7,20.0,26.92,17.178686
2025-07-10,G7,7.0,22.38,18.225487
2025-07-12,G7,15.0,26.1,16.044437
2025-07-15,G7,15.0,20.38,15.971005
2025-07-18,G7,20.0,29.47,16.067602
2025-07-22,G7,15.0,29.9,16.631329
2025-07-23,G7,55.0,19.35,15.571111
2025-07-24,G7,15.0,27.87,22.513443
2025-07-25,G7,60.0,36.17,21.830942
2025-07-27,G7,23.5,28.7,35.536503
2025-07-29,G7,34.25,14.75,40.295105
2025-07-30,G7,34.5,23.6,37.04228
2025-08-01,G7,59.0,19.25,45.783535
2025-08-02,G7,20.0,13.12,45.59404
2025-08-07,G7,35.0,25.75,38.548244
2025-08-09,G7,45.3,23.58,35.196407
2025-08-10,G7,53.5,18.5,44.68642
2025-08-12,G7,65.0,26.78,40.031677
2025-08-13,G7,40.5,20.07,49.461575
2025-08-15,G7,35.0,13.98,48.6474
2025-08-16,G7,80.0,6.9,40.289864
2025-08-17,G7,95.0,19.83,53.51051
2025-08-19,G7,43.2,15.0,75.52202
2025-08-20,G7,57.4,26.7,81.59132
2025-08-21,G7,15.0,22.58,65.11781
2025-08-22,G7,22.5,23.35,66.910645
2025-08-23,G7,11.0,25.93,55.749737
2025-08-24,G7,11.0,18.92,59.461052
2025-08-26,G7,45.7,32.35,39.689243
2025-08-27,G7,38.8,22.28,31.452965
2025-08-28,G7,27.0,18.92,34.222717
2025-08-29,G7,44.18,22.0,25.601503
2025-08-30,G7,82.3,18.7,32.193752
2025-08-31,G7,76.6,16.3,50.159336
2025-09-02,G7,15.0,12.4,67.96508
2025-09-03,G7,47.25,23.3,81.851
2025-09-04,G7,80.0,25.25,44.54493
2025-09-05,G7,27.9,31.6,55.34849
2025-09-06,G7,28.9,16.65,75.798096
2025-09-09,G7,28.2,35.0,52.92355
2025-09-10,G7,57.8,16.75,38.839558
2025-09-11,G7,38.45,20.65,60.286667
2025-09-12,G7,27.72,15.5,47.372562
2025-09-13,G7,42.1,25.0,41.170837
2025-09-14,G7,47.15,25.3,44.26469
2025-09-18,G7,40.0,16.0,40.938442
2025-09-19,G7,34.05,23.3,40.506157
2025-09-20,G7,77.0,28.9,39.105427
2025-09-21,G7,47.08,38.7,46.45015
2025-09-23,G7,29.35,22.73,66.3093
2025-09-24,G7,40.0,44.7,42.88041
2025-09-26,G7,44.45,27.5,41.23211
2025-09-27,G7,33.83,34.2,51.937668
2025-09-28,G7,24.6,23.5,41.556244
2025-09-30,G7,30.65,22.3,46.47831
2025-10-01,G7,25.45,25.25,31.769821
2025-10-02,G7,21.4,20.7,30.83166
2025-10-03,G7,63.25,10.0,27.946333
2025-10-04,G7,26.7,13.4,37.937595
2025-10-05,G7,31.2,15.0,29.723867
2025-10-06,G7,28.0,13.5,28.677425
2025-10-09,G7,39.4,23.65,33.060223
2025-10-10,G7,38.45,22.5,35.961056
2025-10-11,G7,53.4,15.0,35.995174
2025-10-12,G7,48.8,30.0,42.074116
2025-10-14,G7,35.55,25.15,40.269474
2025-10-15,G7,45.0,18.55,38.029007
2025-10-16,G7,34.28,20.0,41.938538
2025-10-17,G7,34.15,20.0,40.298836
2025-10-18,G7,56.1,37.0,39.082024
2025-10-19,G7,52.4,17.5,47.128582
2025-10-21,G7,21.7,25.0,47.99009
2025-10-22,G7,25.5,15.5,38.36769
2025-10-23,G7,22.05,25.0,33.681942
2025-10-24,G7,34.4,35.0,30.217497
2025-10-25,G7,43.4,24.87,33.529865
2025-10-26,G7,44.9,34.35,37.831203
2025-10-28,G7,33.72,35.0,36.638237
2025-10-29,G7,27.25,30.0,32.723446
2025-10-31,G7,20.78,21.5,31.184893
2025-11-01,G7,26.62,20.3,28.10772
2025-11-02,G7,24.72,23.8,29.609135
2025-11-04,G7,24.5,27.0,27.704529
2025-11-05,G7,31.0,17.5,26.666458
2025-11-06,G7,37.5,28.5,28.223986
2025-11-07,G7,,,28.223986
2025-11-08,G7,,,30.54394
2025-11-09,G7,,,29.458942
2025-11-10,G7,,,29.159954
2025-11-11,G7,,,29.264595
2025-11-12,G7,,,29.600357
2025-11-13,G7,,,29.867441
2024-11-01,H2,19.88,8.0,29.683842
2024-11-02,H2,20.99,7.0,20.508427
2024-11-03,H2,18.59,15.25,21.143295
2024-11-05,H2,17.05,11.5,20.4742
2024-11-06,H2,18.72,15.9,19.123554
2024-11-07,H2,19.78,17.85,19.400684
2024-11-08,H2,17.88,15.8,19.530619
2024-11-09,H2,21.67,17.68,19.04407
2024-11-10,H2,25.71,18.75,19.965986
2024-11-12,H2,25.62,12.4,21.452204
2024-11-13,H2,21.88,15.0,22.044106
2024-11-14,H2,22.78,19.7,21.908857
2024-11-15,H2,20.02,12.0,22.481678
2024-11-16,H2,23.42,18.92,22.115547
2024-11-17,H2,17.27,16.95,22.940786
2024-11-19,H2,16.87,14.86,21.91435
2024-11-20,H2,23.34,21.56,20.00392
2024-11-21,H2,30.0,21.5,21.5994
2024-11-22,H2,18.01,23.02,24.011522
2024-11-23,H2,24.92,15.0,20.961084
2024-11-24,H2,14.83,20.14,23.266333
2024-11-26,H2,24.65,19.08,20.665197
2024-11-27,H2,24.3,16.59,22.374811
2024-11-28,H2,18.73,17.29,23.47608
2024-11-29,H2,19.8,14.9,21.730724
2024-11-30,H2,19.38,14.13,21.259226
2024-12-01,H2,34.05,12.0,20.925634
2024-12-03,H2,21.88,16.29,22.95536
2024-12-04,H2,31.55,14.55,22.390385
2024-12-05,H2,18.8,14.86,25.592857
2024-12-06,H2,21.83,16.2,24.441168
2024-12-07,H2,11.87,16.57,23.693384
2024-12-08,H2,27.0,16.15,20.637592
2024-12-10,H2,24.38,11.0,23.460505
2024-12-11,H2,32.6,15.5,22.701159
2024-12-12,H2,25.32,14.44,25.507591
2024-12-13,H2,36.35,14.46,23.886385
2024-12-14,H2,24.48,15.39,29.160046
2024-12-15,H2,24.65,18.54,26.93895
2024-12-17,H2,35.2,14.55,26.41929
2024-12-18,H2,27.1,11.0,32.573822
2024-12-19,H2,15.8,17.56,29.499313
2024-12-20,H2,28.7,14.08,24.974016
2024-12-21,H2,20.6,15.0,28.516712
2024-12-22,H2,25.6,15.69,24.323267
2024-12-24,H2,30.0,16.15,24.438932
2024-12-27,H2,25.9,16.29,28.00727
2024-12-29,H2,20.0,14.0,25.104256
2025-01-01,H2,24.1,15.46,22.964588
2025-01-02,H2,23.7,17.68,24.09079
2025-01-07,H2,26.0,18.47,23.815548
2025-01-08,H2,14.2,17.8,25.046968
2025-01-09,H2,19.0,17.19,21.33582
2025-01-10,H2,16.5,17.62,21.650906
2025-01-22,H2,20.05,15.0,19.9195
2025-01-23,H2,18.75,18.5,20.675205
2025-01-26,H2,5.0,17.92,20.09613
2025-09-26,H2,27.5,16.88,16.11432
2025-09-27,H2,16.1,16.5,18.941568
2025-09-28,H2,75.0,17.48,18.267538
2025-09-30,H2,10.0,14.89,32.9561
2025-10-01,H2,17.0,14.0,20.116276
2025-10-02,H2,25.0,20.84,21.924162
2025-10-03,H2,14.0,15.68,25.548096
2025-10-04,H2,25.0,14.53,28.947031
2025-10-05,H2,33.2,14.17,24.887161
2025-10-09,H2,19.5,13.58,30.88568
2025-10-10,H2,32.07,20.04,21.081858
2025-10-11,H2,25.0,12.0,24.917948
2025-10-12,H2,19.5,17.3,25.91456
2025-10-14,H2,37.83,16.69,22.829386
2025-10-15,H2,26.65,18.0,31.297276
2025-10-16,H2,23.2,16.69,28.497116
2025-10-17,H2,34.5,14.98,25.24704
2025-10-18,H2,23.02,13.8,31.070251
2025-10-19,H2,24.85,16.24,27.535137
2025-10-21,H2,22.48,20.35,26.329018
2025-10-22,H2,22.72,15.45,26.11809
2025-10-23,H2,22.01,15.63,24.362803
2025-10-24,H2,17.47,10.0,24.104216
2025-10-25,H2,18.4,12.0,23.242092
2025-10-26,H2,16.23,19.33,21.486244
2025-10-28,H2,27.15,15.0,20.320223
2025-10-29,H2,28.84,4.0,22.442959
2025-10-31,H2,27.76,16.1,23.652185
2025-11-01,H2,22.2,14.9,23.839556
2025-11-02,H2,17.1,20.7,22.9479
2025-11-04,H2,23.04,15.7,21.75847
2025-11-05,H2,21.62,10.0,22.762615
2025-11-06,H2,21.62,16.1,23.258795
2025-11-07,H2,,,23.258795
2025-11-08,H2,,,23.022245
2025-11-09,H2,,,22.637262
2025-11-10,H2,,,22.613379
2025-11-11,H2,,,21.843279
2025-11-12,H2,,,22.274445
2025-11-13,H2,,,22.14141
2025-04-02,H4,25.4,22.0,37.693027
2025-04-03,H4,24.94,28.12,24.664598
2025-04-04,H4,23.4,23.09,24.725645
2025-04-06,H4,32.4,21.54,24.665321
2025-04-07,H4,21.0,24.06,27.900743
2025-04-08,H4,26.51,24.71,26.096117
2025-04-09,H4,26.6,22.35,25.865427
2025-04-10,H4,20.0,23.0,25.992012
2025-04-11,H4,33.8,22.39,23.617449
2025-04-12,H4,33.95,24.21,28.44975
2025-04-13,H4,36.0,24.72,31.262737
2025-04-15,H4,32.96,24.23,27.776821
2025-04-16,H4,30.56,24.55,31.871769
2025-04-17,H4,30.58,23.08,30.283089
2025-04-18,H4,36.0,22.78,29.946476
2025-04-19,H4,28.65,24.05,34.733486
2025-04-20,H4,39.75,22.05,31.443686
2025-04-22,H4,42.1,23.2,33.771057
2025-04-23,H4,31.9,24.2,37.19648
2025-04-24,H4,47.9,25.75,34.054787
2025-04-25,H4,36.48,22.0,39.80902
2025-04-26,H4,49.65,25.55,37.994747
2025-04-27,H4,42.2,23.63,41.256584
2025-04-29,H4,45.15,21.01,41.48556
2025-04-30,H4,34.97,20.74,42.518425
2025-05-01,H4,42.5,22.26,39.193768
2025-05-02,H4,34.6,23.42,42.37705
2025-05-03,H4,45.6,18.0,39.09721
2025-05-04,H4,41.5,24.9,42.35544
2025-05-06,H4,36.22,22.04,41.016205
2025-05-07,H4,44.85,20.75,38.5676
2025-05-09,H4,42.6,21.6,40.57656
2025-05-10,H4,37.3,22.38,40.899414
2025-05-11,H4,35.9,25.78,39.3442
2025-05-16,H4,36.0,17.0,39.980198
2025-05-17,H4,32.2,20.42,38.07938
2025-05-18,H4,34.4,25.15,35.337025
2025-05-20,H4,32.1,23.19,35.53225
2025-05-21,H4,23.35,25.68,33.16055
2025-05-23,H4,28.1,22.32,30.323612
2025-05-24,H4,24.6,18.48,29.323698
2025-05-25,H4,24.6,17.0,28.884161
2025-05-27,H4,24.5,21.72,26.447897
2025-05-28,H4,24.4,22.9,26.540112
2025-05-29,H4,20.25,15.4,25.737074
2025-05-30,H4,18.15,26.05,23.866848
2025-05-31,H4,14.7,25.82,22.300392
2025-06-04,H4,16.0,19.78,21.056215
2025-06-05,H4,11.7,17.0,20.377995
2025-07-22,H4,28.85,19.65,17.784786
2025-08-29,H4,22.0,23.78,21.40645
2025-08-30,H4,25.0,21.0,19.930275
2025-09-06,H4,28.39,22.66,22.27874
2025-09-11,H4,35.0,20.4,23.306683
2025-09-13,H4,22.0,19.28,26.046103
2025-09-17,H4,22.0,20.35,24.724451
2025-09-18,H4,26.65,21.55,25.225801
2025-09-20,H4,30.0,18.42,26.303694
2025-09-21,H4,30.1,19.1,28.423277
2025-09-23,H4,35.0,18.0,28.40478
2025-09-25,H4,20.0,22.74,31.472912
2025-09-26,H4,20.0,21.78,26.598475
2025-09-30,H4,28.58,21.92,24.669672
2025-10-02,H4,32.09,18.0,27.443132
2025-10-03,H4,30.0,16.0,29.9102
2025-10-04,H4,27.5,21.7,28.559578
2025-10-09,H4,33.0,23.74,27.787481
2025-10-12,H4,18.61,26.05,30.764284
2025-10-15,H4,17.5,26.61,26.21725
2025-10-17,H4,23.33,23.62,24.604504
2025-10-18,H4,16.0,18.0,25.346617
2025-10-19,H4,20.33,22.8,21.72568
2025-10-20,H4,19.0,22.58,21.172905
2025-10-21,H4,23.93,23.77,21.00041
2025-10-22,H4,30.0,23.0,21.466658
2025-10-23,H4,19.88,21.17,23.62038
2025-10-24,H4,21.92,19.9,22.04754
2025-10-25,H4,20.0,20.48,22.28571
2025-10-26,H4,21.5,20.13,21.861742
2025-10-27,H4,20.0,25.4,21.220974
2025-10-28,H4,21.33,23.02,21.783886
2025-10-29,H4,20.67,23.0,21.706871
2025-10-30,H4,20.0,21.08,20.652514
2025-10-31,H4,25.0,23.03,20.53014
2025-11-01,H4,26.0,22.6,22.120693
2025-11-02,H4,21.5,23.1,23.286812
2025-11-03,H4,25.0,22.82,21.957205
2025-11-04,H4,26.0,23.8,23.05802
2025-11-05,H4,23.6,20.0,23.991938
2025-11-06,H4,21.92,22.7,23.7638
2025-11-07,H4,,,23.7638
2025-11-08,H4,,,23.750704
2025-11-09,H4,,,23.77672
2025-11-10,H4,,,23.816645
2025-11-11,H4,,,22.857899
2025-11-12,H4,,,23.993849
2025-11-13,H4,,,23.7866
2025-08-09,I1,47.23,47.02,30.78535
2025-08-10,I1,50.08,44.96,46.377323
2025-08-11,I1,45.0,42.19,48.427883
2025-08-12,I1,50.43,45.0,45.80725
2025-08-13,I1,45.75,40.85,49.3714
2025-08-14,I1,46.03,39.66,46.69445
2025-08-15,I1,48.08,40.64,46.147972
2025-08-16,I1,53.14,43.62,47.81157
2025-08-17,I1,53.62,45.32,51.358215
2025-08-18,I1,42.0,47.23,50.588898
2025-08-19,I1,51.08,45.79,47.688
2025-08-20,I1,54.31,43.89,50.92355
2025-08-21,I1,56.48,42.51,52.115402
2025-08-22,I1,59.71,44.12,54.01826
2025-08-23,I1,63.71,43.71,56.06647
2025-08-24,I1,65.2,43.96,60.299534
2025-08-25,I1,57.0,41.0,61.1891
2025-08-26,I1,60.92,41.51,58.406414
2025-08-27,I1,61.49,44.43,60.857746
2025-08-28,I1,63.16,46.24,61.574757
2025-08-29,I1,66.36,46.87,62.501472
2025-08-30,I1,65.06,50.38,64.453575
2025-08-31,I1,66.22,52.98,64.724625
2025-09-01,I1,62.0,45.0,64.20784
2025-09-02,I1,67.39,48.32,63.555336
2025-09-03,I1,63.34,47.66,64.85751
2025-09-04,I1,70.92,48.21,64.15494
2025-09-05,I1,72.08,48.32,67.943214
2025-09-06,I1,70.95,48.64,69.6649
2025-09-08,I1,63.0,47.0,70.84725
2025-09-09,I1,66.59,52.68,67.87271
2025-09-10,I1,68.42,52.6,66.99939
2025-09-11,I1,65.54,53.19,68.86815
2025-09-12,I1,59.65,55.35,67.13825
2025-09-13,I1,66.01,54.61,62.421185
2025-09-14,I1,70.5,62.41,64.97714
2025-09-15,I1,64.0,53.4,67.07193
2025-09-16,I1,62.73,62.82,66.03209
2025-09-17,I1,62.08,62.19,64.12517
2025-09-18,I1,56.61,61.26,62.776165
2025-09-19,I1,54.76,63.63,60.28323
2025-09-20,I1,61.14,64.61,59.14808
2025-09-21,I1,62.93,68.18,60.91178
2025-09-22,I1,72.0,58.0,61.96679
2025-09-23,I1,59.17,64.94,66.384
2025-09-24,I1,56.22,60.92,62.99997
2025-09-25,I1,61.45,63.22,60.36897
2025-09-26,I1,63.0,61.33,61.30283
2025-09-27,I1,58.48,66.92,63.095245
2025-09-28,I1,55.98,59.67,60.460934
2025-09-29,I1,63.0,61.61,59.37702
2025-09-30,I1,55.08,52.7,62.122337
2025-10-01,I1,54.3,58.0,57.669132
2025-10-02,I1,51.8,50.55,55.818203
2025-10-03,I1,52.81,49.73,55.47674
2025-10-04,I1,54.85,47.41,54.48733
2025-10-05,I1,54.52,46.0,54.912758
2025-10-06,I1,49.23,46.71,53.259956
2025-10-08,I1,48.95,45.48,50.229378
2025-10-09,I1,55.01,43.27,49.779408
2025-10-10,I1,49.55,42.0,53.267616
2025-10-11,I1,47.98,48.32,52.307606
2025-10-12,I1,50.49,49.11,50.096672
2025-10-13,I1,48.0,43.0,49.396248
2025-10-14,I1,51.67,41.82,49.202587
2025-10-15,I1,52.19,40.75,51.647465
2025-10-16,I1,49.36,43.33,51.87579
2025-10-17,I1,51.16,34.7,51.005295
2025-10-18,I1,52.32,34.63,51.532784
2025-10-19,I1,52.27,35.23,52.193054
2025-10-20,I1,47.0,33.0,51.13833
2025-10-21,I1,46.4,37.26,49.74931
2025-10-22,I1,42.62,27.49,47.97887
2025-10-23,I1,42.0,28.47,46.67065
2025-10-24,I1,44.11,30.75,44.783726
2025-10-25,I1,44.68,31.78,45.730793
2025-10-26,I1,46.5,30.21,44.243465
2025-10-27,I1,45.0,26.0,43.490463
2025-10-28,I1,45.79,30.03,44.098846
2025-10-29,I1,43.29,31.16,44.15285
2025-10-30,I1,40.83,31.53,43.785496
2025-10-31,I1,47.09,30.92,43.50706
2025-11-01,I1,47.57,35.22,46.142406
2025-11-02,I1,48.83,33.1,46.242905
2025-11-03,I1,45.0,25.0,44.445595
2025-11-04,I1,50.88,31.54,44.613346
2025-11-05,I1,49.94,29.98,48.23387
2025-11-06,I1,48.65,31.99,48.55309
2025-11-07,I1,51.74,27.53,48.5396
2025-11-08,I1,52.17,29.19,51.85946
2025-11-09,I1,,,51.85946
2025-11-10,I1,,,52.01126
2025-11-11,I1,,,50.93579
2025-11-12,I1,,,52.145306
2025-11-13,I1,,,51.754166
2025-11-14,I1,,,52.101738
2025-11-15,I1,,,52.910637
2025-02-12,L1,204.94,150.0,38.717766
2025-02-15,L1,228.18,181.67,205.81163
2025-02-16,L1,263.15,196.47,193.90083
2025-02-17,L1,212.57,141.12,178.41603
2025-02-18,L1,243.06,250.0,196.04105
2025-02-19,L1,254.66,162.5,212.23544
2025-02-20,L1,205.45,197.37,221.40158
2025-02-21,L1,210.97,189.39,201.14986
2025-02-22,L1,226.86,177.76,213.55765
2025-02-23,L1,220.58,178.75,216.51749
2025-02-25,L1,209.48,171.07,203.48712
2025-02-26,L1,217.38,204.4,201.64767
2025-02-27,L1,235.05,233.5,208.8339
2025-02-28,L1,209.49,189.73,203.55418
2025-03-01,L1,220.93,108.3,201.76347
2025-03-02,L1,234.75,177.64,221.73018
2025-03-03,L1,215.19,187.98,185.36902
2025-03-04,L1,237.24,187.69,203.17055
2025-03-05,L1,232.01,211.24,216.53026
2025-03-06,L1,300.0,178.54,206.45375
2025-03-07,L1,219.66,177.55,234.97276
2025-03-08,L1,233.48,181.5,217.6298
2025-03-09,L1,194.08,184.12,228.16505
2025-03-10,L1,235.1,184.39,168.83032
2025-03-11,L1,219.76,183.3,219.20651
2025-03-12,L1,222.15,177.18,210.1336
2025-03-13,L1,193.36,187.01,225.79471
2025-03-14,L1,210.78,172.06,199.96513
2025-03-15,L1,209.47,190.09,199.509
2025-03-16,L1,193.37,178.36,204.55238
2025-03-17,L1,259.01,170.8,174.71169
2025-03-18,L1,187.08,214.25,204.945
2025-03-19,L1,199.78,169.92,194.51773
2025-03-20,L1,208.7,183.98,196.61703
2025-03-21,L1,198.0,173.58,210.21584
2025-03-22,L1,195.02,163.36,200.29865
2025-03-23,L1,198.6,154.99,197.42609
2025-03-24,L1,212.9,161.22,185.43585
2025-03-25,L1,208.54,174.74,194.15259
2025-03-26,L1,187.36,167.62,198.70566
2025-03-27,L1,202.04,170.38,197.39618
2025-03-28,L1,193.94,176.62,198.893
2025-03-29,L1,208.19,177.26,194.027
2025-03-30,L1,210.34,172.82,202.53148
2025-03-31,L1,236.45,171.3,183.66148
2025-04-01,L1,208.79,205.72,207.62592
2025-04-02,L1,208.44,165.77,190.1492
2025-04-03,L1,190.7,166.78,216.5437
2025-04-04,L1,160.0,158.4,194.56374
2025-04-05,L1,274.2,168.21,190.20567
2025-04-06,L1,199.46,167.97,206.79109
2025-04-07,L1,226.8,163.23,206.10284
2025-04-08,L1,174.78,193.8,223.33917
2025-04-09,L1,165.49,153.21,188.9302
2025-04-10,L1,214.23,152.73,191.11421
2025-04-11,L1,159.86,144.64,203.44324
2025-04-12,L1,157.18,150.13,193.16873
2025-04-13,L1,141.25,154.56,167.54659
2025-04-14,L1,173.33,129.34,173.7107
2025-04-15,L1,142.92,132.49,153.26625
2025-04-16,L1,148.46,120.22,155.58484
2025-04-17,L1,125.2,195.76,159.25392
2025-04-18,L1,123.51,124.55,137.65575
2025-04-19,L1,117.97,128.4,131.95798
2025-04-20,L1,114.52,124.5,117.91602
2025-04-21,L1,158.38,107.88,137.77068
2025-04-22,L1,106.86,139.16,121.83296
2025-04-23,L1,104.64,116.35,125.44337
2025-04-24,L1,99.33,100.17,112.62278
2025-04-25,L1,102.26,93.12,107.20696
2025-04-26,L1,100.66,89.34,105.65378
2025-04-27,L1,95.77,89.91,105.171616
2025-04-28,L1,117.14,91.66,111.05951
2025-04-29,L1,105.59,103.32,106.70889
2025-04-30,L1,103.93,101.05,102.34838
2025-05-01,L1,98.3,96.09,103.944374
2025-05-02,L1,101.38,90.34,102.35045
2025-05-03,L1,105.24,80.42,102.76736
2025-05-04,L1,102.37,84.75,103.39924
2025-05-05,L1,112.58,84.47,104.06866
2025-05-06,L1,104.8,100.64,104.16127
2025-05-07,L1,100.08,87.99,102.51461
2025-05-08,L1,123.48,84.97,104.47659
2025-05-09,L1,120.16,97.98,111.16139
2025-05-10,L1,113.79,94.45,112.700935
2025-05-11,L1,114.57,84.15,111.70546
2025-05-12,L1,111.52,78.3,113.3962
2025-05-13,L1,111.55,77.34,112.73097
2025-05-14,L1,103.24,79.86,110.89344
2025-05-15,L1,106.43,131.73,110.93268
2025-05-16,L1,,,110.93268
2025-05-17,L1,,,111.54789
2025-05-18,L1,,,108.96995
2025-05-19,L1,,,107.92267
2025-05-20,L1,,,110.68133
2025-05-21,L1,,,110.28434
2025-05-22,L1,,,108.09042
2025-05-09,M3,70.65,22.0,28.8114
2025-05-10,M3,71.38,31.55,63.391567
2025-05-11,M3,57.95,30.2,68.278366
2025-05-13,M3,85.0,28.23,65.894356
2025-05-14,M3,65.75,33.78,73.40245
2025-05-17,M3,34.9,33.77,71.05355
2025-05-20,M3,57.05,31.28,61.2315
2025-05-25,M3,88.1,22.0,55.374283
2025-05-30,M3,80.0,29.77,67.28961
2025-07-22,M3,35.0,32.47,75.36132
2025-07-23,M3,35.0,38.9,68.03242
2025-07-24,M3,35.0,31.33,48.27709
2025-07-31,M3,30.3,30.82,46.414974
2025-08-01,M3,24.9,27.62,55.72974
2025-08-05,M3,17.3,27.52,50.329685
2025-08-06,M3,20.0,27.32,33.21632
2025-08-07,M3,37.9,27.2,25.799572
2025-08-10,M3,24.85,26.95,31.409134
2025-08-12,M3,34.6,26.7,27.754549
2025-08-13,M3,25.45,28.45,30.39995
2025-08-16,M3,25.5,27.83,27.898119
2025-08-17,M3,26.7,28.3,26.41313
2025-08-19,M3,30.72,26.78,26.901222
2025-08-20,M3,30.1,26.23,29.59943
2025-08-21,M3,35.51,23.53,28.92825
2025-08-22,M3,29.18,22.68,32.888893
2025-08-23,M3,41.32,19.65,30.221191
2025-08-24,M3,29.2,18.87,33.905415
2025-08-26,M3,33.56,21.44,31.344276
2025-08-27,M3,33.73,30.75,32.986263
2025-08-28,M3,35.5,19.9,33.08704
2025-08-29,M3,29.2,18.23,34.982254
2025-08-30,M3,34.68,22.1,31.66279
2025-08-31,M3,36.12,20.0,34.78486
2025-09-02,M3,31.08,20.0,34.831043
2025-09-03,M3,27.9,18.37,31.754786
2025-09-04,M3,28.17,19.6,30.565914
2025-09-05,M3,31.1,19.16,29.877214
2025-09-06,M3,27.98,19.4,30.636414
2025-09-08,M3,35.0,22.22,28.940832
2025-09-09,M3,31.97,20.0,31.820309
2025-09-10,M3,31.9,20.01,31.923286
2025-09-11,M3,28.68,19.45,31.69782
2025-09-12,M3,31.8,18.48,30.298706
2025-09-13,M3,32.83,19.94,31.911592
2025-09-14,M3,32.02,20.96,32.11764
2025-09-15,M3,35.0,20.15,31.981329
2025-09-16,M3,34.1,20.58,33.04072
2025-09-17,M3,34.26,21.37,33.26041
2025-09-18,M3,32.71,22.43,34.05405
2025-09-19,M3,30.48,19.15,33.02812
2025-09-20,M3,37.42,18.51,31.695627
2025-09-21,M3,39.17,19.65,35.666615
2025-09-23,M3,42.25,18.31,36.455555
2025-09-24,M3,39.98,19.75,37.260323
2025-09-26,M3,42.8,19.2,37.985096
2025-09-27,M3,45.55,20.31,39.449005
2025-09-28,M3,36.35,21.66,40.43416
2025-09-30,M3,39.75,19.91,38.979366
2025-10-01,M3,35.4,20.0,41.049644
2025-10-02,M3,40.23,22.15,38.057655
2025-10-03,M3,31.67,22.41,40.072624
2025-10-04,M3,35.28,30.3,36.165028
2025-10-05,M3,43.15,23.08,36.79408
2025-10-06,M3,36.73,23.88,37.178677
2025-10-09,M3,34.53,23.53,37.397747
2025-10-10,M3,36.58,26.54,36.826145
2025-10-11,M3,32.72,22.68,37.5458
2025-10-12,M3,34.42,20.72,33.720795
2025-10-14,M3,36.03,21.66,35.148777
2025-10-15,M3,34.45,23.52,36.534492
2025-10-16,M3,32.83,21.67,34.97578
2025-10-17,M3,32.05,24.0,33.42914
2025-10-18,M3,33.8,22.53,33.301884
2025-10-19,M3,37.33,21.74,33.785343
2025-10-21,M3,31.68,27.45,35.437916
2025-10-22,M3,36.92,23.36,33.61284
2025-10-23,M3,40.45,26.64,36.015263
2025-10-24,M3,37.96,25.0,36.95105
2025-10-25,M3,32.15,24.32,36.378063
2025-10-26,M3,32.11,23.28,34.00903
2025-10-28,M3,34.05,23.37,33.395752
2025-10-29,M3,35.02,23.34,34.29764
2025-10-30,M3,40.0,27.4,35.012157
2025-10-31,M3,35.9,26.85,37.534134
2025-11-01,M3,38.33,28.23,36.131557
2025-11-02,M3,36.67,26.83,36.58995
2025-11-04,M3,34.75,26.23,36.61332
2025-11-05,M3,39.78,26.8,35.911293
2025-11-06,M3,50.38,27.69,37.867504
2025-11-07,M3,,,37.867504
2025-11-08,M3,,,40.281986
2025-11-09,M3,,,40.208454
2025-11-10,M3,,,39.34466
2025-11-11,M3,,,38.49736
2025-11-12,M3,,,39.606655
2025-11-13,M3,,,39.37856
2025-08-09,P1,18.18,32.67,29.683842
2025-08-10,P1,18.87,24.0,19.269577
2025-08-11,P1,16.0,28.9,19.219631
2025-08-12,P1,20.24,28.78,18.384415
2025-08-13,P1,20.6,30.35,19.401419
2025-08-14,P1,14.88,31.76,19.19816
2025-08-15,P1,19.38,35.76,18.94137
2025-08-16,P1,19.8,37.37,19.647139
2025-08-17,P1,19.23,36.35,19.050112
2025-08-18,P1,16.0,37.12,18.81349
2025-08-19,P1,18.04,36.28,18.832897
2025-08-20,P1,18.46,37.26,19.167274
2025-08-21,P1,17.01,39.64,18.529234
2025-08-22,P1,17.61,39.33,18.843655
2025-08-23,P1,18.74,33.0,18.876547
2025-08-24,P1,19.89,41.22,18.362875
2025-08-25,P1,18.0,38.96,18.368193
2025-08-26,P1,19.15,40.94,18.881832
2025-08-27,P1,18.53,43.25,19.155588
2025-08-28,P1,15.89,48.66,18.683517
2025-08-29,P1,17.09,48.76,18.52668
2025-08-30,P1,19.13,35.0,18.876547
2025-08-31,P1,20.65,45.4,19.173187
2025-09-01,P1,20.0,50.15,18.651403
2025-09-02,P1,20.44,49.18,19.132313
2025-09-03,P1,18.77,53.74,19.155588
2025-09-04,P1,20.22,54.97,19.011614
2025-09-05,P1,21.99,38.0,20.579031
2025-09-06,P1,22.11,56.89,20.938395
2025-09-08,P1,20.0,58.6,20.891354
2025-09-09,P1,22.78,65.71,20.7422
2025-09-10,P1,21.63,61.42,21.492748
2025-09-11,P1,21.04,63.23,21.572384
2025-09-12,P1,22.78,67.32,21.524988
2025-09-13,P1,26.08,52.5,22.29618
2025-09-14,P1,28.71,60.91,23.788952
2025-09-15,P1,21.5,72.13,23.762266
2025-09-16,P1,29.24,68.45,23.325184
2025-09-17,P1,29.83,68.1,25.678133
2025-09-18,P1,29.62,74.07,27.2007
2025-09-19,P1,28.99,69.77,27.97681
2025-09-20,P1,33.51,66.0,29.033772
2025-09-21,P1,35.71,75.18,31.06079
2025-09-22,P1,29.52,75.1,32.171642
2025-09-23,P1,37.54,73.76,30.913338
2025-09-24,P1,36.82,80.42,34.165035
2025-09-25,P1,36.2,77.32,35.373802
2025-09-26,P1,40.84,77.27,35.878227
2025-09-27,P1,42.42,72.21,36.997723
2025-09-28,P1,41.22,78.12,38.752045
2025-09-29,P1,36.44,52.75,37.876377
2025-09-30,P1,43.5,72.26,38.287853
2025-10-01,P1,41.44,73.31,39.85487
2025-10-02,P1,40.05,69.04,39.81921
2025-10-03,P1,42.32,70.29,40.975605
2025-10-04,P1,43.9,82.65,41.458298
2025-10-05,P1,43.42,66.87,41.51936
2025-10-06,P1,39.57,64.35,40.416264
2025-10-08,P1,34.27,61.44,41.13818
2025-10-09,P1,41.72,63.17,39.129986
2025-10-10,P1,44.72,60.22,41.16664
2025-10-11,P1,43.58,59.9,41.90253
2025-10-12,P1,45.87,58.0,41.344654
2025-10-13,P1,38.0,59.07,41.509888
2025-10-14,P1,49.58,60.22,40.267475
2025-10-15,P1,45.87,60.78,45.41472
2025-10-16,P1,46.22,61.8,44.072105
2025-10-17,P1,47.44,56.06,44.768715
2025-10-18,P1,49.22,55.84,45.689903
2025-10-19,P1,50.18,53.0,46.826702
2025-10-20,P1,47.0,51.51,47.27746
2025-10-21,P1,49.17,43.66,47.38609
2025-10-22,P1,46.31,46.11,47.334568
2025-10-23,P1,46.21,49.21,45.96544
2025-10-24,P1,51.1,48.52,45.837265
2025-10-25,P1,52.9,48.91,50.34429
2025-10-26,P1,54.58,49.88,52.103756
2025-10-27,P1,47.0,47.26,51.742535
2025-10-28,P1,55.82,46.76,49.6671
2025-10-29,P1,59.26,43.58,52.862926
2025-10-30,P1,59.44,43.75,55.7742
2025-10-31,P1,63.44,45.64,57.41084
2025-11-01,P1,65.75,50.18,60.80254
2025-11-02,P1,68.11,47.5,63.163208
2025-11-03,P1,63.0,46.2,66.26709
2025-11-04,P1,65.94,45.75,63.361664
2025-11-05,P1,69.31,44.08,64.55249
2025-11-06,P1,68.54,42.64,67.70674
2025-11-07,P1,66.41,44.61,68.855774
2025-11-08,P1,67.79,47.26,65.872894
2025-11-09,P1,,,65.872894
2025-11-10,P1,,,66.29798
2025-11-11,P1,,,65.75848
2025-11-12,P1,,,65.35796
2025-11-13,P1,,,66.070145
2025-11-14,P1,,,65.89788
2025-11-15,P1,,,65.40501
2025-08-09,Q1,128.48,48.4,32.147938
2025-08-10,Q1,94.0,49.47,131.53554
2025-08-11,Q1,55.0,105.42,99.153496
2025-08-12,Q1,99.51,55.24,97.19355
2025-08-13,Q1,93.03,120.67,79.32558
2025-08-14,Q1,65.0,56.0,86.17166
2025-08-15,Q1,98.34,88.4,92.516396
2025-08-16,Q1,99.52,82.52,87.691376
2025-08-17,Q1,60.0,55.0,96.8477
2025-08-18,Q1,73.0,45.2,82.09638
2025-08-19,Q1,97.32,95.65,77.616554
2025-08-20,Q1,99.63,121.08,88.602196
2025-08-21,Q1,98.86,55.0,91.50929
2025-08-22,Q1,109.8,53.7,94.8751
2025-08-23,Q1,99.72,80.79,102.03077
2025-08-24,Q1,93.38,101.85,96.250694
2025-08-25,Q1,80.0,87.78,96.7023
2025-08-26,Q1,101.6,68.31,96.426384
2025-08-27,Q1,113.52,89.08,96.29309
2025-08-28,Q1,96.92,82.39,100.08167
2025-08-29,Q1,121.8,96.48,97.96211
2025-08-30,Q1,101.01,97.42,112.856285
2025-08-31,Q1,97.96,115.68,103.079735
2025-09-01,Q1,85.0,109.53,103.06063
2025-09-02,Q1,97.99,112.83,100.29543
2025-09-03,Q1,99.38,100.5,98.174484
2025-09-04,Q1,108.95,92.06,96.435875
2025-09-05,Q1,108.2,102.13,105.46471
2025-09-06,Q1,113.24,107.9,100.641914
2025-09-08,Q1,85.0,101.63,106.02315
2025-09-09,Q1,137.12,104.77,98.029106
2025-09-10,Q1,130.3,87.95,110.7905
2025-09-11,Q1,114.08,96.52,120.470406
2025-09-12,Q1,123.7,89.93,116.28188
2025-09-13,Q1,138.27,136.47,121.027824
2025-09-14,Q1,141.52,108.72,123.68082
2025-09-15,Q1,87.0,94.89,131.22488
2025-09-16,Q1,139.61,93.19,121.402855
2025-09-17,Q1,155.68,100.7,116.42015
2025-09-18,Q1,135.86,121.07,136.66277
2025-09-19,Q1,158.86,129.13,130.91039
2025-09-20,Q1,157.88,102.02,131.04926
2025-09-21,Q1,152.56,110.0,141.96806
2025-09-22,Q1,95.0,113.54,131.33417
2025-09-23,Q1,142.28,98.28,136.74892
2025-09-24,Q1,122.32,103.69,127.52441
2025-09-25,Q1,77.5,91.65,123.74587
2025-09-26,Q1,115.62,110.26,113.59087
2025-09-27,Q1,129.81,103.53,114.95114
2025-09-28,Q1,117.64,106.87,116.374794
2025-09-29,Q1,98.0,108.87,109.4992
2025-09-30,Q1,112.66,105.37,108.719955
2025-10-01,Q1,117.68,121.13,111.81961
2025-10-02,Q1,125.9,136.38,108.300644
2025-10-03,Q1,126.52,134.58,117.44241
2025-10-04,Q1,132.83,144.18,121.15903
2025-10-05,Q1,138.29,125.52,120.75076
2025-10-06,Q1,167.8,153.73,127.25592
2025-10-08,Q1,90.0,149.42,131.8471
2025-10-09,Q1,130.19,145.4,118.206055
2025-10-10,Q1,133.1,153.18,103.731735
2025-10-11,Q1,142.29,121.31,127.64031
2025-10-12,Q1,145.62,111.14,134.45288
2025-10-13,Q1,85.0,124.64,129.44246
2025-10-14,Q1,128.94,134.85,121.227104
2025-10-15,Q1,123.02,132.09,112.606705
2025-10-16,Q1,117.82,85.0,131.79744
2025-10-17,Q1,129.31,131.43,119.00505
2025-10-18,Q1,132.1,135.52,118.616615
2025-10-19,Q1,134.1,121.98,125.17188
2025-10-20,Q1,88.0,142.33,122.71486
2025-10-21,Q1,128.7,153.47,117.32512
2025-10-22,Q1,128.32,143.68,113.49944
2025-10-23,Q1,123.86,132.05,123.34209
2025-10-24,Q1,117.3,118.0,127.0466
2025-10-25,Q1,113.88,126.3,122.0258
2025-10-26,Q1,124.09,129.7,118.434105
2025-10-27,Q1,90.0,120.8,120.85056
2025-10-28,Q1,121.74,128.48,114.93192
2025-10-29,Q1,116.0,88.0,117.5586
2025-10-30,Q1,90.0,124.84,108.655426
2025-10-31,Q1,115.08,129.18,103.89604
2025-11-01,Q1,118.05,123.66,107.25054
2025-11-02,Q1,122.92,124.22,107.17284
2025-11-03,Q1,90.0,114.84,110.30262
2025-11-04,Q1,120.59,100.96,105.416405
2025-11-05,Q1,127.17,90.0,111.11216
2025-11-06,Q1,120.01,108.5,115.70263
2025-11-07,Q1,119.05,101.49,115.988106
2025-11-08,Q1,106.18,90.0,115.20221
2025-11-09,Q1,,,115.20221
2025-11-10,Q1,,,110.675804
2025-11-11,Q1,,,108.83105
2025-11-12,Q1,,,108.46222
2025-11-13,Q1,,,111.01004
2025-11-14,Q1,,,110.786964
2025-11-15,Q1,,,109.2916
2025-08-09,S1,52.91,72.0,30.841127
2025-08-10,S1,52.9,64.07,51.15166
2025-08-11,S1,55.0,65.0,50.96312
2025-08-12,S1,54.78,61.85,52.761013
2025-08-13,S1,51.07,61.78,54.448708
2025-08-14,S1,61.38,55.31,52.35192
2025-08-15,S1,51.4,60.7,57.9095
2025-08-16,S1,51.49,62.4,54.44798
2025-08-17,S1,56.27,66.35,53.03288
2025-08-18,S1,63.0,65.36,53.68618
2025-08-19,S1,62.9,64.46,58.810886
2025-08-20,S1,61.06,66.29,60.86391
2025-08-21,S1,61.36,66.27,61.293682
2025-08-22,S1,64.76,67.83,61.313553
2025-08-23,S1,62.69,67.96,62.39126
2025-08-24,S1,64.82,70.0,62.73984
2025-08-25,S1,68.0,70.76,63.05192
2025-08-26,S1,63.35,74.48,66.7421
2025-08-27,S1,65.48,69.18,63.808594
2025-08-28,S1,61.58,75.81,64.69643
2025-08-29,S1,63.11,76.65,62.758656
2025-08-30,S1,66.13,82.35,63.283684
2025-08-31,S1,64.96,77.0,64.50822
2025-09-01,S1,70.0,78.51,63.16211
2025-09-02,S1,65.61,82.24,67.47693
2025-09-03,S1,64.78,78.64,67.22322
2025-09-04,S1,65.09,80.42,64.24101
2025-09-05,S1,64.1,82.14,65.4788
2025-09-06,S1,64.83,77.0,64.04503
2025-09-08,S1,66.0,87.59,63.7897
2025-09-09,S1,65.53,85.36,64.533035
2025-09-10,S1,57.6,82.39,64.88787
2025-09-11,S1,66.82,83.79,61.044685
2025-09-12,S1,70.2,86.03,64.01051
2025-09-13,S1,71.12,86.02,68.27859
2025-09-14,S1,76.62,77.5,69.900024
2025-09-15,S1,65.0,89.22,72.56822
2025-09-16,S1,70.26,90.4,69.26602
2025-09-17,S1,73.34,95.48,69.43002
2025-09-18,S1,72.55,88.76,70.86614
2025-09-19,S1,72.18,91.92,71.30919
2025-09-20,S1,73.77,95.38,71.54613
2025-09-21,S1,86.53,83.0,73.05266
2025-09-22,S1,70.0,89.27,76.41087
2025-09-23,S1,87.12,105.24,73.851105
2025-09-24,S1,86.04,106.14,78.74532
2025-09-25,S1,71.0,99.41,82.01612
2025-09-26,S1,82.59,98.74,77.49258
2025-09-27,S1,76.06,102.76,80.54896
2025-09-28,S1,70.92,103.91,79.20059
2025-09-29,S1,80.0,94.5,75.5823
2025-09-30,S1,89.38,90.0,79.0076
2025-10-01,S1,83.17,99.11,83.68308
2025-10-02,S1,86.61,101.55,82.258446
2025-10-03,S1,90.73,95.48,83.55128
2025-10-04,S1,106.97,90.0,85.47333
2025-10-05,S1,116.34,102.34,93.63089
2025-10-06,S1,105.88,99.7,97.4123
2025-10-08,S1,51.75,94.88,100.08437
2025-10-09,S1,108.32,92.68,75.59443
2025-10-10,S1,115.0,89.92,92.17416
2025-10-11,S1,97.85,88.25,101.67281
2025-10-12,S1,98.38,95.0,98.930885
2025-10-13,S1,83.0,93.72,104.19484
2025-10-14,S1,108.35,88.35,100.34888
2025-10-15,S1,118.18,87.99,101.53141
2025-10-16,S1,106.84,94.4,107.1824
2025-10-17,S1,116.86,87.23,104.78294
2025-10-18,S1,121.61,87.31,111.27434
2025-10-19,S1,116.71,98.0,113.85557
2025-10-20,S1,90.0,96.35,107.83907
2025-10-21,S1,100.65,90.55,108.30098
2025-10-22,S1,110.82,92.98,103.13596
2025-10-23,S1,92.38,82.77,103.68268
2025-10-24,S1,105.0,83.26,103.81833
2025-10-25,S1,107.3,76.48,112.55988
2025-10-26,S1,96.0,95.0,105.64243
2025-10-27,S1,90.0,80.1,95.8211
2025-10-28,S1,96.45,86.78,98.12768
2025-10-29,S1,89.76,79.41,95.7875
2025-10-30,S1,79.37,82.48,95.07074
2025-10-31,S1,93.93,75.84,90.603096
2025-11-01,S1,93.88,76.92,90.32928
2025-11-02,S1,93.87,95.0,90.410416
2025-11-03,S1,92.0,84.6,92.109924
2025-11-04,S1,79.18,94.29,90.53187
2025-11-05,S1,84.57,109.18,86.951035
2025-11-06,S1,89.79,87.66,86.704285
2025-11-07,S1,89.53,82.05,89.745346
2025-11-08,S1,100.92,85.08,89.16043
2025-11-09,S1,,,89.16043
2025-11-10,S1,,,92.013214
2025-11-11,S1,,,92.23043
2025-11-12,S1,,,90.66414
2025-11-13,S1,,,88.11813
2025-11-14,S1,,,90.55945
2025-11-15,S1,,,90.6953
2025-08-08,T1,15.36,19.29,41.56592
2025-08-09,T1,18.98,23.33,16.636774
2025-08-10,T1,18.08,32.49,18.450981
2025-08-11,T1,20.0,21.77,17.885904
2025-08-12,T1,17.15,27.5,19.027744
2025-08-13,T1,18.75,24.9,18.463055
2025-08-14,T1,17.32,38.0,19.847496
2025-08-15,T1,16.23,21.27,18.82721
2025-08-16,T1,15.02,22.52,19.143742
2025-08-17,T1,16.63,26.62,18.00019
2025-08-18,T1,16.0,27.54,17.393618
2025-08-19,T1,17.67,22.43,17.493423
2025-08-20,T1,16.94,27.78,18.09631
2025-08-21,T1,15.88,26.38,17.224844
2025-08-22,T1,17.93,20.49,16.858526
2025-08-23,T1,15.94,19.09,17.779308
2025-08-24,T1,14.62,20.22,17.162611
2025-08-25,T1,20.0,22.32,16.258173
2025-08-26,T1,16.97,22.76,17.423836
2025-08-27,T1,15.64,33.0,17.067371
2025-08-28,T1,17.87,21.03,17.199291
2025-08-29,T1,17.88,17.82,18.080034
2025-08-30,T1,18.43,19.43,17.512478
2025-08-31,T1,18.72,23.96,17.995571
2025-09-01,T1,20.0,17.14,18.30525
2025-09-02,T1,16.47,17.82,18.599674
2025-09-03,T1,17.35,33.0,18.084484
2025-09-04,T1,15.93,19.61,18.869791
2025-09-05,T1,15.79,20.54,18.423101
2025-09-06,T1,18.55,19.22,17.645704
2025-09-08,T1,15.0,27.05,17.57165
2025-09-09,T1,16.28,23.35,17.46385
2025-09-10,T1,19.46,35.0,17.292889
2025-09-11,T1,17.7,20.25,17.914593
2025-09-12,T1,17.28,21.3,17.473572
2025-09-13,T1,17.27,24.62,17.556202
2025-09-14,T1,16.2,22.56,17.995571
2025-09-15,T1,18.0,25.85,17.40979
2025-09-16,T1,20.5,20.74,17.728817
2025-09-17,T1,14.35,34.88,19.166431
2025-09-18,T1,15.89,20.04,16.750984
2025-09-19,T1,19.59,16.65,17.766203
2025-09-20,T1,14.2,18.43,18.46108
2025-09-21,T1,14.2,25.1,16.684437
2025-09-23,T1,18.27,18.5,17.033377
2025-09-24,T1,18.99,16.54,18.053282
2025-09-25,T1,21.87,30.0,17.745054
2025-09-26,T1,16.78,17.4,19.000513
2025-09-27,T1,16.18,17.66,18.021498
2025-09-28,T1,16.81,20.08,17.026058
2025-09-29,T1,20.0,16.43,17.88833
2025-09-30,T1,17.85,16.26,19.315292
2025-10-01,T1,19.02,15.6,18.537642
2025-10-02,T1,17.75,16.42,19.0866
2025-10-03,T1,17.34,12.84,18.447441
2025-10-04,T1,18.82,16.0,18.525057
2025-10-05,T1,17.06,14.49,19.099596
2025-10-06,T1,15.4,15.27,18.92291
2025-10-08,T1,24.3,13.72,18.084484
2025-10-09,T1,17.41,13.0,19.97546
2025-10-10,T1,18.24,16.2,19.117342
2025-10-11,T1,18.5,16.59,18.959389
2025-10-12,T1,18.07,15.34,19.169758
2025-10-13,T1,20.0,15.1,18.76034
2025-10-14,T1,16.32,12.74,18.910458
2025-10-15,T1,14.04,14.98,18.965145
2025-10-16,T1,16.21,18.0,17.22333
2025-10-17,T1,18.61,15.9,18.010208
2025-10-18,T1,17.75,15.85,18.2168
2025-10-19,T1,16.96,12.38,17.41888
2025-10-20,T1,18.0,8.5,17.293215
2025-10-21,T1,18.95,15.33,17.446173
2025-10-22,T1,18.85,15.0,17.83912
2025-10-23,T1,19.21,20.0,18.709373
2025-10-24,T1,17.93,15.79,19.320036
2025-10-25,T1,18.5,13.97,18.918493
2025-10-26,T1,17.55,14.6,19.007076
2025-10-27,T1,17.0,15.11,18.616142
2025-10-28,T1,16.58,13.15,18.983883
2025-10-29,T1,17.35,14.55,17.999552
2025-10-30,T1,20.1,16.0,18.349031
2025-10-31,T1,17.31,12.98,18.868591
2025-11-01,T1,19.02,12.18,18.35106
2025-11-02,T1,17.88,14.67,18.741156
2025-11-03,T1,16.0,12.08,18.210688
2025-11-04,T1,16.17,14.7,18.204567
2025-11-05,T1,19.68,13.2,18.087748
2025-11-06,T1,17.13,18.0,19.077139
2025-11-07,T1,18.31,20.44,18.303457
2025-11-08,T1,17.62,16.85,18.524347
2025-11-09,T1,,,18.524347
2025-11-10,T1,,,18.407393
2025-11-11,T1,,,17.634216
2025-11-12,T1,,,18.348896
2025-11-13,T1,,,18.394396
2025-11-14,T1,,,18.74116
2025-11-15,T1,,,18.407393
2025-08-07,V1,29.68,24.49,41.475307
2025-08-08,V1,30.52,23.0,28.31125
2025-08-09,V1,23.89,22.15,29.614773
2025-08-10,V1,24.08,24.18,26.62069
2025-08-12,V1,25.16,19.95,26.250664
2025-08-13,V1,24.07,24.38,26.399977
2025-08-14,V1,22.52,24.2,25.456041
2025-08-15,V1,21.34,24.16,25.14265
2025-08-16,V1,24.32,28.0,24.218071
2025-08-17,V1,19.8,27.18,23.79803
2025-08-18,V1,20.0,25.94,22.431114
2025-08-19,V1,27.86,22.21,22.062773
2025-08-20,V1,28.11,26.5,25.00228
2025-08-21,V1,23.84,22.6,24.870085
2025-08-22,V1,24.59,23.58,23.645275
2025-08-23,V1,25.5,25.03,24.59167
2025-08-24,V1,29.17,24.5,24.829454
2025-08-25,V1,26.0,23.25,26.252693
2025-08-26,V1,26.79,25.21,27.436111
2025-08-27,V1,28.07,23.03,26.840708
2025-08-28,V1,30.02,34.38,27.45434
2025-08-29,V1,23.24,28.0,29.299088
2025-08-30,V1,23.79,27.09,26.376486
2025-08-31,V1,25.2,29.31,26.068043
2025-09-01,V1,23.0,30.84,25.84192
2025-09-02,V1,22.9,28.93,25.029913
2025-09-03,V1,27.31,32.59,24.2744
2025-09-04,V1,22.51,28.54,25.904726
2025-09-05,V1,27.24,28.0,24.039783
2025-09-06,V1,27.13,33.15,25.35345
2025-09-08,V1,20.0,28.16,25.503813
2025-09-09,V1,23.83,31.11,23.81764
2025-09-10,V1,22.22,29.57,24.343885
2025-09-11,V1,24.33,32.79,24.195036
2025-09-12,V1,25.59,26.41,24.56807
2025-09-13,V1,28.15,30.0,24.925323
2025-09-14,V1,28.42,30.0,26.330511
2025-09-15,V1,22.0,27.26,25.817163
2025-09-16,V1,30.88,28.77,24.760855
2025-09-17,V1,29.34,29.27,27.598507
2025-09-18,V1,29.7,27.98,28.209553
2025-09-19,V1,31.7,30.3,29.31795
2025-09-20,V1,33.32,26.0,30.799582
2025-09-21,V1,33.52,31.85,32.141956
2025-09-22,V1,33.0,29.67,31.716602
2025-09-23,V1,33.58,30.68,32.499798
2025-09-24,V1,32.41,29.93,32.73018
2025-09-25,V1,22.67,32.02,32.169445
2025-09-26,V1,29.94,33.98,29.458788
2025-09-27,V1,27.81,27.0,29.81597
2025-09-28,V1,30.44,32.99,29.313898
2025-09-30,V1,27.64,32.58,29.462679
2025-10-01,V1,31.24,31.38,28.882668
2025-10-02,V1,30.32,32.62,29.89049
2025-10-03,V1,30.57,31.59,28.887436
2025-10-04,V1,34.89,38.21,30.161697
2025-10-05,V1,32.5,26.0,32.78853
2025-10-06,V1,27.45,29.6,31.985708
2025-10-08,V1,38.23,31.56,29.67807
2025-10-09,V1,35.22,30.58,33.94763
2025-10-10,V1,33.16,35.56,34.750744
2025-10-11,V1,34.95,26.83,33.44036
2025-10-12,V1,29.92,29.75,35.122845
2025-10-13,V1,30.0,26.0,31.357063
2025-10-14,V1,35.96,41.51,30.683292
2025-10-15,V1,41.05,24.56,35.458744
2025-10-16,V1,35.37,23.74,36.823772
2025-10-17,V1,36.03,25.96,35.53811
2025-10-18,V1,39.27,23.99,36.342766
2025-10-19,V1,37.88,22.19,36.923046
2025-10-20,V1,32.0,19.2,36.452854
2025-10-21,V1,33.18,30.38,35.784256
2025-10-22,V1,28.03,29.12,34.61149
2025-10-23,V1,27.05,20.9,32.362614
2025-10-24,V1,30.81,34.62,30.578403
2025-10-25,V1,32.78,34.53,31.19716
2025-10-26,V1,31.5,28.0,32.03308
2025-10-27,V1,27.0,32.03,31.114733
2025-10-28,V1,30.71,33.19,29.508884
2025-10-29,V1,36.64,34.89,30.010387
2025-10-30,V1,29.81,35.68,33.40778
2025-10-31,V1,27.8,38.32,31.043427
2025-11-01,V1,35.41,46.64,29.330626
2025-11-02,V1,30.63,35.0,33.207733
2025-11-03,V1,24.0,36.91,30.576376
2025-11-04,V1,30.9,35.78,28.925266
2025-11-05,V1,31.85,36.4,29.807495
2025-11-06,V1,23.8,37.23,31.33727
2025-11-07,V1,36.92,39.85,29.187082
2025-11-08,V1,31.22,35.0,33.423542
2025-11-09,V1,,,33.423542
2025-11-10,V1,,,31.363583
2025-11-11,V1,,,31.082773
2025-11-12,V1,,,31.414762
2025-11-13,V1,,,30.736412
2025-11-14,V1,,,31.030329
2025-11-15,V1,,,30.792154
2025-07-29,W1,45.82,34.58,29.940216
2025-07-30,W1,52.2,42.3,44.62394
2025-07-31,W1,51.92,26.65,51.638332
2025-08-01,W1,46.15,34.75,52.684505
2025-08-02,W1,39.12,62.53,48.625015
2025-08-03,W1,53.29,53.63,46.12984
2025-08-05,W1,46.37,47.45,49.604023
2025-08-06,W1,45.2,46.4,46.112934
2025-08-07,W1,51.85,52.23,44.79689
2025-08-08,W1,48.98,45.32,48.63692
2025-08-09,W1,35.88,61.57,47.42951
2025-08-10,W1,39.36,63.02,44.22234
2025-08-11,W1,56.0,57.6,44.65406
2025-08-12,W1,51.41,55.9,48.224842
2025-08-13,W1,42.86,53.1,50.157036
2025-08-15,W1,44.18,51.71,46.81651
2025-08-16,W1,32.98,56.2,44.229904
2025-08-17,W1,35.93,52.72,40.987007
2025-08-19,W1,45.83,45.4,40.81351
2025-08-20,W1,47.03,44.79,43.838303
2025-08-21,W1,59.1,39.33,44.462288
2025-08-22,W1,49.8,41.24,47.950344
2025-08-23,W1,59.63,40.8,49.907784
2025-08-24,W1,55.88,41.6,51.298695
2025-08-26,W1,58.6,50.0,54.447727
2025-08-27,W1,60.2,32.44,56.493595
2025-08-28,W1,37.58,32.92,59.02608
2025-08-29,W1,55.98,34.08,50.599083
2025-08-30,W1,50.62,39.34,53.38264
2025-08-31,W1,56.28,38.8,53.25019
2025-09-02,W1,55.56,43.48,53.103928
2025-09-03,W1,51.38,49.88,54.24262
2025-09-04,W1,57.18,44.17,52.729828
2025-09-05,W1,56.26,44.45,54.269943
2025-09-06,W1,57.89,38.93,55.56388
2025-09-08,W1,60.0,42.24,54.89182
2025-09-09,W1,56.98,44.17,58.559757
2025-09-10,W1,58.92,50.0,56.516586
2025-09-11,W1,53.05,48.4,57.635372
2025-09-12,W1,52.76,46.08,56.53792
2025-09-13,W1,52.39,55.01,54.17962
2025-09-14,W1,50.39,50.48,54.17962
2025-09-15,W1,55.0,56.68,52.164906
2025-09-16,W1,58.48,53.72,53.512844
2025-09-17,W1,54.32,48.07,56.195297
2025-09-18,W1,59.82,48.78,54.531452
2025-09-19,W1,51.06,53.37,56.24736
2025-09-20,W1,64.75,44.46,55.043358
2025-09-21,W1,44.08,48.32,58.938168
2025-09-23,W1,61.18,36.0,52.579
2025-09-24,W1,55.31,45.22,57.99127
2025-09-26,W1,54.08,50.93,57.281193
2025-09-27,W1,53.17,54.06,54.778908
2025-09-28,W1,63.74,57.46,54.57421
2025-09-30,W1,59.27,55.36,57.779514
2025-10-01,W1,53.77,56.49,58.055134
2025-10-02,W1,51.71,43.0,56.136295
2025-10-03,W1,54.72,55.03,54.17962
2025-10-04,W1,54.28,56.96,55.25135
2025-10-05,W1,59.12,52.99,55.009903
2025-10-06,W1,41.07,57.49,55.628757
2025-10-09,W1,59.5,61.55,50.30519
2025-10-10,W1,66.19,66.88,54.184093
2025-10-11,W1,54.9,57.0,59.73618
2025-10-12,W1,56.85,66.17,56.94915
2025-10-14,W1,58.81,65.87,55.05928
2025-10-15,W1,56.6,69.81,56.87269
2025-10-16,W1,54.02,61.0,56.573017
2025-10-17,W1,52.88,64.33,55.979145
2025-10-18,W1,46.38,72.57,55.31149
2025-10-19,W1,43.4,67.46,50.443703
2025-10-20,W1,60.0,44.71,47.46799
2025-10-21,W1,55.18,50.0,54.498226
2025-10-22,W1,68.65,57.99,55.16228
2025-10-23,W1,62.51,68.16,59.878147
2025-10-24,W1,62.16,65.53,60.593407
2025-10-25,W1,62.61,60.0,61.649727
2025-10-26,W1,55.32,57.13,61.738934
2025-10-28,W1,59.78,64.17,59.413082
2025-10-29,W1,53.76,67.78,59.49605
2025-10-30,W1,40.35,45.79,58.86688
2025-10-31,W1,51.84,50.4,50.494198
2025-11-01,W1,48.59,49.03,53.041008
2025-11-02,W1,49.92,41.93,50.133194
2025-11-03,W1,36.0,38.15,49.9139
2025-11-04,W1,46.19,36.54,47.108532
2025-11-05,W1,42.31,48.76,45.818058
2025-11-06,W1,42.23,54.55,43.262985
2025-11-07,W1,44.23,40.84,43.508526
2025-11-08,W1,40.69,49.98,43.72748
2025-11-09,W1,,,43.72748
2025-11-10,W1,,,43.165783
2025-11-11,W1,,,41.492622
2025-11-12,W1,,,42.072617
2025-11-13,W1,,,42.2724
2025-11-14,W1,,,42.2724
2025-11-15,W1,,,42.363014
2025-07-25,X69,81.64,81.21,94.649864
2025-07-26,X69,80.92,87.64,76.92202
2025-07-27,X69,79.27,84.33,86.82193
2025-07-29,X69,78.4,83.92,80.38678
2025-07-30,X69,82.59,85.15,84.74962
2025-07-31,X69,75.47,82.12,88.571526
2025-08-01,X69,75.09,80.83,88.73757
2025-08-02,X69,78.77,85.7,84.27411
2025-08-03,X69,72.73,94.42,85.75376
2025-08-05,X69,74.68,79.28,83.361984
2025-08-06,X69,75.19,82.28,73.32372
2025-08-07,X69,75.68,85.07,74.07227
2025-08-08,X69,73.63,86.68,74.55019
2025-08-09,X69,75.03,81.94,74.00958
2025-08-10,X69,77.33,82.25,75.2544
2025-08-12,X69,74.98,81.41,77.262215
2025-08-13,X69,70.7,80.46,75.845184
2025-08-14,X69,89.63,83.49,72.42857
2025-08-15,X69,74.94,82.42,78.860504
2025-08-16,X69,73.52,119.3,76.13965
2025-08-17,X69,73.44,85.17,72.61752
2025-08-19,X69,76.22,79.41,72.628944
2025-08-20,X69,75.51,79.9,76.21312
2025-08-21,X69,76.5,79.55,75.151855
2025-08-22,X69,77.51,80.97,78.909386
2025-08-23,X69,75.08,79.5,76.35725
2025-08-24,X69,75.04,79.39,75.98295
2025-08-26,X69,75.18,79.76,75.16698
2025-08-27,X69,77.54,78.65,75.243004
2025-08-28,X69,76.37,79.9,76.063614
2025-08-29,X69,75.6,80.32,76.71761
2025-08-30,X69,78.15,80.99,75.58694
2025-08-31,X69,78.61,84.57,76.098526
2025-09-02,X69,77.14,80.06,76.39221
2025-09-03,X69,84.0,78.95,78.64269
2025-09-04,X69,76.84,77.95,81.65724
2025-09-05,X69,78.63,78.59,80.51549
2025-09-06,X69,77.98,82.33,78.77755
2025-09-09,X69,83.21,79.77,78.89674
2025-09-10,X69,75.53,81.83,81.65724
2025-09-11,X69,80.64,80.51,79.75523
2025-09-12,X69,79.17,81.5,80.604225
2025-09-13,X69,80.79,79.66,79.87895
2025-09-14,X69,81.06,79.47,80.888535
2025-09-16,X69,75.8,87.19,80.95439
2025-09-17,X69,78.11,78.96,78.60927
2025-09-18,X69,79.66,81.65,78.39029
2025-09-19,X69,77.5,81.21,80.82826
2025-09-20,X69,79.7,82.09,78.86399
2025-09-21,X69,78.5,79.73,81.23831
2025-09-23,X69,75.71,80.63,78.84146
2025-09-24,X69,77.26,77.38,78.063255
2025-09-25,X69,94.6,78.88,78.11696
2025-09-26,X69,81.81,79.22,87.55031
2025-09-27,X69,81.82,78.88,83.04111
2025-09-28,X69,84.83,78.08,83.22499
2025-09-30,X69,88.12,90.68,82.199814
2025-10-01,X69,90.78,89.99,92.13974
2025-10-02,X69,84.75,80.39,87.46491
2025-10-03,X69,82.9,78.17,86.230354
2025-10-04,X69,85.06,76.3,83.837654
2025-10-05,X69,83.3,79.32,86.602684
2025-10-06,X69,82.56,81.69,86.59244
2025-10-08,X69,107.2,80.5,85.1175
2025-10-09,X69,81.36,81.47,111.12158
2025-10-10,X69,85.12,82.42,86.77777
2025-10-11,X69,85.36,78.13,86.50126
2025-10-12,X69,87.06,81.01,85.44749
2025-10-14,X69,96.65,79.06,85.5073
2025-10-15,X69,100.3,85.21,93.15597
2025-10-16,X69,86.85,81.33,111.260025
2025-10-17,X69,90.58,81.09,90.54718
2025-10-18,X69,88.42,81.66,90.219185
2025-10-19,X69,87.3,81.08,88.51331
2025-10-21,X69,99.33,78.98,88.40526
2025-10-22,X69,88.88,83.27,111.48852
2025-10-23,X69,86.19,81.77,92.11982
2025-10-24,X69,89.36,80.8,88.90127
2025-10-25,X69,88.13,111.7,89.772026
2025-10-26,X69,95.78,82.62,88.91267
2025-10-28,X69,91.82,79.03,89.55498
2025-10-29,X69,87.07,80.15,91.50684
2025-10-30,X69,113.45,81.08,88.43592
2025-10-31,X69,79.36,83.74,114.84876
2025-11-01,X69,89.17,85.38,88.600044
2025-11-02,X69,89.29,80.03,92.17508
2025-11-04,X69,103.05,80.06,89.86615
2025-11-05,X69,96.81,87.55,113.24533
2025-11-06,X69,85.63,81.33,92.882866
2025-11-07,X69,99.58,80.96,93.468544
2025-11-08,X69,,,93.468544
2025-11-09,X69,,,110.40583
2025-11-10,X69,,,96.64127
2025-11-11,X69,,,113.046616
2025-11-12,X69,,,100.15694
2025-11-13,X69,,,115.85678
2025-11-14,X69,,,120.157394
2025-08-09,Z4,80.9,141.0,99.177284
2025-08-10,Z4,70.59,180.0,72.46127
2025-08-11,Z4,65.88,115.0,76.168076
2025-08-12,Z4,81.08,39.46,71.059135
2025-08-13,Z4,78.96,75.73,78.83213
2025-08-14,Z4,81.73,50.0,80.36491
2025-08-15,Z4,79.85,86.17,83.02823
2025-08-16,Z4,78.01,105.0,84.556
2025-08-17,Z4,75.07,112.0,80.24729
2025-08-18,Z4,79.88,40.0,85.41604
2025-08-19,Z4,77.9,50.0,80.523445
2025-08-20,Z4,76.88,55.0,78.39019
2025-08-21,Z4,72.78,65.15,78.701454
2025-08-22,Z4,76.13,25.48,78.85801
2025-08-23,Z4,76.74,53.95,79.639626
2025-08-24,Z4,72.71,55.1,79.48909
2025-08-25,Z4,87.31,72.27,78.93615
2025-08-26,Z4,76.72,100.0,89.3024
2025-08-27,Z4,75.01,71.21,83.0678
2025-08-28,Z4,79.06,70.65,79.20529
2025-08-29,Z4,74.73,61.08,82.48994
2025-08-30,Z4,75.65,76.17,80.42965
2025-08-31,Z4,79.53,67.23,77.18531
2025-09-01,Z4,85.5,67.68,82.67117
2025-09-02,Z4,78.16,78.62,80.5772
2025-09-03,Z4,80.22,71.61,79.89173
2025-09-04,Z4,80.58,67.96,81.296936
2025-09-05,Z4,85.73,66.61,81.51234
2025-09-06,Z4,88.57,61.66,82.3558
2025-09-08,Z4,90.6,69.24,91.83489
2025-09-09,Z4,89.37,67.98,86.4063
2025-09-10,Z4,89.72,82.22,85.25788
2025-09-11,Z4,85.38,69.16,87.39901
2025-09-12,Z4,87.71,65.9,85.894806
2025-09-13,Z4,86.42,63.88,88.287605
2025-09-14,Z4,90.17,69.12,86.080055
2025-09-15,Z4,86.59,69.08,93.05887
2025-09-16,Z4,97.1,68.12,89.779755
2025-09-17,Z4,100.58,75.32,98.10064
2025-09-18,Z4,82.4,70.62,114.33551
2025-09-19,Z4,98.61,69.09,94.83704
2025-09-20,Z4,98.26,87.77,99.96265
2025-09-21,Z4,99.35,75.61,103.3949
2025-09-22,Z4,102.3,72.18,120.16192
2025-09-23,Z4,106.53,75.0,119.100586
2025-09-24,Z4,101.42,71.71,116.40928
2025-09-25,Z4,94.62,70.59,115.3584
2025-09-26,Z4,94.77,73.74,101.92256
2025-09-27,Z4,88.92,77.53,105.52006
2025-09-28,Z4,89.28,66.68,98.372475
2025-09-29,Z4,109.44,76.61,107.733475
2025-09-30,Z4,93.08,80.29,126.28739
2025-10-01,Z4,88.16,77.29,98.191185
2025-10-02,Z4,82.55,75.43,102.688
2025-10-03,Z4,79.99,76.74,92.47418
2025-10-04,Z4,85.9,81.06,89.06743
2025-10-05,Z4,85.29,80.45,89.38999
2025-10-06,Z4,80.75,85.81,94.45763
2025-10-08,Z4,96.11,101.87,87.99695
2025-10-09,Z4,84.14,84.4,96.79628
2025-10-10,Z4,81.73,81.77,89.837776
2025-10-11,Z4,83.17,81.83,88.26939
2025-10-12,Z4,81.19,78.46,88.18609
2025-10-13,Z4,100.44,78.17,89.85394
2025-10-14,Z4,84.81,79.61,113.22212
2025-10-15,Z4,83.0,94.79,91.97663
2025-10-16,Z4,77.09,74.58,90.58375
2025-10-17,Z4,79.85,80.96,85.28714
2025-10-18,Z4,80.28,79.57,86.50186
2025-10-19,Z4,79.34,81.61,84.911316
2025-10-20,Z4,80.82,74.54,89.51925
2025-10-21,Z4,80.26,67.65,81.30199
2025-10-22,Z4,75.19,87.83,81.02048
2025-10-23,Z4,76.87,78.36,78.44212
2025-10-24,Z4,78.55,71.06,81.61652
2025-10-25,Z4,78.79,72.56,81.958435
2025-10-26,Z4,80.41,70.43,78.72526
2025-10-27,Z4,86.66,71.42,85.06869
2025-10-28,Z4,84.4,73.59,81.20343
2025-10-29,Z4,83.53,79.42,82.26553
2025-10-30,Z4,85.02,67.68,82.83032
2025-10-31,Z4,85.62,73.76,83.00502
2025-11-01,Z4,89.39,73.92,83.4563
2025-11-02,Z4,86.82,71.13,85.969635
2025-11-03,Z4,86.76,70.66,88.36804
2025-11-04,Z4,85.76,74.88,85.28827
2025-11-05,Z4,83.15,94.43,85.33734
2025-11-06,Z4,82.62,72.39,89.51227
2025-11-07,Z4,87.34,73.27,88.5008
2025-11-08,Z4,83.72,67.42,91.547585
2025-11-09,Z4,,,91.547585
2025-11-10,Z4,,,89.51145
2025-11-11,Z4,,,91.799286
2025-11-12,Z4,,,91.87016
2025-11-13,Z4,,,92.44691
2025-11-14,Z4,,,91.14731
2025-11-15,Z4,,,92.92834
2025-06-30,R1,55.0,47.65,31.041721
2025-07-01,R1,64.24,54.64,50.42526
2025-07-02,R1,60.11,49.62,61.05297
2025-07-03,R1,60.93,50.59,61.34653
2025-07-04,R1,57.04,51.76,61.476006
2025-07-05,R1,67.91,53.91,58.231716
2025-07-06,R1,70.93,54.62,63.779953
2025-07-07,R1,67.0,53.98,67.32287
2025-07-08,R1,82.1,53.56,67.58449
2025-07-09,R1,73.35,43.34,72.46478
2025-07-10,R1,68.8,52.31,72.00558
2025-07-11,R1,73.04,43.92,70.712944
2025-07-12,R1,70.22,46.97,71.43079
2025-07-13,R1,70.48,43.46,70.87876
2025-07-14,R1,72.0,46.65,71.01635
2025-07-15,R1,66.54,52.01,71.11748
2025-07-16,R1,66.82,54.02,68.614334
2025-07-17,R1,59.35,55.22,67.785866
2025-07-18,R1,66.17,54.15,63.189045
2025-07-19,R1,76.75,30.35,66.007324
2025-07-20,R1,78.44,54.51,70.16102
2025-07-21,R1,70.0,55.48,73.57736
2025-07-22,R1,73.1,60.78,71.421776
2025-07-23,R1,79.95,53.74,70.9782
2025-07-24,R1,82.44,59.88,75.0652
2025-07-25,R1,75.58,49.99,78.61362
2025-07-26,R1,84.59,56.85,76.9989
2025-07-27,R1,76.86,60.08,80.43348
2025-07-29,R1,73.14,56.27,80.33805
2025-07-30,R1,71.63,48.82,75.82759
2025-07-31,R1,69.77,54.95,74.5222
2025-08-01,R1,69.39,56.54,72.6794
2025-08-02,R1,76.6,58.92,72.20127
2025-08-03,R1,76.36,71.3,75.45283
2025-08-05,R1,79.98,69.42,75.18278
2025-08-06,R1,74.81,58.32,78.2946
2025-08-07,R1,81.65,52.86,75.47038
2025-08-08,R1,72.78,61.12,78.37428
2025-08-09,R1,84.18,65.68,73.81008
2025-08-10,R1,78.51,79.9,80.2696
2025-08-12,R1,90.41,57.78,80.13969
2025-08-13,R1,77.54,59.25,84.38927
2025-08-15,R1,81.51,47.28,81.269264
2025-08-16,R1,75.07,66.93,81.8648
2025-08-17,R1,92.43,64.68,79.35836
2025-08-19,R1,92.73,61.48,83.94217
2025-08-20,R1,92.21,68.0,85.699
2025-08-21,R1,88.9,89.33,89.02071
2025-08-22,R1,102.76,95.3,89.41992
2025-08-23,R1,96.47,74.88,94.51387
2025-08-24,R1,106.29,104.0,93.622185
2025-08-26,R1,97.37,108.05,100.09014
2025-08-27,R1,108.72,104.38,97.63086
2025-08-28,R1,99.36,66.65,102.64613
2025-08-29,R1,124.19,80.05,100.61231
2025-08-30,R1,110.28,112.05,113.3868
2025-08-31,R1,115.42,92.5,108.18967
2025-09-02,R1,112.5,87.52,111.8796
2025-09-03,R1,103.69,126.4,110.16284
2025-09-04,R1,118.2,122.7,107.81409
2025-09-05,R1,126.58,117.05,113.22073
2025-09-06,R1,120.67,220.0,117.23176
2025-09-09,R1,120.13,118.65,115.60159
2025-09-10,R1,119.43,161.2,116.47653
2025-09-11,R1,120.08,60.0,118.158195
2025-09-12,R1,124.83,23.0,118.305405
2025-09-13,R1,172.48,100.0,121.638885
2025-09-14,R1,146.9,150.0,135.4056
2025-09-16,R1,176.12,105.0,135.69238
2025-09-17,R1,156.35,120.0,147.15276
2025-09-18,R1,190.7,150.0,147.60435
2025-09-19,R1,207.02,135.7,156.86737
2025-09-20,R1,214.15,133.3,161.72498
2025-09-21,R1,162.28,145.95,178.03154
2025-09-23,R1,176.95,127.6,156.7987
2025-09-24,R1,155.65,129.1,169.5087
2025-09-26,R1,151.93,121.17,157.20918
2025-09-27,R1,185.52,127.32,150.95508
2025-09-28,R1,154.95,134.18,150.8736
2025-09-30,R1,151.85,103.9,157.41174
2025-10-01,R1,144.85,121.59,145.36989
2025-10-02,R1,140.5,136.66,152.43085
2025-10-03,R1,139.48,125.1,150.05862
2025-10-04,R1,145.7,125.57,146.31279
2025-10-05,R1,142.45,119.51,149.231
2025-10-06,R1,167.3,113.81,140.87729
2025-10-09,R1,201.45,131.46,145.4894
2025-10-10,R1,285.0,122.4,157.8263
2025-10-11,R1,197.65,114.17,173.73639
2025-10-12,R1,272.6,110.42,179.23253
2025-10-13,R1,,,179.23253
2025-10-14,R1,,,116.4984
2025-10-15,R1,,,179.23088
2025-10-16,R1,,,178.37462
2025-10-17,R1,,,187.53348
2025-10-18,R1,,,181.34906
2025-10-19,R1,,,182.65987
2025-07-15,K3,73.97,109.1,29.884438
2025-07-16,K3,77.7,85.0,67.40458
2025-07-17,K3,75.45,60.0,72.516304
2025-07-18,K3,84.74,101.4,75.8175
2025-07-19,K3,84.9,87.8,80.6491
2025-07-20,K3,90.12,62.4,82.823814
2025-07-22,K3,89.87,44.4,84.84247
2025-07-23,K3,85.83,57.5,84.35613
2025-07-24,K3,81.02,60.0,83.46079
2025-07-25,K3,78.54,80.0,83.38218
2025-07-26,K3,82.38,70.0,81.3184
2025-07-27,K3,73.35,74.3,83.52388
2025-07-28,K3,80.0,60.0,78.39263
2025-07-29,K3,83.21,68.3,80.37947
2025-07-30,K3,74.68,55.0,81.607735
2025-07-31,K3,73.96,65.0,78.21883
2025-08-01,K3,74.56,58.9,76.175476
2025-08-02,K3,76.44,45.0,76.020805
2025-08-03,K3,74.27,90.0,75.30533
2025-08-04,K3,68.0,49.0,73.80787
2025-08-05,K3,77.54,80.0,71.83081
2025-08-06,K3,75.48,80.0,73.59524
2025-08-07,K3,70.94,80.0,74.88112
2025-08-08,K3,61.47,79.5,72.06816
2025-08-09,K3,64.56,77.5,67.72254
2025-08-10,K3,62.89,80.0,65.80984
2025-08-11,K3,67.0,80.0,65.07933
2025-08-12,K3,67.28,56.9,66.457085
2025-08-13,K3,57.76,51.45,66.56979
2025-08-14,K3,64.2,55.0,61.529778
2025-08-15,K3,57.01,69.75,63.002865
2025-08-16,K3,54.38,67.5,60.594254
2025-08-17,K3,53.8,50.0,58.257946
2025-08-18,K3,56.0,54.25,57.20018
2025-08-19,K3,51.94,47.5,56.421684
2025-08-20,K3,49.92,55.0,55.433193
2025-08-21,K3,49.99,79.0,52.229313
2025-08-22,K3,47.56,83.65,51.316105
2025-08-23,K3,48.82,87.9,49.62515
2025-08-24,K3,48.84,82.5,49.799854
2025-08-25,K3,40.0,85.9,48.149677
2025-08-26,K3,44.53,75.0,46.392265
2025-08-27,K3,52.27,85.0,45.545807
2025-08-28,K3,45.48,86.37,48.7853
2025-08-29,K3,48.76,75.0,46.37225
2025-08-30,K3,50.63,75.0,47.607372
2025-08-31,K3,47.7,82.25,48.98752
2025-09-01,K3,42.0,81.67,46.478638
2025-09-02,K3,48.34,69.55,45.681946
2025-09-03,K3,48.33,100.0,46.93906
2025-09-04,K3,49.18,75.0,47.20686
2025-09-05,K3,50.7,114.3,47.460342
2025-09-06,K3,55.54,85.33,50.411884
2025-09-08,K3,35.0,68.1,51.85858
2025-09-09,K3,59.09,73.85,46.75947
2025-09-10,K3,53.58,88.6,51.86133
2025-09-11,K3,51.14,107.1,53.713398
2025-09-12,K3,52.01,64.9,51.97334
2025-09-13,K3,51.9,70.8,52.537014
2025-09-14,K3,51.31,84.77,52.812546
2025-09-15,K3,36.0,85.37,50.540382
2025-09-16,K3,52.34,86.9,48.461636
2025-09-17,K3,47.34,79.0,51.08336
2025-09-18,K3,50.03,83.7,49.366352
2025-09-19,K3,53.82,82.15,51.229298
2025-09-20,K3,52.9,64.53,52.2866
2025-09-21,K3,61.53,57.05,52.273533
2025-09-22,K3,52.0,68.67,54.280746
2025-09-23,K3,64.3,72.65,54.640934
2025-09-24,K3,66.1,80.86,58.58269
2025-09-25,K3,61.41,78.07,62.879025
2025-09-26,K3,60.38,70.45,61.236774
2025-09-27,K3,60.52,71.5,61.46317
2025-09-28,K3,63.47,60.1,61.423473
2025-09-30,K3,64.26,59.86,61.94118
2025-10-01,K3,60.72,65.6,63.1287
2025-10-02,K3,53.18,63.36,62.22582
2025-10-03,K3,53.5,57.82,59.221832
2025-10-04,K3,48.76,59.91,56.088802
2025-10-05,K3,50.66,66.02,55.048733
2025-10-06,K3,40.58,61.47,53.161522
2025-10-08,K3,32.7,62.14,48.214985
2025-10-09,K3,38.15,66.34,46.283005
2025-10-10,K3,35.1,58.2,43.234066
2025-10-11,K3,34.88,59.45,40.717815
2025-10-12,K3,52.92,60.04,37.77585
2025-10-14,K3,51.2,48.97,43.087425
2025-10-15,K3,41.9,57.64,44.647793
2025-10-16,K3,44.0,56.54,42.856983
2025-10-17,K3,45.52,55.03,43.138798
2025-10-18,K3,,,43.138798
2025-10-19,K3,,,42.698936
2025-10-20,K3,,,43.192764
2025-10-21,K3,,,42.707687
2025-10-22,K3,,,44.47889
2025-10-23,K3,,,43.903507
2025-10-24,K3,,,42.608322
2024-11-05,H1,11.41,22.46,33.87706
2024-11-06,H1,8.25,18.95,12.802832
2024-11-07,H1,6.75,20.6,12.110448
2024-11-08,H1,8.5,20.24,11.850138
2024-11-09,H1,6.0,21.02,11.93163
2024-11-10,H1,5.0,22.1,11.843051
2024-11-12,H1,12.0,23.0,11.873136
2024-11-14,H1,12.0,23.09,12.284568
2024-11-20,H1,11.86,22.5,11.862333
2024-11-22,H1,9.69,22.66,11.8643675
2024-11-23,H1,11.0,22.49,11.39845
2024-11-24,H1,10.62,22.69,11.494116
2024-11-26,H1,10.5,25.0,11.435621
2024-12-07,H1,10.0,23.09,11.883049
2024-12-14,H1,8.0,23.04,11.676662
2024-12-15,H1,6.0,21.49,11.494504
2025-03-21,H1,23.4,22.29,11.668336
2025-06-24,H1,15.5,21.6,14.196442
2025-07-22,H1,10.0,21.62,14.315063
2025-08-09,H1,26.8,25.4,12.703384
2025-08-12,H1,24.0,21.95,16.995443
2025-08-13,H1,19.27,20.36,17.942114
2025-08-15,H1,20.92,20.99,19.206732
2025-08-16,H1,30.1,21.88,21.12725
2025-08-17,H1,27.6,20.38,23.538446
2025-08-19,H1,26.01,20.19,24.079988
2025-08-20,H1,27.68,25.0,25.418703
2025-08-21,H1,24.55,18.55,25.94282
2025-08-22,H1,20.87,18.08,25.730629
2025-08-23,H1,24.16,21.01,23.742386
2025-08-24,H1,23.23,18.11,25.698902
2025-08-25,H1,28.0,18.16,23.898264
2025-08-26,H1,22.47,17.78,25.139809
2025-08-27,H1,23.32,18.45,24.304016
2025-08-28,H1,28.9,14.97,23.764147
2025-08-29,H1,24.97,10.0,25.981339
2025-08-30,H1,23.46,12.72,24.962807
2025-08-31,H1,27.38,11.37,24.308905
2025-09-01,H1,28.0,9.38,25.630037
2025-09-02,H1,26.11,10.83,26.57489
2025-09-03,H1,23.39,10.75,26.759066
2025-09-04,H1,21.65,8.45,25.460882
2025-09-05,H1,23.46,9.42,24.007263
2025-09-06,H1,28.57,10.7,24.210445
2025-09-08,H1,28.0,10.7,25.918234
2025-09-09,H1,25.05,10.27,26.996708
2025-09-10,H1,30.04,10.1,25.319391
2025-09-11,H1,25.17,10.25,27.016422
2025-09-12,H1,29.23,11.48,26.460466
2025-09-13,H1,23.46,7.8,28.52897
2025-09-14,H1,23.67,9.75,26.987019
2025-09-15,H1,27.0,10.16,25.47412
2025-09-16,H1,26.43,9.98,25.964901
2025-09-17,H1,26.77,10.0,26.543398
2025-09-18,H1,29.14,10.02,26.28274
2025-09-19,H1,28.18,10.78,28.173332
2025-09-20,H1,26.02,15.15,27.956188
2025-09-21,H1,27.04,12.15,27.366182
2025-09-22,H1,26.0,7.35,26.682674
2025-09-23,H1,28.16,15.8,27.882324
2025-09-24,H1,37.78,8.0,28.822004
2025-09-25,H1,29.81,6.0,32.90525
2025-09-26,H1,26.88,10.7,30.49052
2025-09-27,H1,31.35,9.0,28.245293
2025-09-28,H1,36.23,4.0,29.802248
2025-09-29,H1,32.0,10.0,31.97388
2025-09-30,H1,31.69,9.49,33.18282
2025-10-01,H1,29.86,6.0,31.76322
2025-10-02,H1,29.79,11.1,30.118801
2025-10-03,H1,30.76,8.0,29.710886
2025-10-04,H1,33.93,8.0,30.350807
2025-10-05,H1,23.44,8.0,32.763084
2025-10-06,H1,22.43,10.0,29.214533
2025-10-08,H1,20.87,7.0,27.31629
2025-10-09,H1,23.82,7.0,25.553873
2025-10-10,H1,25.66,6.0,25.59287
2025-10-11,H1,17.16,10.0,25.895317
2025-10-12,H1,21.25,23.75,23.03091
2025-10-13,H1,20.0,19.4,21.768484
2025-10-14,H1,29.62,20.0,21.631508
2025-10-15,H1,41.3,15.5,23.791916
2025-10-16,H1,34.15,19.82,29.12643
2025-10-17,H1,20.8,18.67,30.830015
2025-10-18,H1,18.53,16.78,26.552896
2025-10-19,H1,17.23,16.5,24.590776
2025-10-20,H1,15.0,19.75,23.736153
2025-10-21,H1,17.85,18.42,22.56599
2025-10-22,H1,6.5,17.72,21.674803
2025-10-26,H1,23.05,14.4,16.98081
2025-10-28,H1,20.0,20.86,17.429983
2025-10-29,H1,,,17.429983
2025-10-30,H1,,,17.84338
2025-10-31,H1,,,17.489515
2025-11-01,H1,,,17.847311
2025-11-02,H1,,,17.571308
2025-11-03,H1,,,17.482725
2025-11-04,H1,,,17.267525
2025-06-10,Y1,104.16,146.92,104.660324
2025-06-11,Y1,101.11,140.91,109.24105
2025-06-12,Y1,121.76,159.5,123.219086
2025-06-13,Y1,115.25,136.7,124.94168
2025-06-14,Y1,104.29,151.67,125.044586
2025-06-15,Y1,120.35,142.38,123.486664
2025-06-16,Y1,129.82,124.93,140.01392
2025-06-17,Y1,108.27,128.81,135.37091
2025-06-18,Y1,124.92,140.33,129.19041
2025-06-19,Y1,113.76,137.9,139.37369
2025-06-20,Y1,105.84,81.41,136.1229
2025-06-21,Y1,109.03,128.94,125.76236
2025-06-22,Y1,97.78,127.55,127.54393
2025-06-23,Y1,130.98,132.06,112.767555
2025-06-24,Y1,105.66,109.65,136.35635
2025-06-25,Y1,107.5,121.2,125.548416
2025-06-26,Y1,95.81,110.65,124.94332
2025-06-27,Y1,122.06,117.93,103.62902
2025-06-28,Y1,123.04,92.65,132.70638
2025-06-29,Y1,110.76,114.47,135.36647
2025-06-30,Y1,150.0,108.82,131.51605
2025-07-01,Y1,123.5,117.65,147.58727
2025-07-02,Y1,104.39,117.0,128.70692
2025-07-03,Y1,118.65,114.92,132.26772
2025-07-04,Y1,125.84,126.24,137.95824
2025-07-05,Y1,119.73,147.08,138.45622
2025-07-06,Y1,122.22,142.51,133.31395
2025-07-07,Y1,135.0,141.84,144.81395
2025-07-08,Y1,130.34,112.3,144.36922
2025-07-09,Y1,125.96,200.0,126.636375
2025-07-10,Y1,133.41,148.3,150.44115
2025-07-11,Y1,121.9,137.03,145.10849
2025-07-12,Y1,129.22,140.61,134.11722
2025-07-13,Y1,126.09,145.92,137.39882
2025-07-14,Y1,113.0,147.12,146.32796
2025-07-15,Y1,115.68,152.02,131.21664
2025-07-16,Y1,100.77,136.4,137.89435
2025-07-17,Y1,124.06,136.92,127.54026
2025-07-18,Y1,108.89,145.67,135.5517
2025-07-19,Y1,112.87,146.41,126.232834
2025-07-20,Y1,105.91,148.28,131.15659
2025-07-21,Y1,145.0,140.28,128.87683
2025-07-22,Y1,121.94,126.63,140.87064
2025-07-23,Y1,109.73,125.06,118.107635
2025-07-24,Y1,97.13,121.62,133.00981
2025-07-25,Y1,80.19,122.41,112.03858
2025-07-26,Y1,77.22,125.07,105.299385
2025-07-27,Y1,76.16,120.76,95.83547
2025-07-28,Y1,97.0,117.15,89.559456
2025-07-29,Y1,72.61,108.32,91.13355
2025-07-30,Y1,79.97,102.07,88.418304
2025-07-31,Y1,75.2,164.4,84.69239
2025-08-01,Y1,72.54,110.83,84.181366
2025-08-02,Y1,79.97,111.52,74.56942
2025-08-03,Y1,70.3,108.88,86.457054
2025-08-04,Y1,102.73,102.51,87.47447
2025-08-05,Y1,75.87,105.96,100.13097
2025-08-06,Y1,78.53,111.68,86.2367
2025-08-07,Y1,69.58,105.28,83.77864
2025-08-08,Y1,75.45,106.8,79.54854
2025-08-09,Y1,81.92,105.64,81.83858
2025-08-10,Y1,79.36,112.95,82.97455
2025-08-11,Y1,75.0,112.0,85.58171
2025-08-12,Y1,73.51,100.8,75.84739
2025-08-13,Y1,72.64,90.25,72.13149
2025-08-14,Y1,107.81,102.86,76.004585
2025-08-15,Y1,82.21,100.42,97.29311
2025-08-16,Y1,74.33,79.25,88.103455
2025-08-17,Y1,72.34,86.43,83.88209
2025-08-19,Y1,81.04,94.46,78.26546
2025-08-20,Y1,94.3,94.69,80.28876
2025-08-21,Y1,77.04,89.18,84.179245
2025-08-22,Y1,79.66,88.3,86.627335
2025-08-23,Y1,90.77,83.67,88.08747
2025-08-24,Y1,65.67,84.25,88.38266
2025-08-26,Y1,70.23,89.0,80.3688
2025-08-27,Y1,88.62,114.26,78.764824
2025-08-28,Y1,64.94,103.17,87.964745
2025-08-29,Y1,79.97,100.78,76.35775
2025-08-30,Y1,80.96,92.6,87.016075
2025-08-31,Y1,47.18,90.1,82.14753
2025-09-02,Y1,60.16,93.83,69.26418
2025-09-03,Y1,80.35,90.51,68.54822
2025-09-04,Y1,74.8,110.8,75.100426
2025-09-05,Y1,61.0,94.44,74.31241
2025-09-06,Y1,64.95,98.71,71.82175
2025-09-08,Y1,253.52,101.86,72.15373
2025-09-09,Y1,42.42,124.84,145.53052
2025-09-10,Y1,78.15,98.22,105.54473
2025-09-12,Y1,77.78,125.09,95.044044
2025-09-13,Y1,,,95.044044
2025-09-14,Y1,,,108.09513
2025-09-15,Y1,,,104.994804
2025-09-16,Y1,,,136.19296
2025-09-17,Y1,,,155.55818
2025-09-18,Y1,,,148.04086
2025-09-19,Y1,,,107.30864
2025-08-09,O10,67.64,82.78,97.33626
2025-08-10,O10,63.29,90.75,62.962456
2025-08-11,O10,91.68,88.6,66.01454
2025-08-12,O10,60.16,86.52,79.99194
2025-08-13,O10,61.19,89.98,71.007866
2025-08-14,O10,71.56,72.99,68.79201
2025-08-15,O10,60.28,80.5,68.880486
2025-08-16,O10,61.84,67.15,68.76393
2025-08-17,O10,59.65,84.29,64.98515
2025-08-18,O10,90.67,86.09,66.06649
2025-08-19,O10,60.22,82.96,73.12133
2025-08-20,O10,58.47,90.51,67.08739
2025-08-21,O10,58.73,95.44,63.671375
2025-08-22,O10,63.85,93.36,62.32445
2025-08-23,O10,58.29,77.12,65.513824
2025-08-24,O10,60.63,68.71,62.223793
2025-08-25,O10,76.22,51.85,64.95982
2025-08-26,O10,62.15,79.7,72.52806
2025-08-27,O10,59.63,101.28,66.270584
2025-08-28,O10,58.14,80.9,61.695827
2025-08-29,O10,62.93,84.03,60.80701
2025-08-30,O10,63.49,91.19,63.169277
2025-08-31,O10,65.98,95.55,63.004555
2025-09-01,O10,80.18,81.64,65.0307
2025-09-02,O10,67.61,92.3,73.50238
2025-09-03,O10,66.74,98.63,69.13427
2025-09-04,O10,69.21,48.73,65.68688
2025-09-05,O10,67.09,89.83,69.56132
2025-09-06,O10,62.38,81.54,68.48298
2025-09-08,O10,91.7,92.8,66.94344
2025-09-09,O10,76.93,73.12,76.12385
2025-09-10,O10,79.06,63.72,74.91078
2025-09-11,O10,79.3,74.03,79.57173
2025-09-12,O10,78.01,71.53,78.76928
2025-09-13,O10,72.41,68.08,78.183495
2025-09-14,O10,80.91,76.1,75.82524
2025-09-15,O10,85.45,75.23,81.56214
2025-09-16,O10,81.86,86.75,81.236984
2025-09-17,O10,81.76,86.63,81.8231
2025-09-18,O10,83.11,63.9,81.37418
2025-09-19,O10,81.57,54.0,82.083786
2025-09-20,O10,86.09,54.0,82.54116
2025-09-21,O10,79.56,61.5,82.889175
2025-09-22,O10,95.84,67.08,82.525345
2025-09-23,O10,78.75,53.1,88.67002
2025-09-24,O10,74.24,63.33,84.39157
2025-09-25,O10,82.72,61.3,80.24359
2025-09-26,O10,76.79,35.0,81.2195
2025-09-27,O10,72.91,69.4,79.790245
2025-09-28,O10,76.34,78.1,75.23688
2025-09-29,O10,86.46,91.9,80.721596
2025-09-30,O10,81.13,89.4,82.82192
2025-10-01,O10,78.79,88.05,81.94185
2025-10-02,O10,76.12,94.4,79.49731
2025-10-03,O10,75.04,90.1,78.75372
2025-10-04,O10,78.1,84.4,77.62738
2025-10-05,O10,80.23,85.9,78.22959
2025-10-06,O10,71.72,57.1,81.62747
2025-10-08,O10,82.42,67.5,76.05466
2025-10-09,O10,68.43,90.0,83.989174
2025-10-10,O10,69.41,100.0,73.38239
2025-10-11,O10,71.82,97.65,71.542206
2025-10-12,O10,64.64,88.2,72.0553
2025-10-13,O10,83.6,95.0,70.90468
2025-10-14,O10,65.45,80.0,78.264626
2025-10-15,O10,64.4,104.6,71.04055
2025-10-16,O10,63.31,92.22,66.11864
2025-10-17,O10,64.07,98.8,65.707344
2025-10-18,O10,63.12,100.0,66.18369
2025-10-19,O10,65.54,74.3,64.252464
2025-10-20,O10,79.03,113.5,66.46891
2025-10-21,O10,65.29,49.2,69.3425
2025-10-22,O10,56.06,50.0,67.99542
2025-10-23,O10,58.16,46.9,62.174065
2025-10-24,O10,67.24,47.4,60.454285
2025-10-25,O10,66.42,88.0,65.06423
2025-10-26,O10,68.5,50.0,65.15989
2025-10-27,O10,82.14,80.0,69.85584
2025-10-28,O10,68.85,69.8,73.781204
2025-10-29,O10,68.92,70.95,71.31369
2025-10-30,O10,69.68,78.4,70.16852
2025-10-31,O10,68.08,50.0,70.32977
2025-11-01,O10,64.33,74.4,69.74565
2025-11-02,O10,68.98,77.7,66.135895
2025-11-03,O10,68.0,100.0,69.68818
2025-11-04,O10,67.98,97.27,69.49436
2025-11-05,O10,59.22,68.6,68.84445
2025-11-06,O10,68.33,76.8,63.3695
2025-11-07,O10,69.75,87.45,67.24607
2025-11-08,O10,70.75,82.02,68.11145
2025-11-09,O10,,,68.11145
2025-11-10,O10,,,69.3558
2025-11-11,O10,,,70.69833
2025-11-12,O10,,,68.45173
2025-11-13,O10,,,70.06971
2025-11-14,O10,,,70.338196
2025-11-15,O10,,,69.78915
