date,crop_id,price_actual,price_baseline,price_prediction
2025-07-31,11,23.14,21.14,12.659551
2025-08-01,11,24.16,19.48,17.970846
2025-08-02,11,21.62,14.62,17.504362
2025-08-03,11,27.18,18.86,19.070408
2025-08-04,11,16.0,18.95,16.151148
2025-08-05,11,23.73,20.88,18.494825
2025-08-06,11,25.36,16.0,18.723427
2025-08-07,11,27.56,20.12,18.4313
2025-08-08,11,26.39,19.32,18.070278
2025-08-09,11,27.5,17.96,18.404495
2025-08-10,11,24.35,18.41,18.588066
2025-08-11,11,16.0,19.26,16.676487
2025-08-12,11,23.41,19.83,18.88495
2025-08-13,11,24.16,15.0,19.191557
2025-08-14,11,18.0,17.44,19.92966
2025-08-15,11,24.4,16.74,18.769102
2025-08-16,11,22.63,22.74,19.749495
2025-08-17,11,22.37,21.06,19.480701
2025-08-19,11,25.79,21.8,19.347292
2025-08-20,11,27.13,20.96,19.699673
2025-08-21,11,27.37,20.74,19.186327
2025-08-22,11,29.23,19.32,18.783455
2025-08-23,11,26.15,18.5,18.737154
2025-08-24,11,25.99,18.97,18.712343
2025-08-26,11,23.05,18.9,19.028692
2025-08-27,11,23.56,20.37,18.773338
2025-08-28,11,24.05,19.58,19.077662
2025-08-29,11,24.33,18.16,19.216576
2025-08-30,11,23.02,18.22,18.652264
2025-08-31,11,26.72,19.08,18.760832
2025-09-02,11,30.86,20.71,18.47506
2025-09-03,11,28.4,18.0,18.947916
2025-09-04,11,31.03,19.26,18.463207
2025-09-05,11,29.32,18.53,19.444426
2025-09-06,11,26.04,17.96,19.293657
2025-09-09,11,29.5,18.16,19.670195
2025-09-10,11,29.7,18.29,19.077587
2025-09-11,11,30.12,21.18,19.611721
2025-09-12,11,29.98,18.0,19.404978
2025-09-13,11,27.79,19.58,19.27537
2025-09-14,11,29.2,17.79,19.534283
2025-09-16,11,29.7,17.98,19.257612
2025-09-17,11,29.35,16.92,19.429892
2025-09-18,11,31.26,17.74,19.633589
2025-09-19,11,26.94,17.0,19.589815
2025-09-20,11,25.9,18.06,19.835623
2025-09-21,11,25.29,18.45,18.80058
2025-09-22,11,17.0,17.67,18.375904
2025-09-23,11,27.18,18.56,18.517544
2025-09-24,11,22.96,18.85,18.283524
2025-09-25,11,17.0,18.36,18.057331
2025-09-26,11,23.2,18.0,18.066746
2025-09-27,11,21.91,17.24,18.287113
2025-09-28,11,21.46,19.21,16.934793
2025-09-29,11,20.0,20.36,16.670738
2025-09-30,11,22.15,18.95,18.190607
2025-10-01,11,20.56,20.99,17.906313
2025-10-02,11,20.57,21.19,18.268356
2025-10-03,11,19.81,18.0,18.030874
2025-10-04,11,18.99,20.32,18.574959
2025-10-05,11,19.54,19.81,18.498774
2025-10-06,11,19.37,17.09,17.261478
2025-10-09,11,19.61,21.56,17.499378
2025-10-10,11,19.75,19.95,17.231894
2025-10-11,11,18.66,19.0,17.521166
2025-10-12,11,21.27,19.61,17.474556
2025-10-14,11,18.32,18.8,17.247694
2025-10-15,11,20.93,18.15,17.78634
2025-10-16,11,18.6,17.15,18.11056
2025-10-17,11,17.93,16.18,16.950613
2025-10-18,11,18.33,16.64,17.675074
2025-10-19,11,18.22,15.71,16.978416
2025-10-21,11,20.08,15.88,17.568993
2025-10-22,11,17.12,15.17,17.415154
2025-10-23,11,17.26,16.58,17.19471
2025-10-24,11,16.17,17.01,17.157938
2025-10-25,11,15.47,13.0,16.52654
2025-10-26,11,16.2,14.33,16.21786
2025-10-28,11,14.88,14.86,16.281029
2025-10-29,11,15.52,15.27,16.139824
2025-10-30,11,16.0,19.8,15.073249
2025-10-31,11,14.3,15.38,14.979497
2025-11-01,11,16.42,15.69,15.464213
2025-11-02,11,14.99,13.0,15.869156
2025-11-03,11,16.0,15.24,15.674367
2025-11-04,11,14.49,16.23,15.584261
2025-11-05,11,12.15,13.76,15.229445
2025-11-06,11,14.35,14.32,15.729754
2025-11-07,11,15.21,13.87,14.244504
2025-11-08,11,14.91,13.91,13.925794
2025-11-09,11,,,13.925794
2025-11-10,11,,,14.289323
2025-11-11,11,,,14.256085
2025-11-12,11,,,14.300584
2025-11-13,11,,,13.721122
2025-11-14,11,,,14.189219
2025-11-15,11,,,14.183329
2025-01-20,22,77.0,63.54,68.54039
2025-01-21,22,85.22,72.96,65.06788
2025-01-22,22,85.61,64.21,77.04501
2025-01-23,22,106.58,66.0,79.50397
2025-01-24,22,106.73,79.11,97.47885
2025-01-25,22,107.53,72.85,94.72275
2025-01-26,22,111.77,69.39,96.220634
2025-01-27,22,88.53,72.62,95.04967
2025-01-28,22,96.1,75.77,92.40975
2025-02-03,22,70.75,65.35,92.58883
2025-02-04,22,61.34,60.0,76.3887
2025-02-05,22,55.17,65.47,79.72652
2025-02-06,22,59.98,54.52,62.89379
2025-02-07,22,56.3,49.83,60.041607
2025-02-08,22,60.7,59.14,60.3583
2025-02-09,22,61.15,56.72,65.07843
2025-02-10,22,60.0,59.22,54.303417
2025-02-11,22,66.02,50.0,58.323288
2025-02-12,22,70.38,58.2,60.697502
2025-02-14,22,60.0,60.04,62.384796
2025-02-15,22,67.82,62.14,63.496147
2025-02-16,22,71.03,63.16,62.6916
2025-02-17,22,64.0,69.04,65.69506
2025-02-18,22,71.44,58.53,65.26664
2025-02-19,22,71.83,53.0,68.70208
2025-02-20,22,69.51,60.2,70.617645
2025-02-21,22,65.97,56.97,73.72722
2025-02-22,22,72.77,55.44,70.46813
2025-02-23,22,76.17,54.81,70.50247
2025-02-24,22,68.0,54.3,71.651924
2025-02-25,22,80.72,58.41,74.34173
2025-02-26,22,84.71,45.0,75.85408
2025-02-27,22,87.36,60.23,80.53311
2025-02-28,22,81.76,61.36,80.572784
2025-03-01,22,88.55,58.75,81.38533
2025-03-02,22,87.09,55.16,85.12944
2025-03-03,22,77.0,55.61,83.08157
2025-03-04,22,88.03,54.64,80.4929
2025-03-05,22,80.39,38.0,86.739784
2025-03-06,22,67.9,52.59,87.25898
2025-03-07,22,77.82,48.48,76.54673
2025-03-08,22,85.18,45.83,80.0536
2025-03-09,22,86.54,45.71,76.4323
2025-03-10,22,72.0,46.72,83.942535
2025-03-11,22,88.38,42.99,71.814995
2025-03-12,22,92.92,38.0,82.230865
2025-03-13,22,90.68,43.43,89.969
2025-03-14,22,86.69,42.67,85.14835
2025-03-15,22,91.53,43.86,95.5811
2025-03-16,22,86.5,44.8,94.086586
2025-03-17,22,83.0,43.01,87.0899
2025-03-18,22,79.54,38.81,89.0217
2025-03-19,22,90.06,33.61,82.8352
2025-03-20,22,84.3,32.68,86.40442
2025-03-21,22,92.39,35.0,73.37942
2025-03-22,22,91.75,33.0,92.40196
2025-03-23,22,88.68,36.78,94.215485
2025-03-24,22,85.0,36.25,96.63051
2025-03-25,22,101.92,33.39,89.36985
2025-03-26,22,97.21,35.33,109.398346
2025-03-27,22,93.84,39.43,98.36338
2025-03-28,22,98.86,33.5,99.323944
2025-03-29,22,96.28,38.98,98.65225
2025-03-30,22,110.16,37.87,102.25559
2025-03-31,22,88.0,37.05,100.44922
2025-04-01,22,112.75,40.54,97.63565
2025-04-02,22,111.71,44.89,102.25207
2025-04-03,22,119.28,33.0,93.79408
2025-04-04,22,139.1,39.79,90.41716
2025-04-06,22,122.71,40.24,99.68232
2025-04-07,22,83.0,39.34,95.07903
2025-04-08,22,127.08,42.32,100.05746
2025-04-09,22,125.23,43.11,107.24821
2025-04-10,22,91.56,52.76,105.42612
2025-04-11,22,129.6,38.0,106.550545
2025-04-12,22,123.55,52.57,107.03188
2025-04-13,22,121.51,48.86,87.611084
2025-04-15,22,138.94,47.95,108.203445
2025-04-16,22,140.04,46.21,112.32253
2025-04-17,22,124.29,46.31,112.348434
2025-04-18,22,126.77,47.82,108.0762
2025-04-19,22,152.47,40.0,108.251755
2025-04-20,22,145.63,48.36,108.837234
2025-04-22,22,120.45,47.21,114.78419
2025-04-23,22,126.0,47.5,120.72209
2025-04-24,22,120.88,50.77,112.31533
2025-04-25,22,136.95,52.98,107.86316
2025-04-26,22,129.36,53.64,105.57454
2025-04-27,22,127.87,42.0,114.28624
2025-04-29,22,213.4,54.04,110.805664
2025-04-30,22,,,110.805664
2025-05-01,22,,,121.06491
2025-05-02,22,,,117.155975
2025-05-03,22,,,113.80024
2025-05-04,22,,,114.579704
2025-05-05,22,,,113.66295
2025-05-06,22,,,108.45207
2025-07-30,31,64.76,78.29,57.148285
2025-07-31,31,67.75,87.3,63.997623
2025-08-01,31,68.64,82.63,63.287624
2025-08-02,31,69.78,86.51,66.117645
2025-08-03,31,70.66,85.0,68.536095
2025-08-04,31,75.0,90.0,65.846954
2025-08-05,31,72.2,83.39,67.640205
2025-08-06,31,71.64,76.15,67.10585
2025-08-07,31,67.69,119.13,69.075874
2025-08-08,31,65.31,90.37,68.2126
2025-08-09,31,63.42,95.48,65.73754
2025-08-10,31,64.29,98.12,64.81063
2025-08-11,31,70.0,135.23,62.19668
2025-08-12,31,60.99,89.35,62.366486
2025-08-13,31,53.22,94.5,55.517624
2025-08-14,31,61.0,68.5,54.0578
2025-08-15,31,49.15,89.5,59.25848
2025-08-16,31,54.07,55.0,58.589012
2025-08-17,31,49.74,53.8,60.480156
2025-08-18,31,60.0,71.0,57.860832
2025-08-19,31,58.62,70.0,57.308994
2025-08-20,31,60.83,50.0,59.924675
2025-08-21,31,58.9,92.0,58.981224
2025-08-22,31,64.41,92.0,59.652466
2025-08-23,31,73.55,92.0,64.895645
2025-08-24,31,71.38,95.0,62.085915
2025-08-25,31,57.0,69.9,68.81924
2025-08-26,31,74.58,73.8,64.52691
2025-08-27,31,71.04,100.0,71.237946
2025-08-28,31,74.06,56.0,69.12958
2025-08-29,31,74.27,75.0,68.35946
2025-08-30,31,73.57,114.3,72.12036
2025-08-31,31,73.49,76.42,70.41926
2025-09-01,31,90.0,85.78,69.11136
2025-09-02,31,66.33,76.88,74.23682
2025-09-03,31,76.84,68.1,74.32296
2025-09-04,31,85.3,74.45,73.52261
2025-09-05,31,79.71,72.1,76.935036
2025-09-06,31,81.1,76.8,77.405495
2025-09-09,31,80.66,78.23,77.98161
2025-09-10,31,79.35,52.75,81.98415
2025-09-11,31,85.42,72.2,75.88627
2025-09-12,31,93.21,74.3,80.62804
2025-09-13,31,82.66,77.17,84.05032
2025-09-14,31,80.64,63.52,75.58589
2025-09-15,31,92.0,68.12,81.102806
2025-09-16,31,79.37,69.02,84.76443
2025-09-17,31,83.06,64.65,76.3889
2025-09-18,31,93.85,58.87,78.72914
2025-09-19,31,98.7,62.8,82.44811
2025-09-20,31,96.83,60.0,83.28214
2025-09-21,31,92.06,55.47,85.26858
2025-09-23,31,98.13,48.78,83.539474
2025-09-26,31,96.43,57.0,84.061195
2025-09-27,31,97.95,52.74,86.497955
2025-09-28,31,99.28,51.49,87.45239
2025-09-30,31,108.83,52.25,89.38216
2025-10-01,31,95.35,55.0,147.56693
2025-10-02,31,96.58,47.33,78.95416
2025-10-03,31,109.85,47.77,84.021805
2025-10-04,31,107.72,45.65,148.893
2025-10-05,31,109.1,48.91,147.4368
2025-10-06,31,85.1,50.82,147.65224
2025-10-09,31,108.99,48.02,74.54451
2025-10-10,31,102.42,51.0,154.96025
2025-10-11,31,116.38,47.75,148.09535
2025-10-12,31,94.88,51.97,149.00774
2025-10-14,31,89.23,51.25,77.8147
2025-10-15,31,92.12,54.87,80.01902
2025-10-16,31,89.25,52.32,81.85566
2025-10-17,31,86.39,60.0,81.47854
2025-10-18,31,91.15,57.62,78.89504
2025-10-19,31,89.59,56.97,80.40363
2025-10-20,31,100.0,58.13,82.461845
2025-10-21,31,86.54,58.76,83.93434
2025-10-22,31,78.85,60.71,81.91333
2025-10-23,31,78.94,63.48,79.72593
2025-10-24,31,90.8,66.5,80.14499
2025-10-25,31,96.46,61.12,82.89376
2025-10-26,31,109.12,60.32,86.12968
2025-10-27,31,100.0,64.86,124.54506
2025-10-28,31,94.69,65.46,86.380455
2025-10-29,31,91.7,67.16,84.04249
2025-10-30,31,105.0,67.0,85.75556
2025-10-31,31,92.22,70.42,122.24484
2025-11-01,31,83.64,71.1,81.51882
2025-11-02,31,87.6,70.09,81.48232
2025-11-04,31,92.84,69.54,85.20326
2025-11-05,31,86.27,73.3,85.64627
2025-11-06,31,64.47,77.04,79.95326
2025-11-07,31,,,79.95326
2025-11-08,31,,,73.45803
2025-11-09,31,,,77.63499
2025-11-10,31,,,73.81277
2025-11-11,31,,,75.56857
2025-11-12,31,,,74.5793
2025-11-13,31,,,76.998985
2025-03-25,45,90.13,182.81,157.37372
2025-03-26,45,92.74,170.84,147.45764
2025-03-27,45,76.88,159.22,144.30193
2025-03-28,45,78.04,150.28,128.5843
2025-03-29,45,70.4,185.76,126.46247
2025-03-30,45,73.12,141.18,126.896065
2025-04-01,45,72.72,140.58,112.48903
2025-04-02,45,85.6,144.4,81.74092
2025-04-03,45,82.34,145.08,87.55103
2025-04-04,45,60.0,142.08,81.56349
2025-04-06,45,68.32,126.26,82.01583
2025-04-08,45,83.76,128.96,99.78568
2025-04-09,45,85.58,144.51,101.481384
2025-04-10,45,96.55,131.07,99.36408
2025-04-11,45,81.88,134.59,84.77989
2025-04-12,45,65.42,125.04,108.403694
2025-04-13,45,92.23,124.62,83.68903
2025-04-15,45,84.21,126.71,97.465195
2025-04-16,45,71.51,123.2,92.71777
2025-04-17,45,102.26,118.29,85.25773
2025-04-18,45,88.07,119.02,101.54882
2025-04-19,45,105.43,114.18,94.1828
2025-04-20,45,75.18,125.9,102.88864
2025-04-22,45,104.62,141.44,88.64477
2025-04-23,45,71.64,103.28,83.70699
2025-04-24,45,64.75,117.0,88.55267
2025-04-25,45,86.78,107.31,83.64572
2025-04-26,45,105.4,104.48,93.67423
2025-04-27,45,73.3,103.26,100.2768
2025-04-29,45,67.14,134.6,84.16173
2025-04-30,45,69.91,98.27,77.2001
2025-05-01,45,59.59,106.64,80.27325
2025-05-02,45,115.65,93.81,79.92209
2025-05-03,45,80.07,99.17,102.247
2025-05-04,45,132.8,96.96,83.18635
2025-05-06,45,85.28,108.48,108.921196
2025-05-07,45,68.18,114.93,87.28941
2025-05-09,45,76.17,164.75,97.70484
2025-05-10,45,124.62,111.52,88.151955
2025-05-11,45,62.62,109.72,106.338585
2025-05-13,45,97.1,153.32,90.67834
2025-05-14,45,73.95,103.24,89.77599
2025-05-16,45,101.3,129.79,86.471344
2025-05-17,45,111.83,142.54,97.92717
2025-05-18,45,105.8,147.95,110.05077
2025-05-20,45,78.43,118.35,102.759026
2025-05-21,45,94.0,119.23,82.74306
2025-05-22,45,99.07,105.24,86.60021
2025-05-23,45,111.5,122.31,86.31156
2025-05-24,45,105.25,114.65,90.0006
2025-05-25,45,100.65,89.52,95.57019
2025-05-27,45,99.73,89.45,103.71699
2025-05-28,45,86.5,104.55,100.42159
2025-05-29,45,97.07,71.4,98.10227
2025-05-30,45,95.07,79.59,97.44269
2025-05-31,45,93.75,86.62,101.20898
2025-06-03,45,99.0,83.35,93.96199
2025-06-04,45,99.5,200.0,96.81948
2025-06-05,45,99.4,87.97,97.21787
2025-06-07,45,50.0,104.77,94.06113
2025-06-08,45,85.7,127.73,91.28168
2025-06-10,45,50.0,95.2,90.44577
2025-06-11,45,88.65,90.95,96.56961
2025-06-12,45,86.4,112.83,94.464035
2025-06-13,45,100.8,100.0,87.46807
2025-06-14,45,145.0,98.33,109.95985
2025-06-15,45,82.4,100.0,117.31144
2025-06-17,45,82.6,95.5,108.67333
2025-06-18,45,83.3,88.6,104.78938
2025-06-20,45,60.3,95.0,96.59575
2025-06-21,45,72.85,94.2,94.48039
2025-06-25,45,61.65,100.0,91.77016
2025-06-27,45,83.3,105.2,84.20588
2025-06-28,45,28.9,120.0,81.974075
2025-07-02,45,21.0,110.5,93.53824
2025-07-03,45,87.5,105.0,114.50634
2025-10-09,45,132.0,104.45,138.94986
2025-10-14,45,223.1,120.0,153.84814
2025-10-18,45,218.0,100.0,278.29355
2025-10-21,45,200.0,92.0,178.54262
2025-10-22,45,130.9,84.0,245.21962
2025-10-24,45,200.0,88.5,167.68747
2025-10-26,45,90.0,100.0,221.3658
2025-10-28,45,178.2,100.0,147.33261
2025-10-30,45,107.5,100.0,208.88661
2025-10-31,45,71.25,102.0,154.35759
2025-11-02,45,51.6,100.0,148.0812
2025-11-04,45,103.3,100.0,139.08136
2025-11-05,45,103.95,100.0,144.36111
2025-11-06,45,105.0,100.0,144.7855
2025-11-07,45,,,144.7855
2025-11-08,45,,,147.28276
2025-11-09,45,,,138.5735
2025-11-10,45,,,177.69629
2025-11-11,45,,,184.19443
2025-11-12,45,,,173.63452
2025-11-13,45,,,175.18585
2025-08-09,51,72.98,50.0,42.905247
2025-08-10,51,69.9,55.99,67.35505
2025-08-11,51,53.0,54.36,67.49627
2025-08-12,51,67.82,57.75,55.67334
2025-08-13,51,65.78,56.22,59.09953
2025-08-14,51,67.7,58.89,64.661194
2025-08-15,51,64.55,56.43,68.51758
2025-08-16,51,65.49,52.0,67.21534
2025-08-17,51,64.84,54.84,66.11646
2025-08-18,51,60.0,51.98,64.35292
2025-08-19,51,66.8,50.79,65.56867
2025-08-20,51,69.9,53.85,65.75981
2025-08-21,51,68.32,54.15,66.838036
2025-08-22,51,71.94,52.42,67.61734
2025-08-23,51,76.75,52.71,71.467735
2025-08-24,51,75.36,53.47,70.80634
2025-08-25,51,68.0,51.89,70.19734
2025-08-26,51,75.4,56.01,70.26204
2025-08-27,51,74.3,57.77,70.00102
2025-08-28,51,72.58,60.02,69.64178
2025-08-29,51,73.82,50.0,73.00248
2025-08-30,51,75.6,56.87,72.37041
2025-08-31,51,70.73,58.42,70.00436
2025-09-01,51,79.0,58.53,70.78474
2025-09-02,51,75.87,60.95,79.75773
2025-09-03,51,75.94,65.7,72.96446
2025-09-04,51,77.62,62.2,70.19151
2025-09-05,51,76.67,55.0,78.01604
2025-09-06,51,74.3,57.97,72.55415
2025-09-08,51,82.0,56.84,75.01086
2025-09-09,51,74.24,62.04,82.08282
2025-09-10,51,74.49,61.23,74.67724
2025-09-11,51,71.49,61.21,72.497185
2025-09-12,51,78.44,60.0,70.9046
2025-09-13,51,77.41,59.18,80.38754
2025-09-14,51,72.62,60.65,79.497955
2025-09-15,51,75.0,63.94,75.0823
2025-09-16,51,74.73,64.33,72.85625
2025-09-17,51,70.43,66.53,71.25342
2025-09-18,51,71.35,65.71,71.52702
2025-09-19,51,76.26,56.0,70.55225
2025-09-20,51,78.75,69.2,72.47427
2025-09-21,51,77.62,71.22,78.71676
2025-09-22,51,75.0,69.94,79.721634
2025-09-23,51,71.21,72.37,73.68409
2025-09-24,51,72.09,79.03,72.67841
2025-09-25,51,69.65,84.35,72.28497
2025-09-26,51,74.73,80.0,68.40369
2025-09-27,51,74.92,84.29,72.584755
2025-09-28,51,71.9,83.32,74.28334
2025-09-29,51,75.0,85.57,70.37507
2025-09-30,51,74.61,86.14,73.4829
2025-10-01,51,68.84,87.61,71.65115
2025-10-02,51,68.8,84.51,69.00947
2025-10-03,51,72.05,94.42,70.18326
2025-10-04,51,74.47,88.47,73.124084
2025-10-05,51,68.03,74.32,72.8828
2025-10-06,51,56.46,79.6,69.975555
2025-10-08,51,65.0,83.1,66.142136
2025-10-09,51,65.18,83.39,67.84698
2025-10-10,51,71.24,84.41,64.86636
2025-10-11,51,70.21,86.03,71.125015
2025-10-12,51,70.37,84.54,68.88641
2025-10-13,51,66.0,85.98,67.3273
2025-10-14,51,68.36,85.72,63.879814
2025-10-15,51,67.44,66.0,68.603516
2025-10-16,51,63.72,81.61,65.64624
2025-10-17,51,68.14,78.11,65.06428
2025-10-18,51,67.02,70.31,68.98816
2025-10-19,51,65.19,91.36,65.28665
2025-10-20,51,60.0,77.05,67.41397
2025-10-21,51,63.25,74.84,63.698505
2025-10-22,51,57.46,72.0,62.803154
2025-10-23,51,58.91,73.87,60.234947
2025-10-24,51,65.62,66.84,61.250816
2025-10-25,51,60.47,63.31,63.06131
2025-10-26,51,61.08,70.06,61.50805
2025-10-27,51,62.0,69.91,61.77916
2025-10-28,51,63.69,73.58,58.896954
2025-10-29,51,61.97,68.0,62.71477
2025-10-30,51,57.73,69.55,61.005642
2025-10-31,51,63.12,66.2,61.647194
2025-11-01,51,64.55,61.05,61.374508
2025-11-02,51,64.37,66.39,63.727028
2025-11-03,51,66.0,65.21,61.07661
2025-11-04,51,66.44,68.4,62.732475
2025-11-05,51,64.76,70.0,63.882507
2025-11-06,51,65.94,63.2,63.631706
2025-11-07,51,67.75,60.16,63.79873
2025-11-08,51,72.64,53.12,64.18106
2025-11-09,51,,,64.18106
2025-11-10,51,,,65.970116
2025-11-11,51,,,66.94882
2025-11-12,51,,,65.22546
2025-11-13,51,,,64.03571
2025-11-14,51,,,65.92293
2025-11-15,51,,,64.77444
2025-08-08,72,77.44,76.56,44.49196
2025-08-09,72,71.78,98.91,73.73804
2025-08-10,72,73.17,95.88,70.4556
2025-08-11,72,70.0,86.55,72.504425
2025-08-12,72,79.6,72.0,77.136505
2025-08-13,72,75.52,90.06,77.69114
2025-08-14,72,86.9,100.93,83.00446
2025-08-15,72,76.34,99.88,78.18559
2025-08-16,72,77.02,96.22,79.35597
2025-08-17,72,81.6,113.23,78.34751
2025-08-18,72,94.0,109.22,69.79518
2025-08-19,72,77.87,113.15,92.60186
2025-08-20,72,76.86,111.99,89.969406
2025-08-21,72,72.29,106.07,89.56568
2025-08-22,72,69.05,105.9,92.21741
2025-08-23,72,75.78,105.99,76.92111
2025-08-24,72,72.58,113.6,76.03584
2025-08-25,72,86.0,109.23,68.5215
2025-08-26,72,78.8,110.21,72.30811
2025-08-27,72,84.25,109.21,74.67959
2025-08-28,72,78.63,112.22,71.0115
2025-08-29,72,78.69,111.55,74.73264
2025-08-30,72,80.48,106.75,91.29932
2025-08-31,72,81.91,92.0,91.89457
2025-09-01,72,90.0,103.46,81.81598
2025-09-02,72,83.34,104.43,92.25416
2025-09-03,72,86.34,100.74,92.04203
2025-09-04,72,84.9,87.62,93.9844
2025-09-05,72,95.76,92.19,94.39854
2025-09-06,72,81.58,92.0,95.89069
2025-09-09,72,91.88,98.51,95.68548
2025-09-10,72,98.79,94.3,97.06208
2025-09-11,72,98.39,94.6,97.57039
2025-09-12,72,98.89,98.51,94.95934
2025-09-13,72,97.89,96.0,99.24255
2025-09-14,72,106.29,100.81,102.144005
2025-09-15,72,95.0,90.0,94.94088
2025-09-16,72,112.18,103.24,102.32685
2025-09-17,72,112.78,112.92,111.5421
2025-09-18,72,110.45,104.4,113.58632
2025-09-19,72,116.88,106.14,110.30619
2025-09-20,72,111.05,112.36,108.87857
2025-09-21,72,126.4,116.89,117.21028
2025-09-22,72,100.0,90.0,130.46371
2025-09-23,72,128.57,115.25,117.56421
2025-09-24,72,122.93,114.55,136.37138
2025-09-25,72,125.33,122.24,124.843994
2025-09-26,72,121.63,131.01,133.99895
2025-09-27,72,123.52,144.62,121.22764
2025-09-28,72,120.54,126.26,121.9008
2025-09-29,72,110.0,129.07,117.24846
2025-09-30,72,126.99,131.31,116.945595
2025-10-01,72,117.0,105.0,139.63843
2025-10-02,72,127.46,142.85,123.45813
2025-10-03,72,122.75,146.68,139.56454
2025-10-04,72,120.27,141.99,123.805725
2025-10-05,72,124.87,128.0,124.50548
2025-10-06,72,102.92,152.12,122.00056
2025-10-08,72,120.0,146.79,125.88351
2025-10-09,72,110.97,146.97,117.109985
2025-10-10,72,120.17,143.63,119.517555
2025-10-11,72,112.98,145.33,113.871796
2025-10-12,72,116.75,150.23,123.24516
2025-10-13,72,112.0,130.0,113.47144
2025-10-14,72,93.57,137.17,123.59602
2025-10-15,72,89.04,148.01,109.55492
2025-10-16,72,99.54,126.32,108.9068
2025-10-17,72,106.26,145.44,106.050186
2025-10-18,72,94.32,133.37,109.15997
2025-10-19,72,91.86,126.53,102.9925
2025-10-20,72,86.0,123.0,86.3216
2025-10-21,72,90.54,108.13,96.76979
2025-10-22,72,79.6,110.46,93.68597
2025-10-23,72,86.99,95.16,97.33946
2025-10-24,72,91.82,105.59,93.43984
2025-10-25,72,91.51,107.49,93.619385
2025-10-26,72,90.55,104.79,92.87627
2025-10-27,72,85.0,120.0,83.59629
2025-10-28,72,86.87,93.12,93.19517
2025-10-29,72,98.61,107.93,94.163246
2025-10-30,72,104.11,107.89,94.33858
2025-10-31,72,94.42,111.44,95.03201
2025-11-01,72,73.14,112.9,92.38792
2025-11-02,72,72.44,108.13,95.70691
2025-11-03,72,83.0,106.0,77.8275
2025-11-04,72,79.86,103.92,91.67204
2025-11-05,72,81.5,98.18,95.60427
2025-11-06,72,86.25,86.85,95.47493
2025-11-07,72,77.81,97.58,89.75375
2025-11-08,72,91.69,94.84,82.87933
2025-11-09,72,,,82.87933
2025-11-10,72,,,90.16212
2025-11-11,72,,,81.91519
2025-11-12,72,,,90.14532
2025-11-13,72,,,90.90964
2025-11-14,72,,,90.67755
2025-11-15,72,,,94.192245
2025-08-09,A1,34.15,24.5,17.498442
2025-08-10,A1,35.3,29.45,26.339947
2025-08-11,A1,30.0,30.88,29.942863
2025-08-12,A1,32.18,31.26,32.146053
2025-08-13,A1,32.24,31.3,32.30847
2025-08-14,A1,31.91,30.9,31.687881
2025-08-15,A1,30.25,32.25,32.465385
2025-08-16,A1,30.77,30.44,31.035633
2025-08-17,A1,29.0,30.0,31.371887
2025-08-18,A1,36.0,29.22,31.312687
2025-08-19,A1,31.28,30.2,34.16698
2025-08-20,A1,29.18,30.97,33.34275
2025-08-21,A1,28.84,32.99,31.774454
2025-08-22,A1,27.37,33.0,30.389763
2025-08-23,A1,26.79,32.99,28.70267
2025-08-24,A1,24.77,36.17,27.544426
2025-08-25,A1,23.62,33.92,26.781929
2025-08-26,A1,25.64,36.06,24.91246
2025-08-27,A1,24.53,37.2,25.450378
2025-08-28,A1,23.46,38.02,24.313118
2025-08-29,A1,21.33,0.0,24.474321
2025-08-30,A1,25.94,36.35,24.866724
2025-08-31,A1,24.37,43.27,23.731577
2025-09-01,A1,20.0,41.72,24.624931
2025-09-02,A1,22.29,40.12,23.941832
2025-09-03,A1,21.03,40.7,23.390339
2025-09-04,A1,24.34,41.12,22.633558
2025-09-05,A1,21.99,31.5,23.90902
2025-09-06,A1,23.58,43.29,24.78588
2025-09-08,A1,19.0,43.28,24.32326
2025-09-09,A1,21.82,42.28,22.996244
2025-09-10,A1,21.05,44.48,22.676783
2025-09-11,A1,19.92,44.47,22.14666
2025-09-12,A1,20.86,47.34,23.13419
2025-09-13,A1,20.23,49.84,22.277695
2025-09-14,A1,22.22,46.93,22.251175
2025-09-15,A1,18.0,44.89,22.602049
2025-09-16,A1,20.61,44.8,21.300852
2025-09-17,A1,20.28,44.93,22.093369
2025-09-18,A1,22.89,43.5,21.864143
2025-09-19,A1,21.54,45.82,22.389177
2025-09-20,A1,20.99,50.0,22.771881
2025-09-21,A1,22.18,42.57,23.263859
2025-09-22,A1,19.0,41.97,22.773092
2025-09-23,A1,20.97,42.49,22.116571
2025-09-24,A1,18.95,37.84,22.360334
2025-09-25,A1,21.2,38.51,21.01187
2025-09-26,A1,19.18,37.11,22.2072
2025-09-27,A1,19.67,35.53,20.595484
2025-09-28,A1,20.19,32.28,22.321995
2025-09-29,A1,19.0,40.0,20.832596
2025-09-30,A1,20.54,34.65,19.967754
2025-10-01,A1,20.42,31.2,20.395521
2025-10-02,A1,19.19,31.68,20.377045
2025-10-03,A1,20.29,28.0,20.514088
2025-10-04,A1,20.88,29.83,21.077663
2025-10-05,A1,20.75,33.83,20.448278
2025-10-06,A1,22.53,31.98,19.805601
2025-10-08,A1,24.1,32.49,22.76002
2025-10-09,A1,22.24,32.36,23.673973
2025-10-10,A1,18.73,37.19,24.23378
2025-10-11,A1,19.39,30.0,22.348732
2025-10-12,A1,21.76,34.7,22.414845
2025-10-13,A1,22.0,35.39,21.633915
2025-10-14,A1,19.93,32.46,22.791456
2025-10-15,A1,19.44,37.09,23.628984
2025-10-16,A1,18.35,33.82,21.879992
2025-10-17,A1,18.23,30.01,19.872837
2025-10-18,A1,17.92,38.0,20.26223
2025-10-19,A1,16.4,34.86,20.167147
2025-10-20,A1,17.0,36.23,19.784063
2025-10-21,A1,19.36,37.03,20.053799
2025-10-22,A1,21.26,37.15,21.133907
2025-10-23,A1,20.27,37.66,21.245737
2025-10-24,A1,20.58,37.06,22.023685
2025-10-25,A1,21.34,37.0,22.29964
2025-10-26,A1,22.12,39.74,22.512135
2025-10-27,A1,18.0,42.13,24.923758
2025-10-28,A1,20.12,41.38,24.285538
2025-10-29,A1,20.74,41.79,23.807014
2025-10-30,A1,19.5,44.14,22.918924
2025-10-31,A1,20.6,45.53,23.755875
2025-11-01,A1,21.98,46.0,23.878746
2025-11-02,A1,23.88,44.78,24.544125
2025-11-03,A1,18.0,44.49,25.63094
2025-11-04,A1,25.6,38.34,25.393997
2025-11-05,A1,27.63,48.81,26.270617
2025-11-06,A1,25.6,43.67,27.391624
2025-11-07,A1,26.36,43.43,28.09226
2025-11-08,A1,27.8,50.0,29.89952
2025-11-09,A1,,,29.89952
2025-11-10,A1,,,28.82325
2025-11-11,A1,,,28.503252
2025-11-12,A1,,,29.253237
2025-11-13,A1,,,28.560987
2025-11-14,A1,,,29.071539
2025-11-15,A1,,,28.362204
2025-08-09,B2,34.29,31.74,18.21954
2025-08-10,B2,31.07,29.0,28.456787
2025-08-11,B2,25.0,34.0,26.656927
2025-08-12,B2,27.35,29.27,26.6882
2025-08-13,B2,27.29,25.97,28.46797
2025-08-14,B2,24.75,26.74,25.221462
2025-08-15,B2,28.89,25.67,26.380089
2025-08-16,B2,29.56,28.81,29.079416
2025-08-17,B2,30.11,27.33,29.687778
2025-08-18,B2,32.0,30.73,28.226856
2025-08-19,B2,36.17,28.13,31.134651
2025-08-20,B2,36.01,25.87,31.529747
2025-08-21,B2,35.55,31.69,31.635235
2025-08-22,B2,35.55,36.16,33.05283
2025-08-23,B2,33.06,33.34,33.952667
2025-08-24,B2,38.17,24.0,32.582935
2025-08-25,B2,33.0,28.43,30.539385
2025-08-26,B2,36.5,32.68,33.518517
2025-08-27,B2,34.8,34.64,33.110138
2025-08-28,B2,34.72,37.63,34.266422
2025-08-29,B2,33.07,36.45,34.855717
2025-08-30,B2,32.22,36.14,34.802017
2025-08-31,B2,32.12,33.0,33.90207
2025-09-01,B2,32.0,35.88,29.70517
2025-09-02,B2,32.87,31.52,33.161755
2025-09-03,B2,31.04,35.55,32.35291
2025-09-04,B2,32.22,34.68,31.572693
2025-09-05,B2,31.36,34.56,31.592213
2025-09-06,B2,30.61,32.0,30.376898
2025-09-08,B2,33.0,38.52,30.53577
2025-09-09,B2,32.16,39.71,33.071655
2025-09-10,B2,29.99,39.24,33.433155
2025-09-11,B2,28.72,39.82,31.535309
2025-09-12,B2,28.12,38.64,30.304106
2025-09-13,B2,26.7,43.03,30.057358
2025-09-14,B2,27.2,33.0,29.929497
2025-09-15,B2,30.0,42.0,28.36543
2025-09-16,B2,29.62,45.88,28.596556
2025-09-17,B2,29.45,38.59,30.083265
2025-09-18,B2,28.54,40.1,30.386707
2025-09-19,B2,29.68,41.53,30.213257
2025-09-20,B2,30.4,43.54,29.361158
2025-09-21,B2,28.72,33.0,29.242634
2025-09-22,B2,24.0,44.48,28.667862
2025-09-23,B2,30.82,41.34,29.232212
2025-09-24,B2,27.74,38.91,28.9782
2025-09-25,B2,27.91,33.88,28.86443
2025-09-26,B2,28.92,33.49,30.823671
2025-09-27,B2,31.05,34.01,29.898151
2025-09-28,B2,28.79,33.86,29.55074
2025-09-29,B2,30.0,35.78,25.105453
2025-09-30,B2,31.47,33.65,27.984247
2025-10-01,B2,29.75,36.82,28.7287
2025-10-02,B2,29.89,33.67,29.291677
2025-10-03,B2,33.9,32.14,29.097252
2025-10-04,B2,32.68,26.0,31.501188
2025-10-05,B2,33.91,30.12,32.863308
2025-10-06,B2,34.8,29.99,29.835289
2025-10-08,B2,32.83,27.74,32.316833
2025-10-09,B2,28.55,32.36,32.22326
2025-10-10,B2,31.16,27.5,31.711931
2025-10-11,B2,32.35,27.42,30.579365
2025-10-12,B2,31.89,27.0,31.819233
2025-10-13,B2,30.0,30.03,28.795738
2025-10-14,B2,33.46,26.95,29.698679
2025-10-15,B2,32.86,26.16,31.267494
2025-10-16,B2,32.29,33.98,31.25573
2025-10-17,B2,34.23,30.44,31.971628
2025-10-18,B2,32.02,33.68,32.475418
2025-10-19,B2,32.97,25.0,32.15232
2025-10-20,B2,27.0,26.41,29.147629
2025-10-21,B2,30.91,27.24,30.28762
2025-10-22,B2,34.28,24.02,28.901958
2025-10-23,B2,30.83,25.35,30.739073
2025-10-24,B2,30.06,28.28,30.349413
2025-10-25,B2,29.43,27.86,29.586113
2025-10-26,B2,29.64,22.0,29.495932
2025-10-27,B2,25.0,29.26,25.961437
2025-10-28,B2,27.58,27.98,28.580364
2025-10-29,B2,27.7,24.32,26.996958
2025-10-30,B2,27.64,27.79,26.806974
2025-10-31,B2,24.84,27.56,28.146587
2025-11-01,B2,29.41,34.21,27.86848
2025-11-02,B2,31.47,24.0,28.682306
2025-11-03,B2,23.0,31.53,25.135677
2025-11-04,B2,29.5,30.07,29.1306
2025-11-05,B2,28.71,22.88,28.410763
2025-11-06,B2,28.07,25.52,28.240835
2025-11-07,B2,32.23,30.6,27.722198
2025-11-08,B2,27.84,30.87,31.333069
2025-11-09,B2,,,31.333069
2025-11-10,B2,,,29.054983
2025-11-11,B2,,,25.291151
2025-11-12,B2,,,29.283134
2025-11-13,B2,,,28.386404
2025-11-14,B2,,,28.231936
2025-11-15,B2,,,29.075542
2025-01-25,C1,33.23,33.79,38.332523
2025-01-26,C1,37.24,34.37,48.307228
2025-01-27,C1,38.52,36.54,47.08187
2025-01-28,C1,43.8,36.66,42.797207
2025-02-03,C1,27.55,26.67,38.995594
2025-02-04,C1,37.36,33.69,32.323418
2025-02-05,C1,32.7,32.12,35.2707
2025-02-06,C1,28.25,35.79,33.363632
2025-02-07,C1,31.67,31.29,33.574284
2025-02-08,C1,36.44,33.33,29.497759
2025-02-09,C1,31.56,27.0,29.346012
2025-02-11,C1,39.18,29.49,32.611137
2025-02-12,C1,35.19,28.7,31.878824
2025-02-14,C1,43.0,28.96,33.16002
2025-02-15,C1,31.29,27.07,31.632235
2025-02-16,C1,31.73,27.91,29.45517
2025-02-18,C1,40.87,34.22,31.448076
2025-02-19,C1,38.02,40.44,31.433853
2025-02-20,C1,41.32,31.03,34.420666
2025-02-21,C1,40.4,23.65,34.16976
2025-02-22,C1,37.7,26.2,34.722343
2025-02-23,C1,39.11,21.55,37.225227
2025-02-25,C1,44.55,19.12,34.07877
2025-02-26,C1,43.95,33.55,35.091434
2025-02-27,C1,34.56,22.28,37.243713
2025-02-28,C1,34.39,37.45,36.836666
2025-03-01,C1,33.53,71.35,34.423653
2025-03-02,C1,41.45,26.1,32.175045
2025-03-04,C1,34.3,45.0,30.08506
2025-03-05,C1,37.6,29.47,32.67429
2025-03-07,C1,39.25,43.47,31.826258
2025-03-08,C1,31.53,37.6,33.57801
2025-03-09,C1,45.0,37.6,32.29221
2025-03-11,C1,41.75,44.1,32.996086
2025-03-12,C1,36.47,39.65,39.973587
2025-03-13,C1,37.4,39.2,37.9016
2025-03-14,C1,26.15,35.1,31.96131
2025-03-16,C1,50.0,35.8,30.603067
2025-03-18,C1,37.0,35.3,33.885483
2025-03-19,C1,35.8,15.0,36.4928
2025-03-23,C1,47.0,55.2,37.217136
2025-04-02,C1,40.0,40.0,42.08383
2025-04-08,C1,40.0,31.0,35.532944
2025-09-10,C1,121.7,30.0,40.830986
2025-09-12,C1,7.8,30.0,35.632397
2025-09-16,C1,73.0,50.0,36.15514
2025-09-20,C1,47.0,45.0,36.037437
2025-09-21,C1,60.0,40.0,41.256626
2025-09-24,C1,50.0,31.9,46.50636
2025-09-26,C1,53.35,36.0,39.59334
2025-09-27,C1,45.7,32.0,47.940853
2025-09-28,C1,40.1,41.0,39.66375
2025-09-30,C1,34.7,43.63,37.634563
2025-10-01,C1,42.55,38.35,40.59575
2025-10-02,C1,45.8,31.47,40.77751
2025-10-03,C1,44.82,34.56,43.48968
2025-10-04,C1,43.2,35.9,44.095585
2025-10-05,C1,42.28,33.55,43.201283
2025-10-06,C1,37.25,37.33,41.994118
2025-10-08,C1,48.05,31.19,39.25947
2025-10-09,C1,45.6,20.0,42.73589
2025-10-10,C1,45.92,42.0,43.652416
2025-10-11,C1,45.77,40.0,43.928997
2025-10-12,C1,45.12,40.48,43.883724
2025-10-14,C1,51.38,44.02,43.045612
2025-10-15,C1,50.96,42.89,43.504482
2025-10-16,C1,46.21,46.36,43.32063
2025-10-17,C1,46.66,49.24,43.30414
2025-10-18,C1,51.02,43.96,43.27414
2025-10-19,C1,51.63,38.0,42.87526
2025-10-20,C1,58.32,45.02,43.355305
2025-10-21,C1,49.55,43.99,42.07921
2025-10-22,C1,46.06,46.28,41.805363
2025-10-23,C1,47.68,45.33,42.997402
2025-10-24,C1,47.38,45.89,43.44299
2025-10-25,C1,49.5,41.99,43.955986
2025-10-26,C1,48.44,41.95,44.07349
2025-10-27,C1,45.98,41.92,43.334473
2025-10-28,C1,48.68,37.46,42.530144
2025-10-29,C1,49.68,45.8,42.33903
2025-10-30,C1,51.75,45.99,42.736664
2025-10-31,C1,49.67,45.63,42.455593
2025-11-01,C1,47.88,46.98,41.85948
2025-11-02,C1,47.02,43.42,42.904133
2025-11-03,C1,45.12,42.46,41.418262
2025-11-04,C1,45.42,41.13,41.259373
2025-11-05,C1,45.4,41.9,41.96644
2025-11-06,C1,43.83,43.37,43.070744
2025-11-07,C1,44.47,40.79,44.225277
2025-11-08,C1,44.48,46.22,41.159813
2025-11-09,C1,,,41.159813
2025-11-10,C1,,,44.128082
2025-11-11,C1,,,43.02528
2025-11-12,C1,,,43.83263
2025-11-13,C1,,,43.520374
2025-11-14,C1,,,43.73556
2025-11-15,C1,,,43.807003
2025-02-06,D1,27.35,23.37,23.89873
2025-02-07,D1,26.55,19.4,19.597446
2025-02-08,D1,26.96,25.33,19.579178
2025-02-09,D1,25.75,22.38,23.777437
2025-02-10,D1,28.09,18.45,23.363367
2025-02-11,D1,30.25,22.23,28.86525
2025-02-12,D1,27.13,27.38,28.012861
2025-02-13,D1,37.21,20.8,26.14203
2025-02-14,D1,26.08,20.76,29.760344
2025-02-15,D1,28.06,22.42,26.210255
2025-02-16,D1,28.51,12.18,28.927502
2025-02-17,D1,28.38,19.46,30.762436
2025-02-18,D1,26.37,20.5,28.68144
2025-02-19,D1,24.83,19.18,26.630484
2025-02-20,D1,23.72,28.06,24.24678
2025-02-21,D1,24.46,15.4,24.347479
2025-02-22,D1,25.35,11.6,24.525322
2025-02-23,D1,27.15,27.7,27.08166
2025-02-24,D1,26.04,25.0,27.955141
2025-02-25,D1,26.77,25.0,25.493986
2025-02-26,D1,27.86,25.0,26.99228
2025-02-27,D1,27.26,17.73,27.880009
2025-02-28,D1,27.62,25.0,27.577473
2025-03-01,D1,28.41,25.0,27.010931
2025-03-02,D1,26.66,10.0,30.262766
2025-03-03,D1,30.74,7.0,27.588465
2025-03-04,D1,26.7,7.2,28.859924
2025-03-05,D1,24.66,23.9,26.266485
2025-03-06,D1,32.37,25.0,23.712233
2025-03-07,D1,29.15,31.48,28.37484
2025-03-08,D1,27.97,32.4,28.376902
2025-03-09,D1,28.18,31.87,28.991922
2025-03-10,D1,33.59,30.55,30.503765
2025-03-11,D1,33.68,27.77,31.246435
2025-03-12,D1,35.91,26.3,32.301136
2025-03-13,D1,34.02,34.9,33.04704
2025-03-14,D1,34.03,30.27,32.263382
2025-03-15,D1,33.1,28.15,32.573704
2025-03-16,D1,31.94,29.67,32.898674
2025-03-17,D1,45.22,25.15,32.059464
2025-03-18,D1,33.72,25.35,33.705112
2025-03-19,D1,35.59,28.04,26.952412
2025-03-20,D1,28.19,32.97,34.08374
2025-03-21,D1,37.01,31.67,29.090115
2025-03-22,D1,37.6,30.41,33.997215
2025-03-23,D1,40.17,27.4,34.492176
2025-03-24,D1,32.31,25.7,37.76759
2025-03-25,D1,40.46,26.32,32.327175
2025-03-26,D1,41.89,23.66,34.615505
2025-03-27,D1,41.19,24.64,34.29809
2025-03-28,D1,42.79,26.36,34.03883
2025-03-29,D1,45.57,26.41,33.237
2025-03-30,D1,44.07,28.82,31.84536
2025-03-31,D1,41.75,34.61,33.56214
2025-04-01,D1,47.31,29.26,30.01297
2025-04-02,D1,47.04,30.06,29.222763
2025-04-03,D1,53.96,32.38,28.551584
2025-04-04,D1,70.0,34.74,27.96235
2025-04-05,D1,43.3,37.27,30.64796
2025-04-06,D1,49.7,30.78,28.908854
2025-04-07,D1,62.36,30.38,31.647106
2025-04-08,D1,56.24,29.38,32.53677
2025-04-09,D1,57.88,32.0,30.766308
2025-04-10,D1,53.06,29.47,33.198467
2025-04-11,D1,55.71,26.61,30.739738
2025-04-12,D1,63.25,26.55,29.254185
2025-04-13,D1,53.79,25.59,28.646074
2025-04-14,D1,44.79,24.88,27.95239
2025-04-15,D1,56.57,24.19,25.121782
2025-04-16,D1,52.81,25.83,29.074099
2025-04-17,D1,55.86,24.53,26.785995
2025-04-18,D1,52.65,24.34,32.316708
2025-04-19,D1,49.42,24.05,29.674482
2025-04-20,D1,60.42,22.24,30.250023
2025-04-21,D1,50.0,24.45,34.76548
2025-04-22,D1,55.5,25.03,27.202698
2025-04-23,D1,54.77,22.25,33.737427
2025-04-24,D1,52.61,21.86,33.430542
2025-04-25,D1,49.39,22.52,27.798079
2025-04-26,D1,46.45,24.17,29.064682
2025-04-27,D1,19.45,24.36,29.402689
2025-04-29,D1,21.8,25.39,30.473253
2025-04-30,D1,20.0,28.48,30.18116
2025-05-01,D1,20.0,26.8,27.555328
2025-05-02,D1,33.89,25.76,28.452198
2025-05-03,D1,34.0,25.36,28.334467
2025-08-23,D1,55.0,24.54,35.48691
2025-11-01,D1,55.7,25.86,33.78593
2025-11-02,D1,56.9,26.41,31.669674
2025-11-04,D1,42.6,31.19,32.785793
2025-11-05,D1,,,32.785793
2025-11-06,D1,,,29.297823
2025-11-07,D1,,,30.323639
2025-11-08,D1,,,29.577375
2025-11-09,D1,,,30.749914
2025-11-10,D1,,,30.686928
2025-11-11,D1,,,34.57422
2025-03-03,E1,35.0,25.91,19.437115
2025-03-04,E1,46.76,23.0,35.960712
2025-03-05,E1,46.75,27.63,30.527798
2025-03-06,E1,43.5,27.74,28.412481
2025-03-07,E1,48.43,25.11,28.950573
2025-03-08,E1,47.75,24.86,30.441332
2025-03-09,E1,50.35,23.9,30.738588
2025-03-11,E1,49.37,23.99,48.08076
2025-03-12,E1,51.04,22.0,48.916122
2025-03-13,E1,51.24,24.27,50.014175
2025-03-14,E1,55.95,24.85,50.77918
2025-03-15,E1,49.81,23.9,53.339287
2025-03-16,E1,53.46,24.44,53.904377
2025-03-17,E1,54.0,25.5,51.94854
2025-03-18,E1,52.25,25.42,51.07771
2025-03-19,E1,58.87,25.0,51.128555
2025-03-20,E1,59.17,27.78,49.288284
2025-03-21,E1,56.09,27.82,50.77989
2025-03-22,E1,57.56,27.52,49.03887
2025-03-23,E1,69.09,27.18,39.99941
2025-03-25,E1,65.97,27.2,42.360493
2025-03-26,E1,75.78,25.61,40.551052
2025-03-27,E1,73.88,23.0,43.229053
2025-03-28,E1,62.63,24.89,44.122005
2025-03-29,E1,77.55,26.87,40.613758
2025-03-30,E1,81.05,25.67,40.363625
2025-04-01,E1,69.1,26.34,51.047726
2025-04-02,E1,75.2,26.36,52.513214
2025-04-03,E1,76.44,28.38,51.59777
2025-04-04,E1,85.0,28.0,52.179047
2025-04-06,E1,71.3,28.55,52.073498
2025-04-08,E1,60.5,26.8,50.65578
2025-04-09,E1,99.1,28.89,51.167225
2025-04-11,E1,80.95,28.67,56.845924
2025-04-12,E1,82.8,27.77,53.373375
2025-04-16,E1,68.0,27.25,51.848248
2025-04-23,E1,52.8,26.0,54.824505
2025-04-24,E1,72.1,25.83,58.039978
2025-04-25,E1,72.1,26.96,50.71042
2025-04-26,E1,48.55,27.4,52.844242
2025-09-09,E1,25.0,28.47,41.586338
2025-09-10,E1,15.0,28.05,48.658688
2025-09-13,E1,28.7,28.14,47.865463
2025-09-14,E1,23.2,26.0,36.01797
2025-09-16,E1,27.05,27.56,35.7955
2025-09-17,E1,26.7,27.88,32.59824
2025-09-18,E1,25.45,29.96,28.912228
2025-09-19,E1,24.93,29.78,28.20622
2025-09-20,E1,29.3,27.61,27.51251
2025-09-21,E1,16.85,33.09,29.352861
2025-09-23,E1,27.1,30.0,26.829365
2025-09-24,E1,29.65,31.07,30.823425
2025-09-26,E1,26.18,32.17,29.580917
2025-09-27,E1,26.78,27.52,28.92881
2025-09-28,E1,21.37,30.32,28.208668
2025-09-30,E1,20.34,30.99,28.163004
2025-10-01,E1,23.45,30.35,27.124104
2025-10-02,E1,24.49,32.05,26.563828
2025-10-03,E1,24.78,32.04,26.39411
2025-10-04,E1,29.02,30.69,26.807268
2025-10-05,E1,29.05,31.1,26.954828
2025-10-06,E1,31.37,33.35,27.667301
2025-10-09,E1,29.02,32.35,28.608397
2025-10-10,E1,28.42,31.31,29.383644
2025-10-11,E1,26.33,31.34,29.222555
2025-10-12,E1,25.28,26.75,29.361301
2025-10-14,E1,27.7,34.0,28.264069
2025-10-15,E1,28.19,30.42,26.511835
2025-10-16,E1,25.95,27.48,27.51618
2025-10-17,E1,26.83,28.18,27.941948
2025-10-18,E1,27.07,28.04,28.370012
2025-10-19,E1,25.6,30.77,28.286186
2025-10-21,E1,26.24,31.0,26.457685
2025-10-22,E1,24.78,31.06,28.340233
2025-10-23,E1,26.35,30.91,28.920834
2025-10-24,E1,25.77,29.93,27.259142
2025-10-25,E1,26.51,28.82,27.35605
2025-10-26,E1,26.44,28.1,27.158815
2025-10-28,E1,27.49,30.1,26.394365
2025-10-29,E1,29.13,26.0,27.834583
2025-10-30,E1,29.7,28.86,27.17528
2025-10-31,E1,27.68,27.96,28.600716
2025-11-01,E1,28.48,27.83,28.06705
2025-11-02,E1,28.88,27.34,28.65009
2025-11-03,E1,32.0,27.56,27.913757
2025-11-04,E1,28.2,28.24,26.334215
2025-11-05,E1,26.36,27.36,26.866812
2025-11-06,E1,26.2,28.05,25.744633
2025-11-07,E1,28.72,27.43,26.989077
2025-11-08,E1,27.97,25.94,26.453468
2025-11-09,E1,,,26.453468
2025-11-10,E1,,,26.84516
2025-11-11,E1,,,25.053362
2025-11-12,E1,,,25.946321
2025-11-13,E1,,,25.611866
2025-11-14,E1,,,25.788025
2025-11-15,E1,,,25.604185
2025-08-09,F1,36.42,25.98,29.640947
2025-08-10,F1,39.98,27.78,36.31317
2025-08-11,F1,35.0,25.12,32.961296
2025-08-12,F1,37.22,23.22,34.42721
2025-08-13,F1,36.95,26.59,37.39535
2025-08-14,F1,38.46,27.48,36.633595
2025-08-15,F1,35.19,26.03,35.27403
2025-08-16,F1,38.91,25.18,38.005867
2025-08-17,F1,39.23,24.05,36.496616
2025-08-18,F1,32.88,25.05,33.252476
2025-08-19,F1,38.39,26.37,33.924583
2025-08-20,F1,37.14,24.72,34.95131
2025-08-21,F1,35.31,23.0,33.229618
2025-08-22,F1,39.63,26.13,34.162613
2025-08-23,F1,38.3,25.22,36.43449
2025-08-24,F1,41.66,24.7,34.083458
2025-08-25,F1,30.0,23.82,32.30612
2025-08-26,F1,38.63,25.88,32.846848
2025-08-27,F1,35.62,25.88,35.29963
2025-08-28,F1,40.28,26.7,33.8935
2025-08-29,F1,37.51,25.33,33.40162
2025-08-30,F1,38.7,22.47,35.75085
2025-08-31,F1,37.29,23.17,34.301086
2025-09-01,F1,30.0,25.5,30.620853
2025-09-02,F1,35.43,23.78,31.992985
2025-09-03,F1,38.95,21.99,32.84587
2025-09-04,F1,39.54,23.02,31.689701
2025-09-05,F1,38.08,25.58,32.89867
2025-09-06,F1,36.32,23.21,32.356003
2025-09-08,F1,28.0,23.55,32.235916
2025-09-09,F1,40.08,24.4,31.273281
2025-09-10,F1,38.08,23.85,33.114853
2025-09-11,F1,38.09,24.85,33.970886
2025-09-12,F1,39.24,22.57,34.82873
2025-09-13,F1,34.81,21.22,33.94472
2025-09-14,F1,39.52,24.35,34.793827
2025-09-15,F1,27.29,24.96,30.047485
2025-09-16,F1,39.71,25.24,32.43455
2025-09-17,F1,39.78,27.35,34.71573
2025-09-18,F1,37.59,26.1,33.864376
2025-09-19,F1,38.89,27.72,33.594673
2025-09-20,F1,37.84,28.66,34.293846
2025-09-21,F1,37.7,32.95,36.730694
2025-09-22,F1,35.0,32.0,32.717533
2025-09-23,F1,41.84,27.72,35.483387
2025-09-24,F1,42.5,30.64,38.55532
2025-09-25,F1,37.45,36.31,37.191536
2025-09-26,F1,46.14,33.4,37.350777
2025-09-27,F1,44.14,25.13,38.64793
2025-09-28,F1,47.67,25.8,35.386806
2025-09-29,F1,32.84,34.18,39.448776
2025-09-30,F1,42.69,34.62,35.89143
2025-10-01,F1,47.44,36.93,35.71337
2025-10-02,F1,49.45,22.2,44.46768
2025-10-03,F1,47.98,35.58,45.981777
2025-10-04,F1,47.4,35.22,47.167625
2025-10-05,F1,50.24,31.64,46.51633
2025-10-06,F1,48.6,32.15,40.47021
2025-10-08,F1,48.7,25.74,46.743153
2025-10-09,F1,49.07,30.26,44.907604
2025-10-10,F1,50.7,19.46,46.753853
2025-10-11,F1,51.36,27.5,45.548138
2025-10-12,F1,55.77,27.42,46.3593
2025-10-13,F1,38.92,28.15,42.434875
2025-10-14,F1,53.62,31.98,45.98259
2025-10-15,F1,51.63,32.92,49.26908
2025-10-16,F1,51.03,29.39,47.04398
2025-10-17,F1,55.19,21.1,47.24158
2025-10-18,F1,52.09,30.61,47.55018
2025-10-19,F1,62.39,32.96,48.398407
2025-10-20,F1,42.08,30.25,39.64181
2025-10-21,F1,52.53,29.17,51.23238
2025-10-22,F1,59.58,29.01,51.415695
2025-10-23,F1,54.45,29.62,50.084614
2025-10-24,F1,60.38,28.0,48.82748
2025-10-25,F1,54.98,29.0,52.214188
2025-10-26,F1,56.35,34.06,52.481167
2025-10-27,F1,39.65,34.7,36.18451
2025-10-28,F1,53.97,34.41,51.535877
2025-10-29,F1,54.48,32.33,51.040222
2025-10-30,F1,59.45,33.34,47.788853
2025-10-31,F1,59.24,19.15,51.805573
2025-11-01,F1,58.27,33.19,51.945015
2025-11-02,F1,60.48,38.78,50.27746
2025-11-03,F1,49.94,33.1,35.448116
2025-11-04,F1,58.28,33.49,49.209023
2025-11-05,F1,60.47,35.9,49.504704
2025-11-06,F1,59.37,43.01,58.894745
2025-11-07,F1,60.42,30.0,60.399544
2025-11-08,F1,60.2,33.07,58.5222
2025-11-09,F1,,,58.5222
2025-11-10,F1,,,58.64146
2025-11-11,F1,,,56.01934
2025-11-12,F1,,,56.86352
2025-11-13,F1,,,54.973
2025-11-14,F1,,,56.88767
2025-11-15,F1,,,56.253387
2025-06-27,G7,15.0,25.85,9.617329
2025-06-28,G7,16.5,23.1,16.882801
2025-06-29,G7,18.0,26.48,13.668668
2025-07-02,G7,17.7,25.72,20.144669
2025-07-06,G7,14.7,24.73,16.902592
2025-07-08,G7,20.0,26.92,20.647596
2025-07-10,G7,7.0,22.38,16.524757
2025-07-12,G7,15.0,26.1,17.826544
2025-07-15,G7,15.0,20.38,19.183706
2025-07-18,G7,20.0,29.47,26.38645
2025-07-22,G7,15.0,29.9,22.582327
2025-07-23,G7,55.0,19.35,23.10718
2025-07-24,G7,15.0,27.87,29.855606
2025-07-25,G7,60.0,36.17,23.99726
2025-07-27,G7,23.5,28.7,30.787964
2025-07-29,G7,34.25,14.75,24.765089
2025-07-30,G7,34.5,23.6,22.288435
2025-08-01,G7,59.0,19.25,29.077438
2025-08-02,G7,20.0,13.12,29.243002
2025-08-07,G7,35.0,25.75,32.512527
2025-08-09,G7,45.3,23.58,28.105017
2025-08-10,G7,53.5,18.5,33.653088
2025-08-12,G7,65.0,26.78,27.055601
2025-08-13,G7,40.5,20.07,27.071417
2025-08-15,G7,35.0,13.98,26.520569
2025-08-16,G7,80.0,6.9,26.166122
2025-08-17,G7,95.0,19.83,36.471172
2025-08-19,G7,43.2,15.0,32.045986
2025-08-20,G7,57.4,26.7,27.298018
2025-08-21,G7,15.0,22.58,32.22976
2025-08-22,G7,22.5,23.35,28.314222
2025-08-23,G7,11.0,25.93,30.813543
2025-08-24,G7,11.0,18.92,31.906218
2025-08-26,G7,45.7,32.35,33.363087
2025-08-27,G7,38.8,22.28,32.04032
2025-08-28,G7,27.0,18.92,29.007345
2025-08-29,G7,44.18,22.0,25.683369
2025-08-30,G7,82.3,18.7,32.41743
2025-08-31,G7,76.6,16.3,35.85762
2025-09-02,G7,15.0,12.4,41.42761
2025-09-03,G7,47.25,23.3,26.037462
2025-09-04,G7,80.0,25.25,27.95566
2025-09-05,G7,27.9,31.6,31.43799
2025-09-06,G7,28.9,16.65,32.20624
2025-09-09,G7,28.2,35.0,30.7128
2025-09-10,G7,57.8,16.75,31.117321
2025-09-11,G7,38.45,20.65,30.978329
2025-09-12,G7,27.72,15.5,32.432655
2025-09-13,G7,42.1,25.0,29.344196
2025-09-14,G7,47.15,25.3,29.213911
2025-09-18,G7,40.0,16.0,37.187584
2025-09-19,G7,34.05,23.3,25.015593
2025-09-20,G7,77.0,28.9,21.59749
2025-09-21,G7,47.08,38.7,27.868362
2025-09-23,G7,29.35,22.73,24.806198
2025-09-24,G7,40.0,44.7,23.222294
2025-09-26,G7,44.45,27.5,28.16383
2025-09-27,G7,33.83,34.2,26.784882
2025-09-28,G7,24.6,23.5,29.289904
2025-09-30,G7,30.65,22.3,23.221836
2025-10-01,G7,25.45,25.25,23.321016
2025-10-02,G7,21.4,20.7,26.495981
2025-10-03,G7,63.25,10.0,24.235243
2025-10-04,G7,26.7,13.4,27.811792
2025-10-05,G7,31.2,15.0,29.001854
2025-10-06,G7,28.0,13.5,24.326601
2025-10-09,G7,39.4,23.65,28.633263
2025-10-10,G7,38.45,22.5,27.209417
2025-10-11,G7,53.4,15.0,29.413681
2025-10-12,G7,48.8,30.0,27.872635
2025-10-14,G7,35.55,25.15,27.906492
2025-10-15,G7,45.0,18.55,25.778368
2025-10-16,G7,34.28,20.0,29.900583
2025-10-17,G7,34.15,20.0,27.519653
2025-10-18,G7,56.1,37.0,29.022179
2025-10-19,G7,52.4,17.5,32.628883
2025-10-21,G7,21.7,25.0,28.120356
2025-10-22,G7,25.5,15.5,26.490875
2025-10-23,G7,22.05,25.0,26.555037
2025-10-24,G7,34.4,35.0,27.806002
2025-10-25,G7,43.4,24.87,28.553593
2025-10-26,G7,44.9,34.35,30.21375
2025-10-28,G7,33.72,35.0,22.648912
2025-10-29,G7,27.25,30.0,27.451645
2025-10-31,G7,20.78,21.5,27.719135
2025-11-01,G7,26.62,20.3,28.162603
2025-11-02,G7,24.72,23.8,27.715265
2025-11-04,G7,24.5,27.0,28.340853
2025-11-05,G7,31.0,17.5,22.95476
2025-11-06,G7,37.5,28.5,27.328094
2025-11-07,G7,,,27.328094
2025-11-08,G7,,,28.31217
2025-11-09,G7,,,27.520895
2025-11-10,G7,,,29.361551
2025-11-11,G7,,,26.447401
2025-11-12,G7,,,29.6054
2025-11-13,G7,,,26.601692
2024-11-01,H2,19.88,8.0,14.097641
2024-11-02,H2,20.99,7.0,23.44768
2024-11-03,H2,18.59,15.25,17.763016
2024-11-05,H2,17.05,11.5,13.737573
2024-11-06,H2,18.72,15.9,13.999453
2024-11-07,H2,19.78,17.85,12.123151
2024-11-08,H2,17.88,15.8,12.80208
2024-11-09,H2,21.67,17.68,14.362848
2024-11-10,H2,25.71,18.75,17.37385
2024-11-12,H2,25.62,12.4,15.572629
2024-11-13,H2,21.88,15.0,19.095661
2024-11-14,H2,22.78,19.7,22.309694
2024-11-15,H2,20.02,12.0,22.448029
2024-11-16,H2,23.42,18.92,22.170244
2024-11-17,H2,17.27,16.95,19.68909
2024-11-19,H2,16.87,14.86,17.484156
2024-11-20,H2,23.34,21.56,18.275385
2024-11-21,H2,30.0,21.5,17.856995
2024-11-22,H2,18.01,23.02,18.429873
2024-11-23,H2,24.92,15.0,15.605074
2024-11-24,H2,14.83,20.14,19.616188
2024-11-26,H2,24.65,19.08,15.587703
2024-11-27,H2,24.3,16.59,20.712751
2024-11-28,H2,18.73,17.29,16.521479
2024-11-29,H2,19.8,14.9,19.27043
2024-11-30,H2,19.38,14.13,18.887562
2024-12-01,H2,34.05,12.0,17.254827
2024-12-03,H2,21.88,16.29,32.225063
2024-12-04,H2,31.55,14.55,16.374744
2024-12-05,H2,18.8,14.86,19.885149
2024-12-06,H2,21.83,16.2,17.32635
2024-12-07,H2,11.87,16.57,20.142988
2024-12-08,H2,27.0,16.15,15.520144
2024-12-10,H2,24.38,11.0,20.689276
2024-12-11,H2,32.6,15.5,14.61319
2024-12-12,H2,25.32,14.44,22.152826
2024-12-13,H2,36.35,14.46,20.275192
2024-12-14,H2,24.48,15.39,17.145805
2024-12-15,H2,24.65,18.54,20.388554
2024-12-17,H2,35.2,14.55,19.44955
2024-12-18,H2,27.1,11.0,18.355955
2024-12-19,H2,15.8,17.56,20.328543
2024-12-20,H2,28.7,14.08,19.915367
2024-12-21,H2,20.6,15.0,21.68886
2024-12-22,H2,25.6,15.69,16.321915
2024-12-24,H2,30.0,16.15,19.051367
2024-12-27,H2,25.9,16.29,16.528378
2024-12-29,H2,20.0,14.0,18.24946
2025-01-01,H2,24.1,15.46,20.451647
2025-01-02,H2,23.7,17.68,18.269829
2025-01-07,H2,26.0,18.47,16.165277
2025-01-08,H2,14.2,17.8,18.212013
2025-01-09,H2,19.0,17.19,15.377708
2025-01-10,H2,16.5,17.62,20.936365
2025-01-22,H2,20.05,15.0,15.742007
2025-01-23,H2,18.75,18.5,18.008434
2025-01-26,H2,5.0,17.92,13.764395
2025-09-26,H2,27.5,16.88,14.888363
2025-09-27,H2,16.1,16.5,18.331348
2025-09-28,H2,75.0,17.48,13.034252
2025-09-30,H2,10.0,14.89,15.233037
2025-10-01,H2,17.0,14.0,10.668685
2025-10-02,H2,25.0,20.84,14.438182
2025-10-03,H2,14.0,15.68,12.25593
2025-10-04,H2,25.0,14.53,15.436373
2025-10-05,H2,33.2,14.17,19.196533
2025-10-09,H2,19.5,13.58,17.279972
2025-10-10,H2,32.07,20.04,20.980871
2025-10-11,H2,25.0,12.0,21.862625
2025-10-12,H2,19.5,17.3,21.159433
2025-10-14,H2,37.83,16.69,21.574091
2025-10-15,H2,26.65,18.0,20.102629
2025-10-16,H2,23.2,16.69,20.940834
2025-10-17,H2,34.5,14.98,21.70969
2025-10-18,H2,23.02,13.8,21.901773
2025-10-19,H2,24.85,16.24,23.375175
2025-10-21,H2,22.48,20.35,19.90799
2025-10-22,H2,22.72,15.45,20.748465
2025-10-23,H2,22.01,15.63,21.095793
2025-10-24,H2,17.47,10.0,22.563263
2025-10-25,H2,18.4,12.0,22.119738
2025-10-26,H2,16.23,19.33,20.371643
2025-10-28,H2,27.15,15.0,18.096445
2025-10-29,H2,28.84,4.0,17.848246
2025-10-31,H2,27.76,16.1,20.609867
2025-11-01,H2,22.2,14.9,22.989105
2025-11-02,H2,17.1,20.7,21.25469
2025-11-04,H2,23.04,15.7,19.863977
2025-11-05,H2,21.62,10.0,20.605286
2025-11-06,H2,21.62,16.1,18.761229
2025-11-07,H2,,,18.761229
2025-11-08,H2,,,22.52438
2025-11-09,H2,,,19.352846
2025-11-10,H2,,,22.41465
2025-11-11,H2,,,14.731692
2025-11-12,H2,,,19.594006
2025-11-13,H2,,,15.92371
2025-04-02,H4,25.4,22.0,21.46925
2025-04-03,H4,24.94,28.12,26.900875
2025-04-04,H4,23.4,23.09,27.112888
2025-04-06,H4,32.4,21.54,24.082527
2025-04-07,H4,21.0,24.06,26.195957
2025-04-08,H4,26.51,24.71,26.734276
2025-04-09,H4,26.6,22.35,25.58317
2025-04-10,H4,20.0,23.0,28.640764
2025-04-11,H4,33.8,22.39,24.574093
2025-04-12,H4,33.95,24.21,31.711718
2025-04-13,H4,36.0,24.72,29.500866
2025-04-15,H4,32.96,24.23,28.281199
2025-04-16,H4,30.56,24.55,37.001816
2025-04-17,H4,30.58,23.08,33.13016
2025-04-18,H4,36.0,22.78,31.500547
2025-04-19,H4,28.65,24.05,28.70112
2025-04-20,H4,39.75,22.05,32.66986
2025-04-22,H4,42.1,23.2,53.634823
2025-04-23,H4,31.9,24.2,51.614376
2025-04-24,H4,47.9,25.75,33.55574
2025-04-25,H4,36.48,22.0,52.865715
2025-04-26,H4,49.65,25.55,34.558613
2025-04-27,H4,42.2,23.63,41.92879
2025-04-29,H4,45.15,21.01,45.996357
2025-04-30,H4,34.97,20.74,45.44664
2025-05-01,H4,42.5,22.26,36.040993
2025-05-02,H4,34.6,23.42,54.506218
2025-05-03,H4,45.6,18.0,35.857704
2025-05-04,H4,41.5,24.9,54.360332
2025-05-06,H4,36.22,22.04,51.68454
2025-05-07,H4,44.85,20.75,36.27119
2025-05-09,H4,42.6,21.6,52.801693
2025-05-10,H4,37.3,22.38,50.665855
2025-05-11,H4,35.9,25.78,39.244442
2025-05-16,H4,36.0,17.0,33.2637
2025-05-17,H4,32.2,20.42,33.104446
2025-05-18,H4,34.4,25.15,32.80963
2025-05-20,H4,32.1,23.19,33.35392
2025-05-21,H4,23.35,25.68,32.555084
2025-05-23,H4,28.1,22.32,24.883179
2025-05-24,H4,24.6,18.48,30.852123
2025-05-25,H4,24.6,17.0,30.271112
2025-05-27,H4,24.5,21.72,27.393684
2025-05-28,H4,24.4,22.9,26.205143
2025-05-29,H4,20.25,15.4,26.579151
2025-05-30,H4,18.15,26.05,24.951206
2025-05-31,H4,14.7,25.82,23.365345
2025-06-04,H4,16.0,19.78,22.429964
2025-06-05,H4,11.7,17.0,18.802593
2025-07-22,H4,28.85,19.65,19.633265
2025-08-29,H4,22.0,23.78,22.951153
2025-08-30,H4,25.0,21.0,20.923113
2025-09-06,H4,28.39,22.66,21.292814
2025-09-11,H4,35.0,20.4,25.20631
2025-09-13,H4,22.0,19.28,24.221771
2025-09-17,H4,22.0,20.35,26.865593
2025-09-18,H4,26.65,21.55,26.235323
2025-09-20,H4,30.0,18.42,27.694134
2025-09-21,H4,30.1,19.1,24.995865
2025-09-23,H4,35.0,18.0,24.363232
2025-09-25,H4,20.0,22.74,26.29489
2025-09-26,H4,20.0,21.78,30.08026
2025-09-30,H4,28.58,21.92,28.71003
2025-10-02,H4,32.09,18.0,28.13904
2025-10-03,H4,30.0,16.0,29.465569
2025-10-04,H4,27.5,21.7,28.209194
2025-10-09,H4,33.0,23.74,29.840408
2025-10-12,H4,18.61,26.05,27.218836
2025-10-15,H4,17.5,26.61,26.519997
2025-10-17,H4,23.33,23.62,23.240654
2025-10-18,H4,16.0,18.0,27.51276
2025-10-19,H4,20.33,22.8,22.065525
2025-10-20,H4,19.0,22.58,23.800694
2025-10-21,H4,23.93,23.77,21.352299
2025-10-22,H4,30.0,23.0,20.502113
2025-10-23,H4,19.88,21.17,22.030012
2025-10-24,H4,21.92,19.9,23.638592
2025-10-25,H4,20.0,20.48,23.280642
2025-10-26,H4,21.5,20.13,25.190975
2025-10-27,H4,20.0,25.4,22.502584
2025-10-28,H4,21.33,23.02,22.390345
2025-10-29,H4,20.67,23.0,21.68463
2025-10-30,H4,20.0,21.08,21.595093
2025-10-31,H4,25.0,23.03,21.359095
2025-11-01,H4,26.0,22.6,22.111776
2025-11-02,H4,21.5,23.1,22.346087
2025-11-03,H4,25.0,22.82,21.323874
2025-11-04,H4,26.0,23.8,23.975216
2025-11-05,H4,23.6,20.0,24.6845
2025-11-06,H4,21.92,22.7,24.343552
2025-11-07,H4,,,24.343552
2025-11-08,H4,,,25.028486
2025-11-09,H4,,,24.046034
2025-11-10,H4,,,24.362114
2025-11-11,H4,,,23.724752
2025-11-12,H4,,,24.571814
2025-11-13,H4,,,24.579796
2025-08-09,I1,47.23,47.02,26.163363
2025-08-10,I1,50.08,44.96,46.61433
2025-08-11,I1,45.0,42.19,48.41546
2025-08-12,I1,50.43,45.0,44.95552
2025-08-13,I1,45.75,40.85,46.249805
2025-08-14,I1,46.03,39.66,44.891937
2025-08-15,I1,48.08,40.64,43.073734
2025-08-16,I1,53.14,43.62,48.96397
2025-08-17,I1,53.62,45.32,51.466045
2025-08-18,I1,42.0,47.23,52.65951
2025-08-19,I1,51.08,45.79,48.67286
2025-08-20,I1,54.31,43.89,47.709194
2025-08-21,I1,56.48,42.51,53.686996
2025-08-22,I1,59.71,44.12,55.45693
2025-08-23,I1,63.71,43.71,57.471382
2025-08-24,I1,65.2,43.96,59.53231
2025-08-25,I1,57.0,41.0,60.70068
2025-08-26,I1,60.92,41.51,58.949978
2025-08-27,I1,61.49,44.43,60.327087
2025-08-28,I1,63.16,46.24,62.33247
2025-08-29,I1,66.36,46.87,57.39041
2025-08-30,I1,65.06,50.38,61.47037
2025-08-31,I1,66.22,52.98,63.071297
2025-09-01,I1,62.0,45.0,63.26912
2025-09-02,I1,67.39,48.32,63.895744
2025-09-03,I1,63.34,47.66,63.44797
2025-09-04,I1,70.92,48.21,63.179874
2025-09-05,I1,72.08,48.32,65.82912
2025-09-06,I1,70.95,48.64,68.88394
2025-09-08,I1,63.0,47.0,72.30247
2025-09-09,I1,66.59,52.68,64.15744
2025-09-10,I1,68.42,52.6,65.018295
2025-09-11,I1,65.54,53.19,65.18103
2025-09-12,I1,59.65,55.35,64.488205
2025-09-13,I1,66.01,54.61,63.272217
2025-09-14,I1,70.5,62.41,62.424423
2025-09-15,I1,64.0,53.4,67.79671
2025-09-16,I1,62.73,62.82,63.42128
2025-09-17,I1,62.08,62.19,65.66555
2025-09-18,I1,56.61,61.26,62.18223
2025-09-19,I1,54.76,63.63,58.569084
2025-09-20,I1,61.14,64.61,57.331177
2025-09-21,I1,62.93,68.18,60.400257
2025-09-22,I1,72.0,58.0,59.63149
2025-09-23,I1,59.17,64.94,66.21017
2025-09-24,I1,56.22,60.92,59.289974
2025-09-25,I1,61.45,63.22,57.569347
2025-09-26,I1,63.0,61.33,60.30788
2025-09-27,I1,58.48,66.92,59.289097
2025-09-28,I1,55.98,59.67,58.723812
2025-09-29,I1,63.0,61.61,55.69459
2025-09-30,I1,55.08,52.7,60.306007
2025-10-01,I1,54.3,58.0,58.93967
2025-10-02,I1,51.8,50.55,55.94101
2025-10-03,I1,52.81,49.73,52.49077
2025-10-04,I1,54.85,47.41,53.29231
2025-10-05,I1,54.52,46.0,55.732265
2025-10-06,I1,49.23,46.71,54.031208
2025-10-08,I1,48.95,45.48,50.811733
2025-10-09,I1,55.01,43.27,48.77593
2025-10-10,I1,49.55,42.0,54.811363
2025-10-11,I1,47.98,48.32,52.40765
2025-10-12,I1,50.49,49.11,49.221474
2025-10-13,I1,48.0,43.0,50.371914
2025-10-14,I1,51.67,41.82,50.613808
2025-10-15,I1,52.19,40.75,51.659386
2025-10-16,I1,49.36,43.33,54.740475
2025-10-17,I1,51.16,34.7,52.01937
2025-10-18,I1,52.32,34.63,52.518948
2025-10-19,I1,52.27,35.23,54.13623
2025-10-20,I1,47.0,33.0,52.382595
2025-10-21,I1,46.4,37.26,49.39327
2025-10-22,I1,42.62,27.49,46.723278
2025-10-23,I1,42.0,28.47,44.33125
2025-10-24,I1,44.11,30.75,42.651676
2025-10-25,I1,44.68,31.78,42.764534
2025-10-26,I1,46.5,30.21,42.673843
2025-10-27,I1,45.0,26.0,41.516422
2025-10-28,I1,45.79,30.03,48.744072
2025-10-29,I1,43.29,31.16,45.12296
2025-10-30,I1,40.83,31.53,43.07205
2025-10-31,I1,47.09,30.92,42.223297
2025-11-01,I1,47.57,35.22,50.615013
2025-11-02,I1,48.83,33.1,51.826485
2025-11-03,I1,45.0,25.0,47.908985
2025-11-04,I1,50.88,31.54,47.3253
2025-11-05,I1,49.94,29.98,51.7216
2025-11-06,I1,48.65,31.99,52.220367
2025-11-07,I1,51.74,27.53,51.553524
2025-11-08,I1,52.17,29.19,52.51787
2025-11-09,I1,,,52.51787
2025-11-10,I1,,,54.826157
2025-11-11,I1,,,53.464344
2025-11-12,I1,,,57.37796
2025-11-13,I1,,,56.197685
2025-11-14,I1,,,58.466957
2025-11-15,I1,,,58.01938
2025-02-12,L1,204.94,150.0,224.39572
2025-02-15,L1,228.18,181.67,178.31784
2025-02-16,L1,263.15,196.47,162.87062
2025-02-17,L1,212.57,141.12,183.26706
2025-02-18,L1,243.06,250.0,169.6481
2025-02-19,L1,254.66,162.5,170.59953
2025-02-20,L1,205.45,197.37,172.54369
2025-02-21,L1,210.97,189.39,153.57765
2025-02-22,L1,226.86,177.76,165.00197
2025-02-23,L1,220.58,178.75,161.04225
2025-02-25,L1,209.48,171.07,163.41597
2025-02-26,L1,217.38,204.4,162.02957
2025-02-27,L1,235.05,233.5,165.4975
2025-02-28,L1,209.49,189.73,174.29839
2025-03-01,L1,220.93,108.3,178.50462
2025-03-02,L1,234.75,177.64,175.69873
2025-03-03,L1,215.19,187.98,190.45018
2025-03-04,L1,237.24,187.69,175.83366
2025-03-05,L1,232.01,211.24,181.60297
2025-03-06,L1,300.0,178.54,167.53326
2025-03-07,L1,219.66,177.55,167.9064
2025-03-08,L1,233.48,181.5,162.11955
2025-03-09,L1,194.08,184.12,158.9611
2025-03-10,L1,235.1,184.39,195.25847
2025-03-11,L1,219.76,183.3,165.95667
2025-03-12,L1,222.15,177.18,166.31273
2025-03-13,L1,193.36,187.01,173.2299
2025-03-14,L1,210.78,172.06,171.56694
2025-03-15,L1,209.47,190.09,172.69302
2025-03-16,L1,193.37,178.36,160.28488
2025-03-17,L1,259.01,170.8,184.18344
2025-03-18,L1,187.08,214.25,162.53447
2025-03-19,L1,199.78,169.92,158.70412
2025-03-20,L1,208.7,183.98,164.02037
2025-03-21,L1,198.0,173.58,161.03665
2025-03-22,L1,195.02,163.36,157.47658
2025-03-23,L1,198.6,154.99,162.09691
2025-03-24,L1,212.9,161.22,190.13759
2025-03-25,L1,208.54,174.74,173.72185
2025-03-26,L1,187.36,167.62,168.69157
2025-03-27,L1,202.04,170.38,164.13387
2025-03-28,L1,193.94,176.62,165.22789
2025-03-29,L1,208.19,177.26,165.3804
2025-03-30,L1,210.34,172.82,164.49458
2025-03-31,L1,236.45,171.3,203.5408
2025-04-01,L1,208.79,205.72,165.90413
2025-04-02,L1,208.44,165.77,159.61711
2025-04-03,L1,190.7,166.78,164.39238
2025-04-04,L1,160.0,158.4,161.10509
2025-04-05,L1,274.2,168.21,165.67825
2025-04-06,L1,199.46,167.97,180.03134
2025-04-07,L1,226.8,163.23,177.14397
2025-04-08,L1,174.78,193.8,176.59541
2025-04-09,L1,165.49,153.21,178.39594
2025-04-10,L1,214.23,152.73,174.93407
2025-04-11,L1,159.86,144.64,167.58221
2025-04-12,L1,157.18,150.13,169.86151
2025-04-13,L1,141.25,154.56,164.00275
2025-04-14,L1,173.33,129.34,190.62236
2025-04-15,L1,142.92,132.49,153.94843
2025-04-16,L1,148.46,120.22,149.18826
2025-04-17,L1,125.2,195.76,146.42603
2025-04-18,L1,123.51,124.55,149.0378
2025-04-19,L1,117.97,128.4,125.55364
2025-04-20,L1,114.52,124.5,124.62726
2025-04-21,L1,158.38,107.88,138.81328
2025-04-22,L1,106.86,139.16,126.8877
2025-04-23,L1,104.64,116.35,121.22475
2025-04-24,L1,99.33,100.17,104.157974
2025-04-25,L1,102.26,93.12,108.53279
2025-04-26,L1,100.66,89.34,94.330605
2025-04-27,L1,95.77,89.91,102.16572
2025-04-28,L1,117.14,91.66,128.70355
2025-04-29,L1,105.59,103.32,109.64515
2025-04-30,L1,103.93,101.05,97.28881
2025-05-01,L1,98.3,96.09,101.77753
2025-05-02,L1,101.38,90.34,97.2496
2025-05-03,L1,105.24,80.42,98.98154
2025-05-04,L1,102.37,84.75,100.13249
2025-05-05,L1,112.58,84.47,124.20556
2025-05-06,L1,104.8,100.64,107.05378
2025-05-07,L1,100.08,87.99,89.59973
2025-05-08,L1,123.48,84.97,99.592575
2025-05-09,L1,120.16,97.98,97.68495
2025-05-10,L1,113.79,94.45,91.754814
2025-05-11,L1,114.57,84.15,111.1722
2025-05-12,L1,111.52,78.3,127.795586
2025-05-13,L1,111.55,77.34,97.67805
2025-05-14,L1,103.24,79.86,111.01993
2025-05-15,L1,106.43,131.73,116.21482
2025-05-16,L1,,,116.21482
2025-05-17,L1,,,120.328316
2025-05-18,L1,,,116.48198
2025-05-19,L1,,,115.62198
2025-05-20,L1,,,136.49031
2025-05-21,L1,,,123.12128
2025-05-22,L1,,,127.72349
2025-05-09,M3,70.65,22.0,17.612696
2025-05-10,M3,71.38,31.55,34.810577
2025-05-11,M3,57.95,30.2,37.891594
2025-05-13,M3,85.0,28.23,37.77977
2025-05-14,M3,65.75,33.78,35.82777
2025-05-17,M3,34.9,33.77,39.88675
2025-05-20,M3,57.05,31.28,30.29879
2025-05-25,M3,88.1,22.0,39.64852
2025-05-30,M3,80.0,29.77,39.888023
2025-07-22,M3,35.0,32.47,40.912273
2025-07-23,M3,35.0,38.9,32.037098
2025-07-24,M3,35.0,31.33,29.219934
2025-07-31,M3,30.3,30.82,37.124023
2025-08-01,M3,24.9,27.62,26.647425
2025-08-05,M3,17.3,27.52,23.987907
2025-08-06,M3,20.0,27.32,15.933537
2025-08-07,M3,37.9,27.2,17.537455
2025-08-10,M3,24.85,26.95,27.399557
2025-08-12,M3,34.6,26.7,23.223928
2025-08-13,M3,25.45,28.45,31.870394
2025-08-16,M3,25.5,27.83,23.170094
2025-08-17,M3,26.7,28.3,23.75565
2025-08-19,M3,30.72,26.78,22.149912
2025-08-20,M3,30.1,26.23,29.650278
2025-08-21,M3,35.51,23.53,29.780602
2025-08-22,M3,29.18,22.68,24.43775
2025-08-23,M3,41.32,19.65,27.401806
2025-08-24,M3,29.2,18.87,36.19051
2025-08-26,M3,33.56,21.44,27.260038
2025-08-27,M3,33.73,30.75,37.429855
2025-08-28,M3,35.5,19.9,39.81505
2025-08-29,M3,29.2,18.23,26.135885
2025-08-30,M3,34.68,22.1,28.456259
2025-08-31,M3,36.12,20.0,27.927256
2025-09-02,M3,31.08,20.0,36.53719
2025-09-03,M3,27.9,18.37,34.166603
2025-09-04,M3,28.17,19.6,31.891277
2025-09-05,M3,31.1,19.16,31.704493
2025-09-06,M3,27.98,19.4,27.15809
2025-09-08,M3,35.0,22.22,25.307621
2025-09-09,M3,31.97,20.0,30.092676
2025-09-10,M3,31.9,20.01,34.64299
2025-09-11,M3,28.68,19.45,35.12559
2025-09-12,M3,31.8,18.48,29.133974
2025-09-13,M3,32.83,19.94,37.268677
2025-09-14,M3,32.02,20.96,40.595
2025-09-15,M3,35.0,20.15,34.803875
2025-09-16,M3,34.1,20.58,37.734825
2025-09-17,M3,34.26,21.37,28.259245
2025-09-18,M3,32.71,22.43,37.75699
2025-09-19,M3,30.48,19.15,36.875057
2025-09-20,M3,37.42,18.51,31.96362
2025-09-21,M3,39.17,19.65,37.998226
2025-09-23,M3,42.25,18.31,36.737877
2025-09-24,M3,39.98,19.75,37.109695
2025-09-26,M3,42.8,19.2,36.480415
2025-09-27,M3,45.55,20.31,28.403555
2025-09-28,M3,36.35,21.66,34.00783
2025-09-30,M3,39.75,19.91,32.6447
2025-10-01,M3,35.4,20.0,36.37905
2025-10-02,M3,40.23,22.15,31.81679
2025-10-03,M3,31.67,22.41,35.54749
2025-10-04,M3,35.28,30.3,33.71982
2025-10-05,M3,43.15,23.08,39.826134
2025-10-06,M3,36.73,23.88,38.89003
2025-10-09,M3,34.53,23.53,39.814865
2025-10-10,M3,36.58,26.54,37.09952
2025-10-11,M3,32.72,22.68,39.71946
2025-10-12,M3,34.42,20.72,43.351704
2025-10-14,M3,36.03,21.66,39.07505
2025-10-15,M3,34.45,23.52,40.705303
2025-10-16,M3,32.83,21.67,38.20525
2025-10-17,M3,32.05,24.0,33.90417
2025-10-18,M3,33.8,22.53,40.35713
2025-10-19,M3,37.33,21.74,38.508007
2025-10-21,M3,31.68,27.45,40.674583
2025-10-22,M3,36.92,23.36,34.581387
2025-10-23,M3,40.45,26.64,35.217056
2025-10-24,M3,37.96,25.0,34.96611
2025-10-25,M3,32.15,24.32,35.648754
2025-10-26,M3,32.11,23.28,37.28897
2025-10-28,M3,34.05,23.37,36.225643
2025-10-29,M3,35.02,23.34,41.36588
2025-10-30,M3,40.0,27.4,38.99269
2025-10-31,M3,35.9,26.85,39.524147
2025-11-01,M3,38.33,28.23,34.03313
2025-11-02,M3,36.67,26.83,36.954037
2025-11-04,M3,34.75,26.23,37.535713
2025-11-05,M3,39.78,26.8,38.455593
2025-11-06,M3,50.38,27.69,42.749557
2025-11-07,M3,,,42.749557
2025-11-08,M3,,,40.955452
2025-11-09,M3,,,43.14307
2025-11-10,M3,,,40.795216
2025-11-11,M3,,,38.005188
2025-11-12,M3,,,43.296223
2025-11-13,M3,,,40.730186
2025-08-09,P1,18.18,32.67,17.668581
2025-08-10,P1,18.87,24.0,16.011963
2025-08-11,P1,16.0,28.9,16.448908
2025-08-12,P1,20.24,28.78,15.444448
2025-08-13,P1,20.6,30.35,18.492582
2025-08-14,P1,14.88,31.76,19.493849
2025-08-15,P1,19.38,35.76,18.212662
2025-08-16,P1,19.8,37.37,20.221283
2025-08-17,P1,19.23,36.35,20.000275
2025-08-18,P1,16.0,37.12,17.008755
2025-08-19,P1,18.04,36.28,20.46339
2025-08-20,P1,18.46,37.26,19.211744
2025-08-21,P1,17.01,39.64,18.22767
2025-08-22,P1,17.61,39.33,17.710978
2025-08-23,P1,18.74,33.0,18.203821
2025-08-24,P1,19.89,41.22,18.306295
2025-08-25,P1,18.0,38.96,14.240327
2025-08-26,P1,19.15,40.94,18.349995
2025-08-27,P1,18.53,43.25,20.600336
2025-08-28,P1,15.89,48.66,18.83629
2025-08-29,P1,17.09,48.76,18.668318
2025-08-30,P1,19.13,35.0,19.077202
2025-08-31,P1,20.65,45.4,18.883928
2025-09-01,P1,20.0,50.15,16.054394
2025-09-02,P1,20.44,49.18,19.66374
2025-09-03,P1,18.77,53.74,20.916302
2025-09-04,P1,20.22,54.97,21.088747
2025-09-05,P1,21.99,38.0,21.164423
2025-09-06,P1,22.11,56.89,21.195244
2025-09-08,P1,20.0,58.6,20.310654
2025-09-09,P1,22.78,65.71,22.508804
2025-09-10,P1,21.63,61.42,23.873432
2025-09-11,P1,21.04,63.23,23.30344
2025-09-12,P1,22.78,67.32,24.056042
2025-09-13,P1,26.08,52.5,25.69871
2025-09-14,P1,28.71,60.91,28.472399
2025-09-15,P1,21.5,72.13,26.703842
2025-09-16,P1,29.24,68.45,28.202549
2025-09-17,P1,29.83,68.1,29.89642
2025-09-18,P1,29.62,74.07,30.600676
2025-09-19,P1,28.99,69.77,29.810005
2025-09-20,P1,33.51,66.0,30.717121
2025-09-21,P1,35.71,75.18,34.147247
2025-09-22,P1,29.52,75.1,33.026524
2025-09-23,P1,37.54,73.76,32.70137
2025-09-24,P1,36.82,80.42,38.042942
2025-09-25,P1,36.2,77.32,34.23862
2025-09-26,P1,40.84,77.27,33.91401
2025-09-27,P1,42.42,72.21,38.003975
2025-09-28,P1,41.22,78.12,36.239758
2025-09-29,P1,36.44,52.75,34.908764
2025-09-30,P1,43.5,72.26,43.042244
2025-10-01,P1,41.44,73.31,40.855
2025-10-02,P1,40.05,69.04,39.756382
2025-10-03,P1,42.32,70.29,41.915188
2025-10-04,P1,43.9,82.65,44.06198
2025-10-05,P1,43.42,66.87,45.042492
2025-10-06,P1,39.57,64.35,39.493587
2025-10-08,P1,34.27,61.44,43.845287
2025-10-09,P1,41.72,63.17,42.131508
2025-10-10,P1,44.72,60.22,42.30908
2025-10-11,P1,43.58,59.9,43.97075
2025-10-12,P1,45.87,58.0,42.053772
2025-10-13,P1,38.0,59.07,41.628063
2025-10-14,P1,49.58,60.22,42.86488
2025-10-15,P1,45.87,60.78,42.89973
2025-10-16,P1,46.22,61.8,47.030167
2025-10-17,P1,47.44,56.06,47.146465
2025-10-18,P1,49.22,55.84,48.870384
2025-10-19,P1,50.18,53.0,49.020935
2025-10-20,P1,47.0,51.51,45.0204
2025-10-21,P1,49.17,43.66,45.229706
2025-10-22,P1,46.31,46.11,46.53971
2025-10-23,P1,46.21,49.21,44.720657
2025-10-24,P1,51.1,48.52,43.247932
2025-10-25,P1,52.9,48.91,46.849667
2025-10-26,P1,54.58,49.88,48.58325
2025-10-27,P1,47.0,47.26,43.12379
2025-10-28,P1,55.82,46.76,50.90088
2025-10-29,P1,59.26,43.58,54.910255
2025-10-30,P1,59.44,43.75,55.75375
2025-10-31,P1,63.44,45.64,54.49009
2025-11-01,P1,65.75,50.18,58.28624
2025-11-02,P1,68.11,47.5,60.008095
2025-11-03,P1,63.0,46.2,60.872746
2025-11-04,P1,65.94,45.75,57.138126
2025-11-05,P1,69.31,44.08,63.661983
2025-11-06,P1,68.54,42.64,63.305035
2025-11-07,P1,66.41,44.61,61.770687
2025-11-08,P1,67.79,47.26,60.749527
2025-11-09,P1,,,60.749527
2025-11-10,P1,,,63.504227
2025-11-11,P1,,,59.01317
2025-11-12,P1,,,59.11462
2025-11-13,P1,,,58.511883
2025-11-14,P1,,,58.43118
2025-11-15,P1,,,58.561195
2025-08-09,Q1,128.48,48.4,41.369953
2025-08-10,Q1,94.0,49.47,108.70251
2025-08-11,Q1,55.0,105.42,77.12177
2025-08-12,Q1,99.51,55.24,84.91444
2025-08-13,Q1,93.03,120.67,91.56484
2025-08-14,Q1,65.0,56.0,89.00095
2025-08-15,Q1,98.34,88.4,81.63608
2025-08-16,Q1,99.52,82.52,103.64887
2025-08-17,Q1,60.0,55.0,97.11215
2025-08-18,Q1,73.0,45.2,72.192024
2025-08-19,Q1,97.32,95.65,93.5921
2025-08-20,Q1,99.63,121.08,89.44956
2025-08-21,Q1,98.86,55.0,82.39824
2025-08-22,Q1,109.8,53.7,91.80589
2025-08-23,Q1,99.72,80.79,104.11331
2025-08-24,Q1,93.38,101.85,102.030815
2025-08-25,Q1,80.0,87.78,93.98057
2025-08-26,Q1,101.6,68.31,99.17645
2025-08-27,Q1,113.52,89.08,97.105705
2025-08-28,Q1,96.92,82.39,98.73721
2025-08-29,Q1,121.8,96.48,99.09004
2025-08-30,Q1,101.01,97.42,107.11221
2025-08-31,Q1,97.96,115.68,105.079895
2025-09-01,Q1,85.0,109.53,95.58662
2025-09-02,Q1,97.99,112.83,104.413376
2025-09-03,Q1,99.38,100.5,98.958626
2025-09-04,Q1,108.95,92.06,104.36534
2025-09-05,Q1,108.2,102.13,107.22642
2025-09-06,Q1,113.24,107.9,114.28046
2025-09-08,Q1,85.0,101.63,99.800476
2025-09-09,Q1,137.12,104.77,103.01029
2025-09-10,Q1,130.3,87.95,114.98362
2025-09-11,Q1,114.08,96.52,106.16117
2025-09-12,Q1,123.7,89.93,113.248
2025-09-13,Q1,138.27,136.47,108.614655
2025-09-14,Q1,141.52,108.72,120.20963
2025-09-15,Q1,87.0,94.89,90.13151
2025-09-16,Q1,139.61,93.19,118.35944
2025-09-17,Q1,155.68,100.7,115.83591
2025-09-18,Q1,135.86,121.07,114.79546
2025-09-19,Q1,158.86,129.13,127.594574
2025-09-20,Q1,157.88,102.02,121.71431
2025-09-21,Q1,152.56,110.0,121.4037
2025-09-22,Q1,95.0,113.54,88.53478
2025-09-23,Q1,142.28,98.28,120.68889
2025-09-24,Q1,122.32,103.69,122.65911
2025-09-25,Q1,77.5,91.65,105.511955
2025-09-26,Q1,115.62,110.26,119.29166
2025-09-27,Q1,129.81,103.53,117.56145
2025-09-28,Q1,117.64,106.87,105.80971
2025-09-29,Q1,98.0,108.87,90.64817
2025-09-30,Q1,112.66,105.37,104.62526
2025-10-01,Q1,117.68,121.13,108.40382
2025-10-02,Q1,125.9,136.38,105.24919
2025-10-03,Q1,126.52,134.58,104.28284
2025-10-04,Q1,132.83,144.18,101.93194
2025-10-05,Q1,138.29,125.52,106.908745
2025-10-06,Q1,167.8,153.73,91.76589
2025-10-08,Q1,90.0,149.42,112.77717
2025-10-09,Q1,130.19,145.4,119.39032
2025-10-10,Q1,133.1,153.18,118.30732
2025-10-11,Q1,142.29,121.31,117.88305
2025-10-12,Q1,145.62,111.14,112.47568
2025-10-13,Q1,85.0,124.64,90.39831
2025-10-14,Q1,128.94,134.85,121.25414
2025-10-15,Q1,123.02,132.09,119.34534
2025-10-16,Q1,117.82,85.0,110.32953
2025-10-17,Q1,129.31,131.43,116.24523
2025-10-18,Q1,132.1,135.52,111.866516
2025-10-19,Q1,134.1,121.98,115.71807
2025-10-20,Q1,88.0,142.33,84.99471
2025-10-21,Q1,128.7,153.47,120.444534
2025-10-22,Q1,128.32,143.68,119.28691
2025-10-23,Q1,123.86,132.05,110.825645
2025-10-24,Q1,117.3,118.0,118.10125
2025-10-25,Q1,113.88,126.3,115.91778
2025-10-26,Q1,124.09,129.7,102.935814
2025-10-27,Q1,90.0,120.8,88.83004
2025-10-28,Q1,121.74,128.48,101.99731
2025-10-29,Q1,116.0,88.0,105.558014
2025-10-30,Q1,90.0,124.84,91.90115
2025-10-31,Q1,115.08,129.18,101.77163
2025-11-01,Q1,118.05,123.66,102.43913
2025-11-02,Q1,122.92,124.22,100.35997
2025-11-03,Q1,90.0,114.84,92.85152
2025-11-04,Q1,120.59,100.96,100.63835
2025-11-05,Q1,127.17,90.0,105.60576
2025-11-06,Q1,120.01,108.5,93.06464
2025-11-07,Q1,119.05,101.49,100.964745
2025-11-08,Q1,106.18,90.0,101.010956
2025-11-09,Q1,,,101.010956
2025-11-10,Q1,,,108.65694
2025-11-11,Q1,,,97.36424
2025-11-12,Q1,,,109.74202
2025-11-13,Q1,,,106.801025
2025-11-14,Q1,,,106.30325
2025-11-15,Q1,,,110.46368
2025-08-09,S1,52.91,72.0,54.796707
2025-08-10,S1,52.9,64.07,58.813473
2025-08-11,S1,55.0,65.0,60.060783
2025-08-12,S1,54.78,61.85,59.329674
2025-08-13,S1,51.07,61.78,57.239876
2025-08-14,S1,61.38,55.31,59.943798
2025-08-15,S1,51.4,60.7,59.663483
2025-08-16,S1,51.49,62.4,62.221344
2025-08-17,S1,56.27,66.35,61.084377
2025-08-18,S1,63.0,65.36,62.809895
2025-08-19,S1,62.9,64.46,63.86991
2025-08-20,S1,61.06,66.29,61.488407
2025-08-21,S1,61.36,66.27,65.63509
2025-08-22,S1,64.76,67.83,63.45254
2025-08-23,S1,62.69,67.96,63.478085
2025-08-24,S1,64.82,70.0,67.13164
2025-08-25,S1,68.0,70.76,73.72592
2025-08-26,S1,63.35,74.48,61.28615
2025-08-27,S1,65.48,69.18,65.38378
2025-08-28,S1,61.58,75.81,66.634636
2025-08-29,S1,63.11,76.65,67.82017
2025-08-30,S1,66.13,82.35,64.28197
2025-08-31,S1,64.96,77.0,66.40106
2025-09-01,S1,70.0,78.51,77.42154
2025-09-02,S1,65.61,82.24,64.109436
2025-09-03,S1,64.78,78.64,66.25583
2025-09-04,S1,65.09,80.42,69.207954
2025-09-05,S1,64.1,82.14,64.04415
2025-09-06,S1,64.83,77.0,65.08695
2025-09-08,S1,66.0,87.59,75.31913
2025-09-09,S1,65.53,85.36,69.458954
2025-09-10,S1,57.6,82.39,66.862404
2025-09-11,S1,66.82,83.79,68.07046
2025-09-12,S1,70.2,86.03,65.96252
2025-09-13,S1,71.12,86.02,67.54338
2025-09-14,S1,76.62,77.5,70.655685
2025-09-15,S1,65.0,89.22,77.81747
2025-09-16,S1,70.26,90.4,68.25814
2025-09-17,S1,73.34,95.48,66.95546
2025-09-18,S1,72.55,88.76,68.952934
2025-09-19,S1,72.18,91.92,71.52828
2025-09-20,S1,73.77,95.38,70.79996
2025-09-21,S1,86.53,83.0,74.0135
2025-09-22,S1,70.0,89.27,82.4289
2025-09-23,S1,87.12,105.24,76.825836
2025-09-24,S1,86.04,106.14,80.10642
2025-09-25,S1,71.0,99.41,84.15789
2025-09-26,S1,82.59,98.74,84.470085
2025-09-27,S1,76.06,102.76,84.96762
2025-09-28,S1,70.92,103.91,81.350395
2025-09-29,S1,80.0,94.5,82.959015
2025-09-30,S1,89.38,90.0,82.48234
2025-10-01,S1,83.17,99.11,82.22788
2025-10-02,S1,86.61,101.55,83.757126
2025-10-03,S1,90.73,95.48,84.60252
2025-10-04,S1,106.97,90.0,91.84042
2025-10-05,S1,116.34,102.34,96.15186
2025-10-06,S1,105.88,99.7,100.43
2025-10-08,S1,51.75,94.88,94.662
2025-10-09,S1,108.32,92.68,89.90593
2025-10-10,S1,115.0,89.92,97.295166
2025-10-11,S1,97.85,88.25,94.48929
2025-10-12,S1,98.38,95.0,87.62027
2025-10-13,S1,83.0,93.72,92.21211
2025-10-14,S1,108.35,88.35,94.02685
2025-10-15,S1,118.18,87.99,91.00851
2025-10-16,S1,106.84,94.4,98.24518
2025-10-17,S1,116.86,87.23,95.82114
2025-10-18,S1,121.61,87.31,96.23649
2025-10-19,S1,116.71,98.0,95.668365
2025-10-20,S1,90.0,96.35,94.02974
2025-10-21,S1,100.65,90.55,94.99464
2025-10-22,S1,110.82,92.98,93.80346
2025-10-23,S1,92.38,82.77,98.070015
2025-10-24,S1,105.0,83.26,88.5742
2025-10-25,S1,107.3,76.48,89.92164
2025-10-26,S1,96.0,95.0,94.66609
2025-10-27,S1,90.0,80.1,92.66711
2025-10-28,S1,96.45,86.78,93.13352
2025-10-29,S1,89.76,79.41,92.02764
2025-10-30,S1,79.37,82.48,89.401764
2025-10-31,S1,93.93,75.84,91.90328
2025-11-01,S1,93.88,76.92,94.83945
2025-11-02,S1,93.87,95.0,88.61476
2025-11-03,S1,92.0,84.6,92.66221
2025-11-04,S1,79.18,94.29,92.75517
2025-11-05,S1,84.57,109.18,87.60175
2025-11-06,S1,89.79,87.66,85.86579
2025-11-07,S1,89.53,82.05,85.55139
2025-11-08,S1,100.92,85.08,85.17205
2025-11-09,S1,,,85.17205
2025-11-10,S1,,,89.97016
2025-11-11,S1,,,91.0685
2025-11-12,S1,,,90.739746
2025-11-13,S1,,,92.19443
2025-11-14,S1,,,92.420395
2025-11-15,S1,,,91.34245
2025-08-08,T1,15.36,19.29,18.336288
2025-08-09,T1,18.98,23.33,16.966898
2025-08-10,T1,18.08,32.49,17.842894
2025-08-11,T1,20.0,21.77,18.783752
2025-08-12,T1,17.15,27.5,17.802284
2025-08-13,T1,18.75,24.9,18.294975
2025-08-14,T1,17.32,38.0,21.225718
2025-08-15,T1,16.23,21.27,17.756056
2025-08-16,T1,15.02,22.52,18.055037
2025-08-17,T1,16.63,26.62,18.20821
2025-08-18,T1,16.0,27.54,17.761591
2025-08-19,T1,17.67,22.43,17.572252
2025-08-20,T1,16.94,27.78,18.228691
2025-08-21,T1,15.88,26.38,16.867758
2025-08-22,T1,17.93,20.49,16.411219
2025-08-23,T1,15.94,19.09,16.345352
2025-08-24,T1,14.62,20.22,16.910398
2025-08-25,T1,20.0,22.32,16.329512
2025-08-26,T1,16.97,22.76,16.716164
2025-08-27,T1,15.64,33.0,17.446516
2025-08-28,T1,17.87,21.03,17.887821
2025-08-29,T1,17.88,17.82,18.44581
2025-08-30,T1,18.43,19.43,17.152634
2025-08-31,T1,18.72,23.96,17.309412
2025-09-01,T1,20.0,17.14,19.653706
2025-09-02,T1,16.47,17.82,17.666878
2025-09-03,T1,17.35,33.0,17.174757
2025-09-04,T1,15.93,19.61,17.877882
2025-09-05,T1,15.79,20.54,17.52527
2025-09-06,T1,18.55,19.22,17.75079
2025-09-08,T1,15.0,27.05,18.094204
2025-09-09,T1,16.28,23.35,17.110298
2025-09-10,T1,19.46,35.0,14.8883505
2025-09-11,T1,17.7,20.25,17.113712
2025-09-12,T1,17.28,21.3,17.112059
2025-09-13,T1,17.27,24.62,17.832006
2025-09-14,T1,16.2,22.56,18.156769
2025-09-15,T1,18.0,25.85,17.264643
2025-09-16,T1,20.5,20.74,16.723625
2025-09-17,T1,14.35,34.88,18.467186
2025-09-18,T1,15.89,20.04,16.911629
2025-09-19,T1,19.59,16.65,16.04115
2025-09-20,T1,14.2,18.43,17.08274
2025-09-21,T1,14.2,25.1,16.658552
2025-09-23,T1,18.27,18.5,16.717596
2025-09-24,T1,18.99,16.54,17.27809
2025-09-25,T1,21.87,30.0,16.10187
2025-09-26,T1,16.78,17.4,17.158876
2025-09-27,T1,16.18,17.66,16.960632
2025-09-28,T1,16.81,20.08,16.577097
2025-09-29,T1,20.0,16.43,16.884466
2025-09-30,T1,17.85,16.26,17.052786
2025-10-01,T1,19.02,15.6,17.024338
2025-10-02,T1,17.75,16.42,17.884457
2025-10-03,T1,17.34,12.84,17.176497
2025-10-04,T1,18.82,16.0,16.843138
2025-10-05,T1,17.06,14.49,17.466602
2025-10-06,T1,15.4,15.27,17.537086
2025-10-08,T1,24.3,13.72,17.734741
2025-10-09,T1,17.41,13.0,17.948286
2025-10-10,T1,18.24,16.2,17.165886
2025-10-11,T1,18.5,16.59,17.689962
2025-10-12,T1,18.07,15.34,18.09819
2025-10-13,T1,20.0,15.1,18.205477
2025-10-14,T1,16.32,12.74,17.41221
2025-10-15,T1,14.04,14.98,18.224722
2025-10-16,T1,16.21,18.0,16.04179
2025-10-17,T1,18.61,15.9,16.349867
2025-10-18,T1,17.75,15.85,17.384146
2025-10-19,T1,16.96,12.38,17.98067
2025-10-20,T1,18.0,8.5,20.467817
2025-10-21,T1,18.95,15.33,17.430841
2025-10-22,T1,18.85,15.0,19.265154
2025-10-23,T1,19.21,20.0,18.749285
2025-10-24,T1,17.93,15.79,19.666872
2025-10-25,T1,18.5,13.97,19.51508
2025-10-26,T1,17.55,14.6,18.444393
2025-10-27,T1,17.0,15.11,21.597939
2025-10-28,T1,16.58,13.15,19.501402
2025-10-29,T1,17.35,14.55,19.226452
2025-10-30,T1,20.1,16.0,19.568502
2025-10-31,T1,17.31,12.98,18.790007
2025-11-01,T1,19.02,12.18,17.933298
2025-11-02,T1,17.88,14.67,17.050898
2025-11-03,T1,16.0,12.08,19.506418
2025-11-04,T1,16.17,14.7,16.91129
2025-11-05,T1,19.68,13.2,16.382635
2025-11-06,T1,17.13,18.0,17.211609
2025-11-07,T1,18.31,20.44,17.066841
2025-11-08,T1,17.62,16.85,18.307297
2025-11-09,T1,,,18.307297
2025-11-10,T1,,,18.034464
2025-11-11,T1,,,17.679037
2025-11-12,T1,,,17.45428
2025-11-13,T1,,,17.888609
2025-11-14,T1,,,17.541117
2025-11-15,T1,,,18.104176
2025-08-07,V1,29.68,24.49,33.45321
2025-08-08,V1,30.52,23.0,30.91844
2025-08-09,V1,23.89,22.15,32.309723
2025-08-10,V1,24.08,24.18,26.881048
2025-08-12,V1,25.16,19.95,27.06444
2025-08-13,V1,24.07,24.38,26.463802
2025-08-14,V1,22.52,24.2,24.196909
2025-08-15,V1,21.34,24.16,26.596209
2025-08-16,V1,24.32,28.0,26.824867
2025-08-17,V1,19.8,27.18,21.120104
2025-08-18,V1,20.0,25.94,24.165995
2025-08-19,V1,27.86,22.21,24.214735
2025-08-20,V1,28.11,26.5,23.629524
2025-08-21,V1,23.84,22.6,26.563627
2025-08-22,V1,24.59,23.58,27.043184
2025-08-23,V1,25.5,25.03,24.788258
2025-08-24,V1,29.17,24.5,26.31477
2025-08-25,V1,26.0,23.25,25.86192
2025-08-26,V1,26.79,25.21,27.225826
2025-08-27,V1,28.07,23.03,25.29283
2025-08-28,V1,30.02,34.38,27.980968
2025-08-29,V1,23.24,28.0,30.339315
2025-08-30,V1,23.79,27.09,29.571466
2025-08-31,V1,25.2,29.31,25.227505
2025-09-01,V1,23.0,30.84,26.290747
2025-09-02,V1,22.9,28.93,26.025015
2025-09-03,V1,27.31,32.59,26.567028
2025-09-04,V1,22.51,28.54,27.67223
2025-09-05,V1,27.24,28.0,29.630718
2025-09-06,V1,27.13,33.15,29.870329
2025-09-08,V1,20.0,28.16,26.616215
2025-09-09,V1,23.83,31.11,27.272293
2025-09-10,V1,22.22,29.57,24.706102
2025-09-11,V1,24.33,32.79,27.551218
2025-09-12,V1,25.59,26.41,25.815243
2025-09-13,V1,28.15,30.0,28.470251
2025-09-14,V1,28.42,30.0,27.96244
2025-09-15,V1,22.0,27.26,27.528732
2025-09-16,V1,30.88,28.77,27.997564
2025-09-17,V1,29.34,29.27,25.350327
2025-09-18,V1,29.7,27.98,27.539316
2025-09-19,V1,31.7,30.3,28.24758
2025-09-20,V1,33.32,26.0,28.953306
2025-09-21,V1,33.52,31.85,32.594933
2025-09-22,V1,33.0,29.67,30.724163
2025-09-23,V1,33.58,30.68,33.363686
2025-09-24,V1,32.41,29.93,33.001217
2025-09-25,V1,22.67,32.02,28.957832
2025-09-26,V1,29.94,33.98,33.985016
2025-09-27,V1,27.81,27.0,32.703026
2025-09-28,V1,30.44,32.99,32.387066
2025-09-30,V1,27.64,32.58,31.47021
2025-10-01,V1,31.24,31.38,32.082443
2025-10-02,V1,30.32,32.62,29.531584
2025-10-03,V1,30.57,31.59,28.399609
2025-10-04,V1,34.89,38.21,29.427357
2025-10-05,V1,32.5,26.0,33.760784
2025-10-06,V1,27.45,29.6,29.570412
2025-10-08,V1,38.23,31.56,29.446524
2025-10-09,V1,35.22,30.58,35.294003
2025-10-10,V1,33.16,35.56,35.85762
2025-10-11,V1,34.95,26.83,36.393055
2025-10-12,V1,29.92,29.75,35.128445
2025-10-13,V1,30.0,26.0,29.416
2025-10-14,V1,35.96,41.51,30.227835
2025-10-15,V1,41.05,24.56,34.40415
2025-10-16,V1,35.37,23.74,35.74944
2025-10-17,V1,36.03,25.96,36.364098
2025-10-18,V1,39.27,23.99,33.873665
2025-10-19,V1,37.88,22.19,35.908012
2025-10-20,V1,32.0,19.2,33.32379
2025-10-21,V1,33.18,30.38,30.955029
2025-10-22,V1,28.03,29.12,35.917023
2025-10-23,V1,27.05,20.9,32.447746
2025-10-24,V1,30.81,34.62,32.14791
2025-10-25,V1,32.78,34.53,29.432745
2025-10-26,V1,31.5,28.0,29.302858
2025-10-27,V1,27.0,32.03,30.605639
2025-10-28,V1,30.71,33.19,29.270678
2025-10-29,V1,36.64,34.89,24.647219
2025-10-30,V1,29.81,35.68,33.62308
2025-10-31,V1,27.8,38.32,31.509
2025-11-01,V1,35.41,46.64,31.358871
2025-11-02,V1,30.63,35.0,34.883076
2025-11-03,V1,24.0,36.91,28.349092
2025-11-04,V1,30.9,35.78,30.620003
2025-11-05,V1,31.85,36.4,28.294416
2025-11-06,V1,23.8,37.23,30.164938
2025-11-07,V1,36.92,39.85,29.521025
2025-11-08,V1,31.22,35.0,32.733974
2025-11-09,V1,,,32.733974
2025-11-10,V1,,,29.024054
2025-11-11,V1,,,28.531784
2025-11-12,V1,,,29.170877
2025-11-13,V1,,,29.90357
2025-11-14,V1,,,29.931604
2025-11-15,V1,,,30.341253
2025-07-29,W1,45.82,34.58,32.926895
2025-07-30,W1,52.2,42.3,39.92494
2025-07-31,W1,51.92,26.65,49.192635
2025-08-01,W1,46.15,34.75,51.027756
2025-08-02,W1,39.12,62.53,48.54349
2025-08-03,W1,53.29,53.63,41.583996
2025-08-05,W1,46.37,47.45,53.26145
2025-08-06,W1,45.2,46.4,50.742382
2025-08-07,W1,51.85,52.23,48.072117
2025-08-08,W1,48.98,45.32,50.50248
2025-08-09,W1,35.88,61.57,45.453426
2025-08-10,W1,39.36,63.02,39.99104
2025-08-11,W1,56.0,57.6,39.837357
2025-08-12,W1,51.41,55.9,49.39483
2025-08-13,W1,42.86,53.1,50.113804
2025-08-15,W1,44.18,51.71,46.1121
2025-08-16,W1,32.98,56.2,45.020973
2025-08-17,W1,35.93,52.72,41.80913
2025-08-19,W1,45.83,45.4,43.9959
2025-08-20,W1,47.03,44.79,46.34251
2025-08-21,W1,59.1,39.33,46.83402
2025-08-22,W1,49.8,41.24,43.765194
2025-08-23,W1,59.63,40.8,47.247204
2025-08-24,W1,55.88,41.6,52.991856
2025-08-26,W1,58.6,50.0,51.982773
2025-08-27,W1,60.2,32.44,61.269398
2025-08-28,W1,37.58,32.92,60.516144
2025-08-29,W1,55.98,34.08,56.654625
2025-08-30,W1,50.62,39.34,56.37112
2025-08-31,W1,56.28,38.8,51.308754
2025-09-02,W1,55.56,43.48,54.177406
2025-09-03,W1,51.38,49.88,56.236206
2025-09-04,W1,57.18,44.17,53.67096
2025-09-05,W1,56.26,44.45,60.874653
2025-09-06,W1,57.89,38.93,52.239357
2025-09-08,W1,60.0,42.24,57.43862
2025-09-09,W1,56.98,44.17,59.42675
2025-09-10,W1,58.92,50.0,58.08765
2025-09-11,W1,53.05,48.4,59.093266
2025-09-12,W1,52.76,46.08,52.624733
2025-09-13,W1,52.39,55.01,57.324535
2025-09-14,W1,50.39,50.48,51.170353
2025-09-15,W1,55.0,56.68,50.157455
2025-09-16,W1,58.48,53.72,50.83072
2025-09-17,W1,54.32,48.07,56.90488
2025-09-18,W1,59.82,48.78,52.557957
2025-09-19,W1,51.06,53.37,60.14462
2025-09-20,W1,64.75,44.46,54.358376
2025-09-21,W1,44.08,48.32,67.52713
2025-09-23,W1,61.18,36.0,43.5173
2025-09-24,W1,55.31,45.22,63.109756
2025-09-26,W1,54.08,50.93,54.599808
2025-09-27,W1,53.17,54.06,58.482082
2025-09-28,W1,63.74,57.46,56.229233
2025-09-30,W1,59.27,55.36,64.404686
2025-10-01,W1,53.77,56.49,58.736084
2025-10-02,W1,51.71,43.0,52.018528
2025-10-03,W1,54.72,55.03,49.761124
2025-10-04,W1,54.28,56.96,52.917027
2025-10-05,W1,59.12,52.99,54.518734
2025-10-06,W1,41.07,57.49,60.639275
2025-10-09,W1,59.5,61.55,57.430138
2025-10-10,W1,66.19,66.88,61.32435
2025-10-11,W1,54.9,57.0,61.40762
2025-10-12,W1,56.85,66.17,57.382526
2025-10-14,W1,58.81,65.87,56.818962
2025-10-15,W1,56.6,69.81,64.7013
2025-10-16,W1,54.02,61.0,59.15758
2025-10-17,W1,52.88,64.33,55.397682
2025-10-18,W1,46.38,72.57,56.181778
2025-10-19,W1,43.4,67.46,52.956696
2025-10-20,W1,60.0,44.71,45.346386
2025-10-21,W1,55.18,50.0,61.21716
2025-10-22,W1,68.65,57.99,55.16959
2025-10-23,W1,62.51,68.16,58.94239
2025-10-24,W1,62.16,65.53,56.46428
2025-10-25,W1,62.61,60.0,60.208336
2025-10-26,W1,55.32,57.13,62.00357
2025-10-28,W1,59.78,64.17,52.246536
2025-10-29,W1,53.76,67.78,63.63295
2025-10-30,W1,40.35,45.79,55.5752
2025-10-31,W1,51.84,50.4,51.626587
2025-11-01,W1,48.59,49.03,52.12302
2025-11-02,W1,49.92,41.93,52.1852
2025-11-03,W1,36.0,38.15,49.481636
2025-11-04,W1,46.19,36.54,47.501736
2025-11-05,W1,42.31,48.76,48.79537
2025-11-06,W1,42.23,54.55,43.608543
2025-11-07,W1,44.23,40.84,45.73248
2025-11-08,W1,40.69,49.98,43.77899
2025-11-09,W1,,,43.77899
2025-11-10,W1,,,44.259254
2025-11-11,W1,,,40.801937
2025-11-12,W1,,,41.50848
2025-11-13,W1,,,42.65887
2025-11-14,W1,,,42.266743
2025-11-15,W1,,,41.914467
2025-07-25,X69,81.64,81.21,89.88471
2025-07-26,X69,80.92,87.64,87.118675
2025-07-27,X69,79.27,84.33,89.09319
2025-07-29,X69,78.4,83.92,84.52897
2025-07-30,X69,82.59,85.15,85.33991
2025-07-31,X69,75.47,82.12,86.387436
2025-08-01,X69,75.09,80.83,85.93589
2025-08-02,X69,78.77,85.7,85.05558
2025-08-03,X69,72.73,94.42,85.16937
2025-08-05,X69,74.68,79.28,85.53034
2025-08-06,X69,75.19,82.28,84.0693
2025-08-07,X69,75.68,85.07,89.085754
2025-08-08,X69,73.63,86.68,89.12443
2025-08-09,X69,75.03,81.94,87.26934
2025-08-10,X69,77.33,82.25,82.27672
2025-08-12,X69,74.98,81.41,86.3737
2025-08-13,X69,70.7,80.46,83.38572
2025-08-14,X69,89.63,83.49,83.06923
2025-08-15,X69,74.94,82.42,87.69103
2025-08-16,X69,73.52,119.3,86.18845
2025-08-17,X69,73.44,85.17,81.805565
2025-08-19,X69,76.22,79.41,84.81556
2025-08-20,X69,75.51,79.9,85.30594
2025-08-21,X69,76.5,79.55,89.29504
2025-08-22,X69,77.51,80.97,85.286194
2025-08-23,X69,75.08,79.5,83.527794
2025-08-24,X69,75.04,79.39,83.722404
2025-08-26,X69,75.18,79.76,82.806076
2025-08-27,X69,77.54,78.65,84.17667
2025-08-28,X69,76.37,79.9,85.782616
2025-08-29,X69,75.6,80.32,86.01564
2025-08-30,X69,78.15,80.99,83.76893
2025-08-31,X69,78.61,84.57,84.440285
2025-09-02,X69,77.14,80.06,84.714195
2025-09-03,X69,84.0,78.95,83.5977
2025-09-04,X69,76.84,77.95,83.69216
2025-09-05,X69,78.63,78.59,83.8977
2025-09-06,X69,77.98,82.33,82.995766
2025-09-09,X69,83.21,79.77,82.55898
2025-09-10,X69,75.53,81.83,83.08129
2025-09-11,X69,80.64,80.51,82.7592
2025-09-12,X69,79.17,81.5,82.6883
2025-09-13,X69,80.79,79.66,83.69547
2025-09-14,X69,81.06,79.47,82.46691
2025-09-16,X69,75.8,87.19,84.81335
2025-09-17,X69,78.11,78.96,85.16893
2025-09-18,X69,79.66,81.65,84.80452
2025-09-19,X69,77.5,81.21,81.56327
2025-09-20,X69,79.7,82.09,80.7515
2025-09-21,X69,78.5,79.73,81.563416
2025-09-23,X69,75.71,80.63,80.84405
2025-09-24,X69,77.26,77.38,82.19208
2025-09-25,X69,94.6,78.88,85.83073
2025-09-26,X69,81.81,79.22,86.420166
2025-09-27,X69,81.82,78.88,83.53104
2025-09-28,X69,84.83,78.08,81.93021
2025-09-30,X69,88.12,90.68,87.34567
2025-10-01,X69,90.78,89.99,90.94058
2025-10-02,X69,84.75,80.39,93.43728
2025-10-03,X69,82.9,78.17,88.88839
2025-10-04,X69,85.06,76.3,85.026405
2025-10-05,X69,83.3,79.32,106.92187
2025-10-06,X69,82.56,81.69,86.651184
2025-10-08,X69,107.2,80.5,88.835266
2025-10-09,X69,81.36,81.47,91.70048
2025-10-10,X69,85.12,82.42,87.11153
2025-10-11,X69,85.36,78.13,89.607315
2025-10-12,X69,87.06,81.01,87.62747
2025-10-14,X69,96.65,79.06,89.447716
2025-10-15,X69,100.3,85.21,92.24758
2025-10-16,X69,86.85,81.33,90.375854
2025-10-17,X69,90.58,81.09,90.17941
2025-10-18,X69,88.42,81.66,94.92909
2025-10-19,X69,87.3,81.08,101.531715
2025-10-21,X69,99.33,78.98,87.430435
2025-10-22,X69,88.88,83.27,91.59088
2025-10-23,X69,86.19,81.77,92.89271
2025-10-24,X69,89.36,80.8,92.455055
2025-10-25,X69,88.13,111.7,91.83164
2025-10-26,X69,95.78,82.62,95.30891
2025-10-28,X69,91.82,79.03,93.24902
2025-10-29,X69,87.07,80.15,93.79291
2025-10-30,X69,113.45,81.08,93.229774
2025-10-31,X69,79.36,83.74,110.25521
2025-11-01,X69,89.17,85.38,92.50938
2025-11-02,X69,89.29,80.03,92.48407
2025-11-04,X69,103.05,80.06,94.94823
2025-11-05,X69,96.81,87.55,95.528595
2025-11-06,X69,85.63,81.33,93.98487
2025-11-07,X69,99.58,80.96,95.25974
2025-11-08,X69,,,95.25974
2025-11-09,X69,,,102.32354
2025-11-10,X69,,,101.82428
2025-11-11,X69,,,98.16773
2025-11-12,X69,,,96.102875
2025-11-13,X69,,,101.01713
2025-11-14,X69,,,102.224815
2025-08-09,Z4,80.9,141.0,42.727806
2025-08-10,Z4,70.59,180.0,46.859955
2025-08-11,Z4,65.88,115.0,33.160133
2025-08-12,Z4,81.08,39.46,30.331041
2025-08-13,Z4,78.96,75.73,25.657711
2025-08-14,Z4,81.73,50.0,27.97282
2025-08-15,Z4,79.85,86.17,67.0923
2025-08-16,Z4,78.01,105.0,67.377686
2025-08-17,Z4,75.07,112.0,69.72202
2025-08-18,Z4,79.88,40.0,82.6636
2025-08-19,Z4,77.9,50.0,66.415016
2025-08-20,Z4,76.88,55.0,69.52736
2025-08-21,Z4,72.78,65.15,67.173485
2025-08-22,Z4,76.13,25.48,67.69733
2025-08-23,Z4,76.74,53.95,67.94343
2025-08-24,Z4,72.71,55.1,70.49905
2025-08-25,Z4,87.31,72.27,83.5467
2025-08-26,Z4,76.72,100.0,68.939995
2025-08-27,Z4,75.01,71.21,71.146736
2025-08-28,Z4,79.06,70.65,68.99558
2025-08-29,Z4,74.73,61.08,69.29701
2025-08-30,Z4,75.65,76.17,70.639915
2025-08-31,Z4,79.53,67.23,70.00949
2025-09-01,Z4,85.5,67.68,75.30463
2025-09-02,Z4,78.16,78.62,70.966866
2025-09-03,Z4,80.22,71.61,70.50375
2025-09-04,Z4,80.58,67.96,68.976845
2025-09-05,Z4,85.73,66.61,69.43117
2025-09-06,Z4,88.57,61.66,69.980316
2025-09-08,Z4,90.6,69.24,77.86783
2025-09-09,Z4,89.37,67.98,68.193695
2025-09-10,Z4,89.72,82.22,69.501755
2025-09-11,Z4,85.38,69.16,66.48748
2025-09-12,Z4,87.71,65.9,68.623
2025-09-13,Z4,86.42,63.88,65.34551
2025-09-14,Z4,90.17,69.12,65.54958
2025-09-15,Z4,86.59,69.08,72.98316
2025-09-16,Z4,97.1,68.12,67.01316
2025-09-17,Z4,100.58,75.32,65.72299
2025-09-18,Z4,82.4,70.62,68.62396
2025-09-19,Z4,98.61,69.09,63.618107
2025-09-20,Z4,98.26,87.77,66.06809
2025-09-21,Z4,99.35,75.61,65.55505
2025-09-22,Z4,102.3,72.18,72.96212
2025-09-23,Z4,106.53,75.0,65.47004
2025-09-24,Z4,101.42,71.71,65.30568
2025-09-25,Z4,94.62,70.59,68.40404
2025-09-26,Z4,94.77,73.74,65.28823
2025-09-27,Z4,88.92,77.53,66.5872
2025-09-28,Z4,89.28,66.68,66.70249
2025-09-29,Z4,109.44,76.61,75.49685
2025-09-30,Z4,93.08,80.29,68.72972
2025-10-01,Z4,88.16,77.29,67.81091
2025-10-02,Z4,82.55,75.43,66.60837
2025-10-03,Z4,79.99,76.74,64.62663
2025-10-04,Z4,85.9,81.06,62.8668
2025-10-05,Z4,85.29,80.45,65.76652
2025-10-06,Z4,80.75,85.81,74.531906
2025-10-08,Z4,96.11,101.87,68.0874
2025-10-09,Z4,84.14,84.4,67.75126
2025-10-10,Z4,81.73,81.77,68.40627
2025-10-11,Z4,83.17,81.83,68.95423
2025-10-12,Z4,81.19,78.46,66.197136
2025-10-13,Z4,100.44,78.17,76.06932
2025-10-14,Z4,84.81,79.61,68.248634
2025-10-15,Z4,83.0,94.79,65.13218
2025-10-16,Z4,77.09,74.58,68.34651
2025-10-17,Z4,79.85,80.96,69.5793
2025-10-18,Z4,80.28,79.57,69.60305
2025-10-19,Z4,79.34,81.61,66.60903
2025-10-20,Z4,80.82,74.54,72.88803
2025-10-21,Z4,80.26,67.65,67.86509
2025-10-22,Z4,75.19,87.83,68.14725
2025-10-23,Z4,76.87,78.36,69.14155
2025-10-24,Z4,78.55,71.06,69.05707
2025-10-25,Z4,78.79,72.56,67.64247
2025-10-26,Z4,80.41,70.43,70.55121
2025-10-27,Z4,86.66,71.42,72.13537
2025-10-28,Z4,84.4,73.59,67.563675
2025-10-29,Z4,83.53,79.42,70.2951
2025-10-30,Z4,85.02,67.68,71.07229
2025-10-31,Z4,85.62,73.76,70.09021
2025-11-01,Z4,89.39,73.92,70.23304
2025-11-02,Z4,86.82,71.13,67.546165
2025-11-03,Z4,86.76,70.66,72.54896
2025-11-04,Z4,85.76,74.88,68.86609
2025-11-05,Z4,83.15,94.43,69.9457
2025-11-06,Z4,82.62,72.39,69.82045
2025-11-07,Z4,87.34,73.27,68.25216
2025-11-08,Z4,83.72,67.42,65.787544
2025-11-09,Z4,,,65.787544
2025-11-10,Z4,,,66.57617
2025-11-11,Z4,,,74.8098
2025-11-12,Z4,,,63.86061
2025-11-13,Z4,,,66.029686
2025-11-14,Z4,,,64.26649
2025-11-15,Z4,,,63.6446
2025-06-30,R1,55.0,47.65,49.307972
2025-07-01,R1,64.24,54.64,52.79572
2025-07-02,R1,60.11,49.62,58.097622
2025-07-03,R1,60.93,50.59,52.320465
2025-07-04,R1,57.04,51.76,52.853886
2025-07-05,R1,67.91,53.91,51.76252
2025-07-06,R1,70.93,54.62,71.145355
2025-07-07,R1,67.0,53.98,69.04477
2025-07-08,R1,82.1,53.56,69.877846
2025-07-09,R1,73.35,43.34,73.998634
2025-07-10,R1,68.8,52.31,72.88147
2025-07-11,R1,73.04,43.92,72.84999
2025-07-12,R1,70.22,46.97,73.13513
2025-07-13,R1,70.48,43.46,72.476814
2025-07-14,R1,72.0,46.65,67.44929
2025-07-15,R1,66.54,52.01,71.771515
2025-07-16,R1,66.82,54.02,71.43952
2025-07-17,R1,59.35,55.22,70.11436
2025-07-18,R1,66.17,54.15,56.55179
2025-07-19,R1,76.75,30.35,70.40677
2025-07-20,R1,78.44,54.51,73.1969
2025-07-21,R1,70.0,55.48,71.745834
2025-07-22,R1,73.1,60.78,71.70704
2025-07-23,R1,79.95,53.74,71.614365
2025-07-24,R1,82.44,59.88,75.915535
2025-07-25,R1,75.58,49.99,77.029274
2025-07-26,R1,84.59,56.85,76.29201
2025-07-27,R1,76.86,60.08,80.898865
2025-07-29,R1,73.14,56.27,77.335526
2025-07-30,R1,71.63,48.82,73.687355
2025-07-31,R1,69.77,54.95,74.68189
2025-08-01,R1,69.39,56.54,73.88326
2025-08-02,R1,76.6,58.92,72.541176
2025-08-03,R1,76.36,71.3,73.94492
2025-08-05,R1,79.98,69.42,75.02845
2025-08-06,R1,74.81,58.32,74.57054
2025-08-07,R1,81.65,52.86,74.813286
2025-08-08,R1,72.78,61.12,74.51638
2025-08-09,R1,84.18,65.68,73.29854
2025-08-10,R1,78.51,79.9,78.81381
2025-08-12,R1,90.41,57.78,77.60337
2025-08-13,R1,77.54,59.25,80.73506
2025-08-15,R1,81.51,47.28,79.74804
2025-08-16,R1,75.07,66.93,81.29412
2025-08-17,R1,92.43,64.68,79.34202
2025-08-19,R1,92.73,61.48,77.59361
2025-08-20,R1,92.21,68.0,85.00274
2025-08-21,R1,88.9,89.33,82.79585
2025-08-22,R1,102.76,95.3,84.41481
2025-08-23,R1,96.47,74.88,87.18833
2025-08-24,R1,106.29,104.0,89.21532
2025-08-26,R1,97.37,108.05,105.66591
2025-08-27,R1,108.72,104.38,100.446754
2025-08-28,R1,99.36,66.65,98.99706
2025-08-29,R1,124.19,80.05,107.10332
2025-08-30,R1,110.28,112.05,121.03474
2025-08-31,R1,115.42,92.5,117.32753
2025-09-02,R1,112.5,87.52,111.97966
2025-09-03,R1,103.69,126.4,105.99786
2025-09-04,R1,118.2,122.7,98.0756
2025-09-05,R1,126.58,117.05,133.46092
2025-09-06,R1,120.67,220.0,112.891266
2025-09-09,R1,120.13,118.65,131.42474
2025-09-10,R1,119.43,161.2,126.20924
2025-09-11,R1,120.08,60.0,132.13016
2025-09-12,R1,124.83,23.0,113.316765
2025-09-13,R1,172.48,100.0,128.0307
2025-09-14,R1,146.9,150.0,98.13311
2025-09-16,R1,176.12,105.0,123.88585
2025-09-17,R1,156.35,120.0,131.76216
2025-09-18,R1,190.7,150.0,121.846725
2025-09-19,R1,207.02,135.7,120.893616
2025-09-20,R1,214.15,133.3,120.97958
2025-09-21,R1,162.28,145.95,123.78469
2025-09-23,R1,176.95,127.6,115.77514
2025-09-24,R1,155.65,129.1,117.87568
2025-09-26,R1,151.93,121.17,119.47977
2025-09-27,R1,185.52,127.32,120.95009
2025-09-28,R1,154.95,134.18,118.99121
2025-09-30,R1,151.85,103.9,112.45836
2025-10-01,R1,144.85,121.59,115.376884
2025-10-02,R1,140.5,136.66,113.29578
2025-10-03,R1,139.48,125.1,116.36298
2025-10-04,R1,145.7,125.57,119.65577
2025-10-05,R1,142.45,119.51,124.15639
2025-10-06,R1,167.3,113.81,107.8587
2025-10-09,R1,201.45,131.46,108.9938
2025-10-10,R1,285.0,122.4,131.157
2025-10-11,R1,197.65,114.17,111.34104
2025-10-12,R1,272.6,110.42,132.44473
2025-10-13,R1,,,132.44473
2025-10-14,R1,,,114.34225
2025-10-15,R1,,,116.07012
2025-10-16,R1,,,111.27259
2025-10-17,R1,,,111.198685
2025-10-18,R1,,,113.05996
2025-10-19,R1,,,107.07702
2025-07-15,K3,73.97,109.1,32.593685
2025-07-16,K3,77.7,85.0,102.76723
2025-07-17,K3,75.45,60.0,96.21731
2025-07-18,K3,84.74,101.4,81.37505
2025-07-19,K3,84.9,87.8,75.84922
2025-07-20,K3,90.12,62.4,84.89595
2025-07-22,K3,89.87,44.4,90.5805
2025-07-23,K3,85.83,57.5,90.571045
2025-07-24,K3,81.02,60.0,89.22697
2025-07-25,K3,78.54,80.0,84.252335
2025-07-26,K3,82.38,70.0,83.21352
2025-07-27,K3,73.35,74.3,89.411064
2025-07-28,K3,80.0,60.0,78.15548
2025-07-29,K3,83.21,68.3,82.306335
2025-07-30,K3,74.68,55.0,79.769135
2025-07-31,K3,73.96,65.0,77.18064
2025-08-01,K3,74.56,58.9,78.99537
2025-08-02,K3,76.44,45.0,74.690025
2025-08-03,K3,74.27,90.0,75.794075
2025-08-04,K3,68.0,49.0,73.925316
2025-08-05,K3,77.54,80.0,70.51227
2025-08-06,K3,75.48,80.0,68.462204
2025-08-07,K3,70.94,80.0,74.28554
2025-08-08,K3,61.47,79.5,74.13862
2025-08-09,K3,64.56,77.5,62.26308
2025-08-10,K3,62.89,80.0,60.55531
2025-08-11,K3,67.0,80.0,60.54655
2025-08-12,K3,67.28,56.9,65.44917
2025-08-13,K3,57.76,51.45,63.9902
2025-08-14,K3,64.2,55.0,65.48892
2025-08-15,K3,57.01,69.75,63.417225
2025-08-16,K3,54.38,67.5,59.44679
2025-08-17,K3,53.8,50.0,62.400135
2025-08-18,K3,56.0,54.25,59.107056
2025-08-19,K3,51.94,47.5,51.699127
2025-08-20,K3,49.92,55.0,61.11508
2025-08-21,K3,49.99,79.0,52.88658
2025-08-22,K3,47.56,83.65,51.87486
2025-08-23,K3,48.82,87.9,51.618134
2025-08-24,K3,48.84,82.5,53.19112
2025-08-25,K3,40.0,85.9,49.84464
2025-08-26,K3,44.53,75.0,47.90601
2025-08-27,K3,52.27,85.0,45.277275
2025-08-28,K3,45.48,86.37,46.421
2025-08-29,K3,48.76,75.0,49.09642
2025-08-30,K3,50.63,75.0,47.534576
2025-08-31,K3,47.7,82.25,43.675373
2025-09-01,K3,42.0,81.67,45.949356
2025-09-02,K3,48.34,69.55,45.041878
2025-09-03,K3,48.33,100.0,48.312355
2025-09-04,K3,49.18,75.0,43.193573
2025-09-05,K3,50.7,114.3,45.52145
2025-09-06,K3,55.54,85.33,49.814617
2025-09-08,K3,35.0,68.1,48.98531
2025-09-09,K3,59.09,73.85,49.39559
2025-09-10,K3,53.58,88.6,48.74231
2025-09-11,K3,51.14,107.1,51.77261
2025-09-12,K3,52.01,64.9,49.64241
2025-09-13,K3,51.9,70.8,50.42842
2025-09-14,K3,51.31,84.77,51.007362
2025-09-15,K3,36.0,85.37,48.78061
2025-09-16,K3,52.34,86.9,50.485733
2025-09-17,K3,47.34,79.0,49.873753
2025-09-18,K3,50.03,83.7,50.100796
2025-09-19,K3,53.82,82.15,51.726105
2025-09-20,K3,52.9,64.53,51.0862
2025-09-21,K3,61.53,57.05,47.013206
2025-09-22,K3,52.0,68.67,47.910107
2025-09-23,K3,64.3,72.65,46.614155
2025-09-24,K3,66.1,80.86,50.55987
2025-09-25,K3,61.41,78.07,53.99823
2025-09-26,K3,60.38,70.45,62.204216
2025-09-27,K3,60.52,71.5,65.857956
2025-09-28,K3,63.47,60.1,62.00683
2025-09-30,K3,64.26,59.86,62.09634
2025-10-01,K3,60.72,65.6,61.593693
2025-10-02,K3,53.18,63.36,66.15948
2025-10-03,K3,53.5,57.82,64.306404
2025-10-04,K3,48.76,59.91,57.966274
2025-10-05,K3,50.66,66.02,62.544296
2025-10-06,K3,40.58,61.47,61.49234
2025-10-08,K3,32.7,62.14,49.159622
2025-10-09,K3,38.15,66.34,52.651855
2025-10-10,K3,35.1,58.2,45.06226
2025-10-11,K3,34.88,59.45,43.106773
2025-10-12,K3,52.92,60.04,39.670822
2025-10-14,K3,51.2,48.97,44.070892
2025-10-15,K3,41.9,57.64,46.490395
2025-10-16,K3,44.0,56.54,43.49006
2025-10-17,K3,45.52,55.03,41.658726
2025-10-18,K3,,,41.658726
2025-10-19,K3,,,42.484146
2025-10-20,K3,,,43.035778
2025-10-21,K3,,,46.845135
2025-10-22,K3,,,44.125935
2025-10-23,K3,,,41.152546
2025-10-24,K3,,,40.202766
2024-11-05,H1,11.41,22.46,10.523866
2024-11-06,H1,8.25,18.95,11.469209
2024-11-07,H1,6.75,20.6,10.38476
2024-11-08,H1,8.5,20.24,11.049271
2024-11-09,H1,6.0,21.02,15.030805
2024-11-10,H1,5.0,22.1,15.786736
2024-11-12,H1,12.0,23.0,16.548975
2024-11-14,H1,12.0,23.09,14.800674
2024-11-20,H1,11.86,22.5,10.284192
2024-11-22,H1,9.69,22.66,12.207438
2024-11-23,H1,11.0,22.49,11.388933
2024-11-24,H1,10.62,22.69,12.93878
2024-11-26,H1,10.5,25.0,12.000014
2024-12-07,H1,10.0,23.09,13.484064
2024-12-14,H1,8.0,23.04,11.266973
2024-12-15,H1,6.0,21.49,11.247272
2025-03-21,H1,23.4,22.29,8.918463
2025-06-24,H1,15.5,21.6,15.470735
2025-07-22,H1,10.0,21.62,22.197968
2025-08-09,H1,26.8,25.4,17.441292
2025-08-12,H1,24.0,21.95,27.291283
2025-08-13,H1,19.27,20.36,23.7337
2025-08-15,H1,20.92,20.99,22.596859
2025-08-16,H1,30.1,21.88,21.74943
2025-08-17,H1,27.6,20.38,24.548357
2025-08-19,H1,26.01,20.19,26.456482
2025-08-20,H1,27.68,25.0,22.302362
2025-08-21,H1,24.55,18.55,23.421179
2025-08-22,H1,20.87,18.08,23.471525
2025-08-23,H1,24.16,21.01,22.223663
2025-08-24,H1,23.23,18.11,22.499363
2025-08-25,H1,28.0,18.16,29.2516
2025-08-26,H1,22.47,17.78,24.120304
2025-08-27,H1,23.32,18.45,21.22194
2025-08-28,H1,28.9,14.97,23.47518
2025-08-29,H1,24.97,10.0,23.631205
2025-08-30,H1,23.46,12.72,22.81868
2025-08-31,H1,27.38,11.37,25.732244
2025-09-01,H1,28.0,9.38,24.884245
2025-09-02,H1,26.11,10.83,23.606081
2025-09-03,H1,23.39,10.75,23.885803
2025-09-04,H1,21.65,8.45,24.403801
2025-09-05,H1,23.46,9.42,21.94271
2025-09-06,H1,28.57,10.7,23.258268
2025-09-08,H1,28.0,10.7,28.892616
2025-09-09,H1,25.05,10.27,26.252575
2025-09-10,H1,30.04,10.1,25.313795
2025-09-11,H1,25.17,10.25,24.509941
2025-09-12,H1,29.23,11.48,24.62001
2025-09-13,H1,23.46,7.8,24.4031
2025-09-14,H1,23.67,9.75,24.81687
2025-09-15,H1,27.0,10.16,30.462326
2025-09-16,H1,26.43,9.98,24.928434
2025-09-17,H1,26.77,10.0,25.064947
2025-09-18,H1,29.14,10.02,23.353024
2025-09-19,H1,28.18,10.78,23.50077
2025-09-20,H1,26.02,15.15,23.992725
2025-09-21,H1,27.04,12.15,24.509304
2025-09-22,H1,26.0,7.35,25.18465
2025-09-23,H1,28.16,15.8,23.919092
2025-09-24,H1,37.78,8.0,23.87231
2025-09-25,H1,29.81,6.0,24.36209
2025-09-26,H1,26.88,10.7,23.759777
2025-09-27,H1,31.35,9.0,24.913345
2025-09-28,H1,36.23,4.0,24.031553
2025-09-29,H1,32.0,10.0,30.459602
2025-09-30,H1,31.69,9.49,25.548967
2025-10-01,H1,29.86,6.0,24.950293
2025-10-02,H1,29.79,11.1,24.01592
2025-10-03,H1,30.76,8.0,25.096138
2025-10-04,H1,33.93,8.0,24.119146
2025-10-05,H1,23.44,8.0,23.540401
2025-10-06,H1,22.43,10.0,30.385515
2025-10-08,H1,20.87,7.0,23.803707
2025-10-09,H1,23.82,7.0,23.071169
2025-10-10,H1,25.66,6.0,24.21394
2025-10-11,H1,17.16,10.0,25.528738
2025-10-12,H1,21.25,23.75,24.26208
2025-10-13,H1,20.0,19.4,25.38399
2025-10-14,H1,29.62,20.0,21.90936
2025-10-15,H1,41.3,15.5,23.455652
2025-10-16,H1,34.15,19.82,22.620247
2025-10-17,H1,20.8,18.67,23.460983
2025-10-18,H1,18.53,16.78,23.72192
2025-10-19,H1,17.23,16.5,19.107935
2025-10-20,H1,15.0,19.75,19.318151
2025-10-21,H1,17.85,18.42,18.911978
2025-10-22,H1,6.5,17.72,16.565128
2025-10-26,H1,23.05,14.4,15.75359
2025-10-28,H1,20.0,20.86,15.297225
2025-10-29,H1,,,15.297225
2025-10-30,H1,,,8.002981
2025-10-31,H1,,,7.113876
2025-11-01,H1,,,7.792214
2025-11-02,H1,,,10.122396
2025-11-03,H1,,,11.337572
2025-11-04,H1,,,9.766913
2025-06-10,Y1,104.16,146.92,148.61472
2025-06-11,Y1,101.11,140.91,150.33833
2025-06-12,Y1,121.76,159.5,142.6699
2025-06-13,Y1,115.25,136.7,143.17009
2025-06-14,Y1,104.29,151.67,138.78688
2025-06-15,Y1,120.35,142.38,141.65442
2025-06-16,Y1,129.82,124.93,148.5302
2025-06-17,Y1,108.27,128.81,121.02817
2025-06-18,Y1,124.92,140.33,112.980095
2025-06-19,Y1,113.76,137.9,109.90325
2025-06-20,Y1,105.84,81.41,117.582924
2025-06-21,Y1,109.03,128.94,113.367935
2025-06-22,Y1,97.78,127.55,115.05871
2025-06-23,Y1,130.98,132.06,140.6532
2025-06-24,Y1,105.66,109.65,110.415276
2025-06-25,Y1,107.5,121.2,120.022575
2025-06-26,Y1,95.81,110.65,108.426956
2025-06-27,Y1,122.06,117.93,107.78555
2025-06-28,Y1,123.04,92.65,110.91451
2025-06-29,Y1,110.76,114.47,108.14775
2025-06-30,Y1,150.0,108.82,133.47574
2025-07-01,Y1,123.5,117.65,116.70965
2025-07-02,Y1,104.39,117.0,115.18193
2025-07-03,Y1,118.65,114.92,114.24054
2025-07-04,Y1,125.84,126.24,121.2064
2025-07-05,Y1,119.73,147.08,119.935844
2025-07-06,Y1,122.22,142.51,115.00041
2025-07-07,Y1,135.0,141.84,132.22928
2025-07-08,Y1,130.34,112.3,130.15895
2025-07-09,Y1,125.96,200.0,120.12009
2025-07-10,Y1,133.41,148.3,125.432335
2025-07-11,Y1,121.9,137.03,119.28049
2025-07-12,Y1,129.22,140.61,114.03244
2025-07-13,Y1,126.09,145.92,119.700165
2025-07-14,Y1,113.0,147.12,136.31477
2025-07-15,Y1,115.68,152.02,126.444405
2025-07-16,Y1,100.77,136.4,125.59731
2025-07-17,Y1,124.06,136.92,126.67136
2025-07-18,Y1,108.89,145.67,117.606674
2025-07-19,Y1,112.87,146.41,120.24944
2025-07-20,Y1,105.91,148.28,120.82056
2025-07-21,Y1,145.0,140.28,124.22094
2025-07-22,Y1,121.94,126.63,109.85275
2025-07-23,Y1,109.73,125.06,120.808266
2025-07-24,Y1,97.13,121.62,126.74174
2025-07-25,Y1,80.19,122.41,110.20725
2025-07-26,Y1,77.22,125.07,107.26574
2025-07-27,Y1,76.16,120.76,101.59329
2025-07-28,Y1,97.0,117.15,142.75772
2025-07-29,Y1,72.61,108.32,101.84189
2025-07-30,Y1,79.97,102.07,112.79264
2025-07-31,Y1,75.2,164.4,99.123055
2025-08-01,Y1,72.54,110.83,118.78416
2025-08-02,Y1,79.97,111.52,122.79727
2025-08-03,Y1,70.3,108.88,125.1998
2025-08-04,Y1,102.73,102.51,121.865555
2025-08-05,Y1,75.87,105.96,119.39199
2025-08-06,Y1,78.53,111.68,126.94022
2025-08-07,Y1,69.58,105.28,122.80871
2025-08-08,Y1,75.45,106.8,124.22145
2025-08-09,Y1,81.92,105.64,117.71015
2025-08-10,Y1,79.36,112.95,113.964745
2025-08-11,Y1,75.0,112.0,120.70412
2025-08-12,Y1,73.51,100.8,119.07685
2025-08-13,Y1,72.64,90.25,128.53697
2025-08-14,Y1,107.81,102.86,133.82338
2025-08-15,Y1,82.21,100.42,125.38968
2025-08-16,Y1,74.33,79.25,131.1648
2025-08-17,Y1,72.34,86.43,122.79437
2025-08-19,Y1,81.04,94.46,118.01514
2025-08-20,Y1,94.3,94.69,122.35135
2025-08-21,Y1,77.04,89.18,121.17948
2025-08-22,Y1,79.66,88.3,109.32858
2025-08-23,Y1,90.77,83.67,126.47959
2025-08-24,Y1,65.67,84.25,128.8094
2025-08-26,Y1,70.23,89.0,126.93126
2025-08-27,Y1,88.62,114.26,123.7114
2025-08-28,Y1,64.94,103.17,97.838066
2025-08-29,Y1,79.97,100.78,121.20006
2025-08-30,Y1,80.96,92.6,124.45474
2025-08-31,Y1,47.18,90.1,101.95883
2025-09-02,Y1,60.16,93.83,121.106
2025-09-03,Y1,80.35,90.51,119.10028
2025-09-04,Y1,74.8,110.8,96.84201
2025-09-05,Y1,61.0,94.44,118.98532
2025-09-06,Y1,64.95,98.71,122.23982
2025-09-08,Y1,253.52,101.86,144.06764
2025-09-09,Y1,42.42,124.84,129.72244
2025-09-10,Y1,78.15,98.22,132.47072
2025-09-12,Y1,77.78,125.09,115.87143
2025-09-13,Y1,,,115.87143
2025-09-14,Y1,,,125.287926
2025-09-15,Y1,,,132.418
2025-09-16,Y1,,,139.79163
2025-09-17,Y1,,,137.61795
2025-09-18,Y1,,,140.06232
2025-09-19,Y1,,,128.91759
2025-08-09,O10,67.64,82.78,107.158516
2025-08-10,O10,63.29,90.75,107.55912
2025-08-11,O10,91.68,88.6,102.417206
2025-08-12,O10,60.16,86.52,99.05144
2025-08-13,O10,61.19,89.98,100.786835
2025-08-14,O10,71.56,72.99,76.95454
2025-08-15,O10,60.28,80.5,84.18609
2025-08-16,O10,61.84,67.15,69.116295
2025-08-17,O10,59.65,84.29,67.774124
2025-08-18,O10,90.67,86.09,69.829666
2025-08-19,O10,60.22,82.96,74.35289
2025-08-20,O10,58.47,90.51,68.87314
2025-08-21,O10,58.73,95.44,74.01054
2025-08-22,O10,63.85,93.36,66.10861
2025-08-23,O10,58.29,77.12,66.103165
2025-08-24,O10,60.63,68.71,66.6314
2025-08-25,O10,76.22,51.85,68.83948
2025-08-26,O10,62.15,79.7,69.708336
2025-08-27,O10,59.63,101.28,69.003235
2025-08-28,O10,58.14,80.9,71.776825
2025-08-29,O10,62.93,84.03,67.60712
2025-08-30,O10,63.49,91.19,65.78775
2025-08-31,O10,65.98,95.55,65.97129
2025-09-01,O10,80.18,81.64,78.08247
2025-09-02,O10,67.61,92.3,67.49448
2025-09-03,O10,66.74,98.63,67.07893
2025-09-04,O10,69.21,48.73,66.64145
2025-09-05,O10,67.09,89.83,67.12091
2025-09-06,O10,62.38,81.54,66.38228
2025-09-08,O10,91.7,92.8,79.14724
2025-09-09,O10,76.93,73.12,83.61326
2025-09-10,O10,79.06,63.72,69.23855
2025-09-11,O10,79.3,74.03,87.19271
2025-09-12,O10,78.01,71.53,85.41992
2025-09-13,O10,72.41,68.08,70.12589
2025-09-14,O10,80.91,76.1,68.9535
2025-09-15,O10,85.45,75.23,89.887634
2025-09-16,O10,81.86,86.75,80.42143
2025-09-17,O10,81.76,86.63,81.09363
2025-09-18,O10,83.11,63.9,83.38222
2025-09-19,O10,81.57,54.0,82.31398
2025-09-20,O10,86.09,54.0,78.827126
2025-09-21,O10,79.56,61.5,83.725555
2025-09-22,O10,95.84,67.08,92.6022
2025-09-23,O10,78.75,53.1,79.26883
2025-09-24,O10,74.24,63.33,77.63175
2025-09-25,O10,82.72,61.3,79.68709
2025-09-26,O10,76.79,35.0,83.17825
2025-09-27,O10,72.91,69.4,76.25843
2025-09-28,O10,76.34,78.1,78.09004
2025-09-29,O10,86.46,91.9,90.70168
2025-09-30,O10,81.13,89.4,78.62032
2025-10-01,O10,78.79,88.05,83.63766
2025-10-02,O10,76.12,94.4,77.38848
2025-10-03,O10,75.04,90.1,77.58728
2025-10-04,O10,78.1,84.4,75.24507
2025-10-05,O10,80.23,85.9,76.33563
2025-10-06,O10,71.72,57.1,92.87928
2025-10-08,O10,82.42,67.5,78.19482
2025-10-09,O10,68.43,90.0,82.236534
2025-10-10,O10,69.41,100.0,75.598404
2025-10-11,O10,71.82,97.65,74.830826
2025-10-12,O10,64.64,88.2,72.90553
2025-10-13,O10,83.6,95.0,86.01728
2025-10-14,O10,65.45,80.0,73.08487
2025-10-15,O10,64.4,104.6,74.10082
2025-10-16,O10,63.31,92.22,72.147705
2025-10-17,O10,64.07,98.8,69.8633
2025-10-18,O10,63.12,100.0,67.34032
2025-10-19,O10,65.54,74.3,66.231964
2025-10-20,O10,79.03,113.5,80.38654
2025-10-21,O10,65.29,49.2,67.47788
2025-10-22,O10,56.06,50.0,66.10471
2025-10-23,O10,58.16,46.9,69.239
2025-10-24,O10,67.24,47.4,65.734795
2025-10-25,O10,66.42,88.0,65.60103
2025-10-26,O10,68.5,50.0,65.60566
2025-10-27,O10,82.14,80.0,79.23336
2025-10-28,O10,68.85,69.8,68.83354
2025-10-29,O10,68.92,70.95,68.622345
2025-10-30,O10,69.68,78.4,69.33032
2025-10-31,O10,68.08,50.0,69.004555
2025-11-01,O10,64.33,74.4,67.54996
2025-11-02,O10,68.98,77.7,67.54318
2025-11-03,O10,68.0,100.0,81.30346
2025-11-04,O10,67.98,97.27,72.28262
2025-11-05,O10,59.22,68.6,69.20305
2025-11-06,O10,68.33,76.8,68.37798
2025-11-07,O10,69.75,87.45,68.36239
2025-11-08,O10,70.75,82.02,64.7009
2025-11-09,O10,,,64.7009
2025-11-10,O10,,,69.09697
2025-11-11,O10,,,80.077156
2025-11-12,O10,,,71.544914
2025-11-13,O10,,,71.07133
2025-11-14,O10,,,71.06974
2025-11-15,O10,,,69.946304
